model_id,precision,runtime,Torch Accuracy,Sim Accuracy,Device Accuracy,PSNR_0,PSNR_1,PSNR_2,PSNR_3,PSNR_4,PSNR_5,PSNR_6,PSNR_7,PSNR_8,PSNR_9,date,branch,chipset,dataset_name,dataset_link,split_description,metric_name,metric_unit,metric_description,metric_min,metric_max,metric_threshold,metric_higher_is_better,num_samples
amt_torchscript,float,tflite,,,,107.0,,,,,,,,,,2026-06-14,main,qualcomm-snapdragon-8-elite-for-galaxy,,,,,,,,,,True,
amt_torchscript,float,qnn_dlc,,,,40.7,,,,,,,,,,2026-06-14,main,qualcomm-snapdragon-8-elite-for-galaxy,,,,,,,,,,True,
cdcn_torchscript,float,tflite,,,,62.82,,,,,,,,,,2026-06-14,main,qualcomm-snapdragon-8-elite-for-galaxy,,,,,,,,,,True,
cdcn_torchscript,float,qnn_dlc,,,,62.82,,,,,,,,,,2026-06-14,main,qualcomm-snapdragon-8-elite-for-galaxy,,,,,,,,,,True,
cdcn_torchscript,float,qnn_dlc_via_qnn_ep,,,,62.82,,,,,,,,,,2026-06-14,main,qualcomm-snapdragon-8-elite-for-galaxy,,,,,,,,,,True,
cdcn_torchscript,float,onnx,,,,62.79,,,,,,,,,,2026-06-14,main,qualcomm-snapdragon-8-elite-for-galaxy,,,,,,,,,,True,
doc_enhancement_inpaint_torchscript,float,tflite,,,,12.5,,,,,,,,,,2026-06-14,main,qualcomm-snapdragon-8-elite-for-galaxy,,,,,,,,,,True,
doc_enhancement_inpaint_torchscript,float,qnn_dlc,,,,37.98,,,,,,,,,,2026-06-14,main,qualcomm-snapdragon-8-elite-for-galaxy,,,,,,,,,,True,
doc_enhancement_inpaint_torchscript,float,qnn_dlc_via_qnn_ep,,,,37.98,,,,,,,,,,2026-06-14,main,qualcomm-snapdragon-8-elite-for-galaxy,,,,,,,,,,True,
doc_enhancement_inpaint_torchscript,float,onnx,,,,37.98,,,,,,,,,,2026-06-14,main,qualcomm-snapdragon-8-elite-for-galaxy,,,,,,,,,,True,
doc_enhancement_object_removal_torchscript,float,tflite,,,,-17.87,,,,,,,,,,2026-06-14,main,qualcomm-snapdragon-8-elite-for-galaxy,,,,,,,,,,True,
doc_enhancement_object_removal_torchscript,float,qnn_dlc,,,,-17.87,,,,,,,,,,2026-06-14,main,qualcomm-snapdragon-8-elite-for-galaxy,,,,,,,,,,True,
doc_enhancement_object_removal_torchscript,float,qnn_dlc_via_qnn_ep,,,,-17.87,,,,,,,,,,2026-06-14,main,qualcomm-snapdragon-8-elite-for-galaxy,,,,,,,,,,True,
doc_enhancement_object_removal_torchscript,float,onnx,,,,-17.87,,,,,,,,,,2026-06-14,main,qualcomm-snapdragon-8-elite-for-galaxy,,,,,,,,,,True,
efficientformer_l1_onnx,float,tflite,,,,30.29,,,,,,,,,,2026-06-14,main,qualcomm-snapdragon-8-elite-for-galaxy,,,,,,,,,,True,
efficientformer_l1_onnx,float,qnn_dlc,,,,30.28,,,,,,,,,,2026-06-14,main,qualcomm-snapdragon-8-elite-for-galaxy,,,,,,,,,,True,
efficientformer_l1_onnx,float,qnn_dlc_via_qnn_ep,,,,30.38,,,,,,,,,,2026-06-14,main,qualcomm-snapdragon-8-elite-for-galaxy,,,,,,,,,,True,
efficientformer_l1_onnx,float,onnx,,,,30.38,,,,,,,,,,2026-06-14,main,qualcomm-snapdragon-8-elite-for-galaxy,,,,,,,,,,True,
efficientformer_onnx,float,tflite,,,,30.29,,,,,,,,,,2026-06-14,main,qualcomm-snapdragon-8-elite-for-galaxy,,,,,,,,,,True,
efficientformer_onnx,float,qnn_dlc,,,,30.28,,,,,,,,,,2026-06-14,main,qualcomm-snapdragon-8-elite-for-galaxy,,,,,,,,,,True,
efficientformer_onnx,float,qnn_dlc_via_qnn_ep,,,,30.38,,,,,,,,,,2026-06-14,main,qualcomm-snapdragon-8-elite-for-galaxy,,,,,,,,,,True,
efficientformer_onnx,float,onnx,,,,30.38,,,,,,,,,,2026-06-14,main,qualcomm-snapdragon-8-elite-for-galaxy,,,,,,,,,,True,
image_enhancement_cig_h_redrawing_torchscript,float,tflite,,,,22.79,,,,,,,,,,2026-06-14,main,qualcomm-snapdragon-8-elite-for-galaxy,,,,,,,,,,True,
image_enhancement_cig_h_redrawing_torchscript,float,qnn_dlc,,,,22.79,,,,,,,,,,2026-06-14,main,qualcomm-snapdragon-8-elite-for-galaxy,,,,,,,,,,True,
image_enhancement_cig_h_redrawing_torchscript,float,qnn_dlc_via_qnn_ep,,,,22.79,,,,,,,,,,2026-06-14,main,qualcomm-snapdragon-8-elite-for-galaxy,,,,,,,,,,True,
image_enhancement_cig_h_redrawing_torchscript,float,onnx,,,,16.14,,,,,,,,,,2026-06-14,main,qualcomm-snapdragon-8-elite-for-galaxy,,,,,,,,,,True,
image_enhancement_cig_i_redrawing_torchscript,float,tflite,,,,69.35,,,,,,,,,,2026-06-14,main,qualcomm-snapdragon-8-elite-for-galaxy,,,,,,,,,,True,
image_enhancement_cig_i_redrawing_torchscript,float,qnn_dlc,,,,69.35,,,,,,,,,,2026-06-14,main,qualcomm-snapdragon-8-elite-for-galaxy,,,,,,,,,,True,
image_enhancement_cig_i_redrawing_torchscript,float,qnn_dlc_via_qnn_ep,,,,69.6,,,,,,,,,,2026-06-14,main,qualcomm-snapdragon-8-elite-for-galaxy,,,,,,,,,,True,
image_enhancement_cig_i_redrawing_torchscript,float,onnx,,,,69.6,,,,,,,,,,2026-06-14,main,qualcomm-snapdragon-8-elite-for-galaxy,,,,,,,,,,True,
intern_image,float,qnn_dlc,,,,37.07,,,,,,,,,,2026-06-14,main,qualcomm-snapdragon-8-elite-for-galaxy,,,,,,,,,,True,
nanotrackv3template_torchscript,float,tflite,,,,49.18,,,,,,,,,,2026-06-14,main,qualcomm-snapdragon-8-elite-for-galaxy,,,,,,,,,,True,
nanotrackv3template_torchscript,float,qnn_dlc,,,,50.06,,,,,,,,,,2026-06-14,main,qualcomm-snapdragon-8-elite-for-galaxy,,,,,,,,,,True,
nanotrackv3template_torchscript,float,qnn_dlc_via_qnn_ep,,,,50.06,,,,,,,,,,2026-06-14,main,qualcomm-snapdragon-8-elite-for-galaxy,,,,,,,,,,True,
nanotrackv3template_torchscript,float,onnx,,,,50.06,,,,,,,,,,2026-06-14,main,qualcomm-snapdragon-8-elite-for-galaxy,,,,,,,,,,True,
photo_remaster_aideblur_fpn_torchscript,float,tflite,,,,62.43,66.2,70.56,,,,,,,,2026-06-14,main,qualcomm-snapdragon-8-elite-for-galaxy,,,,,,,,,,True,
photo_remaster_aideblur_fpn_torchscript,float,qnn_dlc,,,,62.43,66.2,70.56,,,,,,,,2026-06-14,main,qualcomm-snapdragon-8-elite-for-galaxy,,,,,,,,,,True,
photo_remaster_aideblur_v140_torchscript,float,tflite,,,,62.2,,,,,,,,,,2026-06-14,main,qualcomm-snapdragon-8-elite-for-galaxy,,,,,,,,,,True,
photo_remaster_aideblur_v140_torchscript,float,qnn_dlc,,,,62.2,,,,,,,,,,2026-06-14,main,qualcomm-snapdragon-8-elite-for-galaxy,,,,,,,,,,True,
photo_remaster_aideblur_v140_torchscript,float,qnn_dlc_via_qnn_ep,,,,62.2,,,,,,,,,,2026-06-14,main,qualcomm-snapdragon-8-elite-for-galaxy,,,,,,,,,,True,
photo_remaster_aideblur_v140_torchscript,float,onnx,,,,62.2,,,,,,,,,,2026-06-14,main,qualcomm-snapdragon-8-elite-for-galaxy,,,,,,,,,,True,
tcchunkdetection_torchscript,float,tflite,,,,76.34,,,,,,,,,,2026-06-14,main,qualcomm-snapdragon-8-elite-for-galaxy,,,,,,,,,,True,
tcchunkdetection_torchscript,float,qnn_dlc,,,,76.34,,,,,,,,,,2026-06-14,main,qualcomm-snapdragon-8-elite-for-galaxy,,,,,,,,,,True,
tcchunkdetection_torchscript,float,qnn_dlc_via_qnn_ep,,,,76.34,,,,,,,,,,2026-06-14,main,qualcomm-snapdragon-8-elite-for-galaxy,,,,,,,,,,True,
tcchunkdetection_torchscript,float,onnx,,,,76.34,,,,,,,,,,2026-06-14,main,qualcomm-snapdragon-8-elite-for-galaxy,,,,,,,,,,True,
tcdcvcdmc_360p_torchscript,float,qnn_dlc,,,,24.68,,,,,,,,,,2026-06-14,main,qualcomm-snapdragon-8-elite-for-galaxy,,,,,,,,,,True,
tcdcvcdmc_360p_torchscript,float,qnn_dlc_via_qnn_ep,,,,24.68,,,,,,,,,,2026-06-14,main,qualcomm-snapdragon-8-elite-for-galaxy,,,,,,,,,,True,
tcdcvcdmc_360p_torchscript,float,onnx,,,,24.68,,,,,,,,,,2026-06-14,main,qualcomm-snapdragon-8-elite-for-galaxy,,,,,,,,,,True,
tcdcvcintranoar_360p_torchscript,float,tflite,,,,38.39,,,,,,,,,,2026-06-14,main,qualcomm-snapdragon-8-elite-for-galaxy,,,,,,,,,,True,
tcdcvcintranoar_360p_torchscript,float,qnn_dlc_via_qnn_ep,,,,38.39,,,,,,,,,,2026-06-14,main,qualcomm-snapdragon-8-elite-for-galaxy,,,,,,,,,,True,
tcdcvcintranoar_360p_torchscript,float,onnx,,,,38.7,,,,,,,,,,2026-06-14,main,qualcomm-snapdragon-8-elite-for-galaxy,,,,,,,,,,True,
tcfacemodel_torchscript,float,tflite,,,,76.94,,,,,,,,,,2026-06-14,main,qualcomm-snapdragon-8-elite-for-galaxy,,,,,,,,,,True,
tcfacemodel_torchscript,float,qnn_dlc,,,,76.94,,,,,,,,,,2026-06-14,main,qualcomm-snapdragon-8-elite-for-galaxy,,,,,,,,,,True,
tcfacemodel_torchscript,float,qnn_dlc_via_qnn_ep,,,,76.94,,,,,,,,,,2026-06-14,main,qualcomm-snapdragon-8-elite-for-galaxy,,,,,,,,,,True,
tcfacemodel_torchscript,float,onnx,,,,76.85,,,,,,,,,,2026-06-14,main,qualcomm-snapdragon-8-elite-for-galaxy,,,,,,,,,,True,
tcgandecoder_torchscript,float,tflite,,,,43.43,,,,,,,,,,2026-06-14,main,qualcomm-snapdragon-8-elite-for-galaxy,,,,,,,,,,True,
tcgandecoder_torchscript,float,qnn_dlc,,,,43.44,,,,,,,,,,2026-06-14,main,qualcomm-snapdragon-8-elite-for-galaxy,,,,,,,,,,True,
tcgandecoder_torchscript,float,qnn_dlc_via_qnn_ep,,,,43.44,,,,,,,,,,2026-06-14,main,qualcomm-snapdragon-8-elite-for-galaxy,,,,,,,,,,True,
tcgandecoder_torchscript,float,onnx,,,,43.44,,,,,,,,,,2026-06-14,main,qualcomm-snapdragon-8-elite-for-galaxy,,,,,,,,,,True,
tcganencoder_torchscript,float,tflite,,,,,,,,,,,,,,2026-06-14,main,qualcomm-snapdragon-8-elite-for-galaxy,,,,,,,,,,True,
tcganencoder_torchscript,float,qnn_dlc,,,,,,,,,,,,,,2026-06-14,main,qualcomm-snapdragon-8-elite-for-galaxy,,,,,,,,,,True,
tcimagesegmentationrtmi_torchscript,float,tflite,,,,46.52,,,,,,,,,,2026-06-14,main,qualcomm-snapdragon-8-elite-for-galaxy,,,,,,,,,,True,
tcimagesegmentationrtmi_torchscript,float,qnn_dlc,,,,46.52,,,,,,,,,,2026-06-14,main,qualcomm-snapdragon-8-elite-for-galaxy,,,,,,,,,,True,
tcimagesegmentationrtmi_torchscript,float,qnn_dlc_via_qnn_ep,,,,46.52,,,,,,,,,,2026-06-14,main,qualcomm-snapdragon-8-elite-for-galaxy,,,,,,,,,,True,
tcimagesegmentationrtmi_torchscript,float,onnx,,,,46.52,,,,,,,,,,2026-06-14,main,qualcomm-snapdragon-8-elite-for-galaxy,,,,,,,,,,True,
tcmaskclassifier_torchscript,float,tflite,,,,51.44,,,,,,,,,,2026-06-14,main,qualcomm-snapdragon-8-elite-for-galaxy,,,,,,,,,,True,
tcmaskclassifier_torchscript,float,qnn_dlc,,,,51.44,,,,,,,,,,2026-06-14,main,qualcomm-snapdragon-8-elite-for-galaxy,,,,,,,,,,True,
tcmaskclassifier_torchscript,float,qnn_dlc_via_qnn_ep,,,,51.44,,,,,,,,,,2026-06-14,main,qualcomm-snapdragon-8-elite-for-galaxy,,,,,,,,,,True,
tcmaskclassifier_torchscript,float,onnx,,,,51.44,,,,,,,,,,2026-06-14,main,qualcomm-snapdragon-8-elite-for-galaxy,,,,,,,,,,True,
tcmultihead_torchscript,float,tflite,,,,72.06,66.44,52.32,48.54,54.41,35.42,34.1,17.18,16.28,60.02,2026-06-14,main,qualcomm-snapdragon-8-elite-for-galaxy,,,,,,,,,,True,
tcpersonsegmentation_torchscript,float,tflite,,,,72.55,,,,,,,,,,2026-06-14,main,qualcomm-snapdragon-8-elite-for-galaxy,,,,,,,,,,True,
tcpersonsegmentation_torchscript,float,qnn_dlc,,,,72.55,,,,,,,,,,2026-06-14,main,qualcomm-snapdragon-8-elite-for-galaxy,,,,,,,,,,True,
tcpersonsegmentation_torchscript,float,qnn_dlc_via_qnn_ep,,,,72.55,,,,,,,,,,2026-06-14,main,qualcomm-snapdragon-8-elite-for-galaxy,,,,,,,,,,True,
tcpersonsegmentation_torchscript,float,onnx,,,,72.55,,,,,,,,,,2026-06-14,main,qualcomm-snapdragon-8-elite-for-galaxy,,,,,,,,,,True,
tcswifty_torchscript,float,tflite,,,,77.84,80.61,82.63,80.48,86.69,,,,,,2026-06-14,main,qualcomm-snapdragon-8-elite-for-galaxy,,,,,,,,,,True,
tcswifty_torchscript,float,qnn_dlc,,,,77.84,80.61,82.63,80.48,86.69,,,,,,2026-06-14,main,qualcomm-snapdragon-8-elite-for-galaxy,,,,,,,,,,True,
tctc2convnet_torchscript,float,tflite,,,,86.91,,,,,,,,,,2026-06-14,main,qualcomm-snapdragon-8-elite-for-galaxy,,,,,,,,,,True,
tctc2convnet_torchscript,float,qnn_dlc,,,,86.1,,,,,,,,,,2026-06-14,main,qualcomm-snapdragon-8-elite-for-galaxy,,,,,,,,,,True,
tctc2convnet_torchscript,float,qnn_dlc_via_qnn_ep,,,,86.1,,,,,,,,,,2026-06-14,main,qualcomm-snapdragon-8-elite-for-galaxy,,,,,,,,,,True,
tctc2convnet_torchscript,float,onnx,,,,86.1,,,,,,,,,,2026-06-14,main,qualcomm-snapdragon-8-elite-for-galaxy,,,,,,,,,,True,
tctc2decoderstep_torchscript,float,tflite,,,,73.66,72.32,74.63,73.75,58.35,76.6,71.98,71.25,100.0,,2026-06-14,main,qualcomm-snapdragon-8-elite-for-galaxy,,,,,,,,,,True,
tctc2encoderstep_torchscript,float,tflite,,,,72.56,72.32,72.4,73.37,73.04,72.9,,,,,2026-06-14,main,qualcomm-snapdragon-8-elite-for-galaxy,,,,,,,,,,True,
tctc2encoderstep_torchscript,float,qnn_dlc,,,,12.37,7.359,8.47,24.68,2.168,24.8,,,,,2026-06-14,main,qualcomm-snapdragon-8-elite-for-galaxy,,,,,,,,,,True,
tctc2encoderstep_torchscript,float,qnn_dlc_via_qnn_ep,,,,7.113,3.963,8.47,6.478,2.318,8.522,,,,,2026-06-14,main,qualcomm-snapdragon-8-elite-for-galaxy,,,,,,,,,,True,
tctc2encoderstep_torchscript,float,onnx,,,,72.56,72.32,72.4,73.37,73.04,72.9,,,,,2026-06-14,main,qualcomm-snapdragon-8-elite-for-galaxy,,,,,,,,,,True,
tctc2memorylayer_torchscript,float,tflite,,,,82.59,,,,,,,,,,2026-06-14,main,qualcomm-snapdragon-8-elite-for-galaxy,,,,,,,,,,True,
tctc2memorylayer_torchscript,float,qnn_dlc,,,,82.59,,,,,,,,,,2026-06-14,main,qualcomm-snapdragon-8-elite-for-galaxy,,,,,,,,,,True,
tctc2memorylayer_torchscript,float,qnn_dlc_via_qnn_ep,,,,82.59,,,,,,,,,,2026-06-14,main,qualcomm-snapdragon-8-elite-for-galaxy,,,,,,,,,,True,
tctc2memorylayer_torchscript,float,onnx,,,,82.59,,,,,,,,,,2026-06-14,main,qualcomm-snapdragon-8-elite-for-galaxy,,,,,,,,,,True,
tctc2postnet_torchscript,float,tflite,,,,65.64,,,,,,,,,,2026-06-14,main,qualcomm-snapdragon-8-elite-for-galaxy,,,,,,,,,,True,
tctc2postnet_torchscript,float,qnn_dlc,,,,75.69,,,,,,,,,,2026-06-14,main,qualcomm-snapdragon-8-elite-for-galaxy,,,,,,,,,,True,
tctc2postnet_torchscript,float,qnn_dlc_via_qnn_ep,,,,75.69,,,,,,,,,,2026-06-14,main,qualcomm-snapdragon-8-elite-for-galaxy,,,,,,,,,,True,
tctc2postnet_torchscript,float,onnx,,,,75.69,,,,,,,,,,2026-06-14,main,qualcomm-snapdragon-8-elite-for-galaxy,,,,,,,,,,True,
tctfv5_torchscript,float,tflite,,,,59.42,,,,,,,,,,2026-06-14,main,qualcomm-snapdragon-8-elite-for-galaxy,,,,,,,,,,True,
tctfv5_torchscript,float,qnn_dlc,,,,59.31,,,,,,,,,,2026-06-14,main,qualcomm-snapdragon-8-elite-for-galaxy,,,,,,,,,,True,
tctfv5_torchscript,float,qnn_dlc_via_qnn_ep,,,,59.59,,,,,,,,,,2026-06-14,main,qualcomm-snapdragon-8-elite-for-galaxy,,,,,,,,,,True,
tctfv5_torchscript,float,onnx,,,,59.51,,,,,,,,,,2026-06-14,main,qualcomm-snapdragon-8-elite-for-galaxy,,,,,,,,,,True,
tcvocoder_torchscript,float,onnx,,,,50.47,,,,,,,,,,2026-06-14,main,qualcomm-snapdragon-8-elite-for-galaxy,,,,,,,,,,True,
tcvoicealigncruse_torchscript,float,onnx,,,,80.36,,,,,,,,,,2026-06-14,main,qualcomm-snapdragon-8-elite-for-galaxy,,,,,,,,,,True,
uniformer_torchscript,float,tflite,,,,10.01,,,,,,,,,,2026-06-14,main,qualcomm-snapdragon-8-elite-for-galaxy,,,,,,,,,,True,
uniformer_torchscript,float,qnn_dlc,,,,40.54,,,,,,,,,,2026-06-14,main,qualcomm-snapdragon-8-elite-for-galaxy,,,,,,,,,,True,
uniformer_torchscript,float,qnn_dlc_via_qnn_ep,,,,40.57,,,,,,,,,,2026-06-14,main,qualcomm-snapdragon-8-elite-for-galaxy,,,,,,,,,,True,
uniformer_torchscript,float,onnx,,,,40.57,,,,,,,,,,2026-06-14,main,qualcomm-snapdragon-8-elite-for-galaxy,,,,,,,,,,True,
zerodce_torchscript,float,tflite,,,,51.32,45.87,33.11,,,,,,,,2026-06-14,main,qualcomm-snapdragon-8-elite-for-galaxy,,,,,,,,,,True,
zerodceplusplus_torchscript,float,tflite,,,,46.02,35.55,,,,,,,,,2026-06-14,main,qualcomm-snapdragon-8-elite-for-galaxy,,,,,,,,,,True,
zerodceplusplus_torchscript,float,qnn_dlc,,,,46.02,35.55,,,,,,,,,2026-06-14,main,qualcomm-snapdragon-8-elite-for-galaxy,,,,,,,,,,True,
zerodceplusplus_torchscript,float,qnn_dlc_via_qnn_ep,,,,-11.3,1.882,,,,,,,,,2026-06-14,main,qualcomm-snapdragon-8-elite-for-galaxy,,,,,,,,,,True,
zerodceplusplus_torchscript,float,onnx,,,,46.02,35.55,,,,,,,,,2026-06-14,main,qualcomm-snapdragon-8-elite-for-galaxy,,,,,,,,,,True,
cdcn_torchscript,float,tflite,,,,62.82,,,,,,,,,,2026-07-26,main,qualcomm-snapdragon-8-elite-for-galaxy,,,,,,,,,,True,
cdcn_torchscript,float,qnn_dlc,,,,62.82,,,,,,,,,,2026-07-26,main,qualcomm-snapdragon-8-elite-for-galaxy,,,,,,,,,,True,
cdcn_torchscript,float,qnn_dlc_via_qnn_ep,,,,62.82,,,,,,,,,,2026-07-26,main,qualcomm-snapdragon-8-elite-for-galaxy,,,,,,,,,,True,
cdcn_torchscript,float,onnx,,,,62.79,,,,,,,,,,2026-07-26,main,qualcomm-snapdragon-8-elite-for-galaxy,,,,,,,,,,True,
doc_enhancement_inpaint_torchscript,float,tflite,,,,12.5,,,,,,,,,,2026-07-26,main,qualcomm-snapdragon-8-elite-for-galaxy,,,,,,,,,,True,
doc_enhancement_inpaint_torchscript,float,qnn_dlc,,,,37.98,,,,,,,,,,2026-07-26,main,qualcomm-snapdragon-8-elite-for-galaxy,,,,,,,,,,True,
doc_enhancement_inpaint_torchscript,float,qnn_dlc_via_qnn_ep,,,,37.98,,,,,,,,,,2026-07-26,main,qualcomm-snapdragon-8-elite-for-galaxy,,,,,,,,,,True,
doc_enhancement_inpaint_torchscript,float,onnx,,,,37.98,,,,,,,,,,2026-07-26,main,qualcomm-snapdragon-8-elite-for-galaxy,,,,,,,,,,True,
doc_enhancement_object_removal_torchscript,float,tflite,,,,-17.87,,,,,,,,,,2026-07-26,main,qualcomm-snapdragon-8-elite-for-galaxy,,,,,,,,,,True,
doc_enhancement_object_removal_torchscript,float,qnn_dlc,,,,-17.87,,,,,,,,,,2026-07-26,main,qualcomm-snapdragon-8-elite-for-galaxy,,,,,,,,,,True,
doc_enhancement_object_removal_torchscript,float,qnn_dlc_via_qnn_ep,,,,-17.87,,,,,,,,,,2026-07-26,main,qualcomm-snapdragon-8-elite-for-galaxy,,,,,,,,,,True,
doc_enhancement_object_removal_torchscript,float,onnx,,,,-17.87,,,,,,,,,,2026-07-26,main,qualcomm-snapdragon-8-elite-for-galaxy,,,,,,,,,,True,
efficientformer_l1_onnx,float,tflite,,,,30.29,,,,,,,,,,2026-07-26,main,qualcomm-snapdragon-8-elite-for-galaxy,,,,,,,,,,True,
efficientformer_l1_onnx,float,qnn_dlc,,,,30.28,,,,,,,,,,2026-07-26,main,qualcomm-snapdragon-8-elite-for-galaxy,,,,,,,,,,True,
efficientformer_l1_onnx,float,qnn_dlc_via_qnn_ep,,,,30.38,,,,,,,,,,2026-07-26,main,qualcomm-snapdragon-8-elite-for-galaxy,,,,,,,,,,True,
efficientformer_l1_onnx,float,onnx,,,,30.38,,,,,,,,,,2026-07-26,main,qualcomm-snapdragon-8-elite-for-galaxy,,,,,,,,,,True,
efficientformer_onnx,float,tflite,,,,30.29,,,,,,,,,,2026-07-26,main,qualcomm-snapdragon-8-elite-for-galaxy,,,,,,,,,,True,
efficientformer_onnx,float,qnn_dlc,,,,30.28,,,,,,,,,,2026-07-26,main,qualcomm-snapdragon-8-elite-for-galaxy,,,,,,,,,,True,
efficientformer_onnx,float,qnn_dlc_via_qnn_ep,,,,30.38,,,,,,,,,,2026-07-26,main,qualcomm-snapdragon-8-elite-for-galaxy,,,,,,,,,,True,
efficientformer_onnx,float,onnx,,,,30.38,,,,,,,,,,2026-07-26,main,qualcomm-snapdragon-8-elite-for-galaxy,,,,,,,,,,True,
image_enhancement_cig_h_redrawing_torchscript,float,tflite,,,,22.79,,,,,,,,,,2026-07-26,main,qualcomm-snapdragon-8-elite-for-galaxy,,,,,,,,,,True,
image_enhancement_cig_h_redrawing_torchscript,float,qnn_dlc,,,,22.79,,,,,,,,,,2026-07-26,main,qualcomm-snapdragon-8-elite-for-galaxy,,,,,,,,,,True,
image_enhancement_cig_h_redrawing_torchscript,float,qnn_dlc_via_qnn_ep,,,,22.79,,,,,,,,,,2026-07-26,main,qualcomm-snapdragon-8-elite-for-galaxy,,,,,,,,,,True,
image_enhancement_cig_h_redrawing_torchscript,float,onnx,,,,16.14,,,,,,,,,,2026-07-26,main,qualcomm-snapdragon-8-elite-for-galaxy,,,,,,,,,,True,
image_enhancement_cig_i_redrawing_torchscript,float,tflite,,,,69.35,,,,,,,,,,2026-07-26,main,qualcomm-snapdragon-8-elite-for-galaxy,,,,,,,,,,True,
image_enhancement_cig_i_redrawing_torchscript,float,qnn_dlc,,,,69.35,,,,,,,,,,2026-07-26,main,qualcomm-snapdragon-8-elite-for-galaxy,,,,,,,,,,True,
image_enhancement_cig_i_redrawing_torchscript,float,qnn_dlc_via_qnn_ep,,,,69.6,,,,,,,,,,2026-07-26,main,qualcomm-snapdragon-8-elite-for-galaxy,,,,,,,,,,True,
image_enhancement_cig_i_redrawing_torchscript,float,onnx,,,,69.6,,,,,,,,,,2026-07-26,main,qualcomm-snapdragon-8-elite-for-galaxy,,,,,,,,,,True,
intern_image,float,qnn_dlc,,,,37.07,,,,,,,,,,2026-07-26,main,qualcomm-snapdragon-8-elite-for-galaxy,,,,,,,,,,True,
nanotrackv3template_torchscript,float,tflite,,,,49.18,,,,,,,,,,2026-07-26,main,qualcomm-snapdragon-8-elite-for-galaxy,,,,,,,,,,True,
nanotrackv3template_torchscript,float,qnn_dlc,,,,50.06,,,,,,,,,,2026-07-26,main,qualcomm-snapdragon-8-elite-for-galaxy,,,,,,,,,,True,
nanotrackv3template_torchscript,float,qnn_dlc_via_qnn_ep,,,,50.06,,,,,,,,,,2026-07-26,main,qualcomm-snapdragon-8-elite-for-galaxy,,,,,,,,,,True,
nanotrackv3template_torchscript,float,onnx,,,,50.06,,,,,,,,,,2026-07-26,main,qualcomm-snapdragon-8-elite-for-galaxy,,,,,,,,,,True,
photo_remaster_aideblur_fpn_torchscript,float,tflite,,,,62.43,66.2,70.56,,,,,,,,2026-07-26,main,qualcomm-snapdragon-8-elite-for-galaxy,,,,,,,,,,True,
photo_remaster_aideblur_fpn_torchscript,float,qnn_dlc,,,,62.43,66.2,70.56,,,,,,,,2026-07-26,main,qualcomm-snapdragon-8-elite-for-galaxy,,,,,,,,,,True,
photo_remaster_aideblur_v140_torchscript,float,tflite,,,,62.2,,,,,,,,,,2026-07-26,main,qualcomm-snapdragon-8-elite-for-galaxy,,,,,,,,,,True,
photo_remaster_aideblur_v140_torchscript,float,qnn_dlc,,,,62.2,,,,,,,,,,2026-07-26,main,qualcomm-snapdragon-8-elite-for-galaxy,,,,,,,,,,True,
photo_remaster_aideblur_v140_torchscript,float,qnn_dlc_via_qnn_ep,,,,62.2,,,,,,,,,,2026-07-26,main,qualcomm-snapdragon-8-elite-for-galaxy,,,,,,,,,,True,
photo_remaster_aideblur_v140_torchscript,float,onnx,,,,62.2,,,,,,,,,,2026-07-26,main,qualcomm-snapdragon-8-elite-for-galaxy,,,,,,,,,,True,
tcchunkdetection_torchscript,float,tflite,,,,76.34,,,,,,,,,,2026-07-26,main,qualcomm-snapdragon-8-elite-for-galaxy,,,,,,,,,,True,
tcchunkdetection_torchscript,float,qnn_dlc,,,,76.34,,,,,,,,,,2026-07-26,main,qualcomm-snapdragon-8-elite-for-galaxy,,,,,,,,,,True,
tcchunkdetection_torchscript,float,qnn_dlc_via_qnn_ep,,,,76.34,,,,,,,,,,2026-07-26,main,qualcomm-snapdragon-8-elite-for-galaxy,,,,,,,,,,True,
tcchunkdetection_torchscript,float,onnx,,,,76.34,,,,,,,,,,2026-07-26,main,qualcomm-snapdragon-8-elite-for-galaxy,,,,,,,,,,True,
tcdcvcdmc_360p_torchscript,float,qnn_dlc,,,,24.68,,,,,,,,,,2026-07-26,main,qualcomm-snapdragon-8-elite-for-galaxy,,,,,,,,,,True,
tcdcvcdmc_360p_torchscript,float,qnn_dlc_via_qnn_ep,,,,24.68,,,,,,,,,,2026-07-26,main,qualcomm-snapdragon-8-elite-for-galaxy,,,,,,,,,,True,
tcdcvcdmc_360p_torchscript,float,onnx,,,,24.68,,,,,,,,,,2026-07-26,main,qualcomm-snapdragon-8-elite-for-galaxy,,,,,,,,,,True,
tcdcvcintranoar_360p_torchscript,float,tflite,,,,38.39,,,,,,,,,,2026-07-26,main,qualcomm-snapdragon-8-elite-for-galaxy,,,,,,,,,,True,
tcdcvcintranoar_360p_torchscript,float,qnn_dlc_via_qnn_ep,,,,38.39,,,,,,,,,,2026-07-26,main,qualcomm-snapdragon-8-elite-for-galaxy,,,,,,,,,,True,
tcdcvcintranoar_360p_torchscript,float,onnx,,,,38.7,,,,,,,,,,2026-07-26,main,qualcomm-snapdragon-8-elite-for-galaxy,,,,,,,,,,True,
tcfacemodel_torchscript,float,tflite,,,,76.94,,,,,,,,,,2026-07-26,main,qualcomm-snapdragon-8-elite-for-galaxy,,,,,,,,,,True,
tcfacemodel_torchscript,float,qnn_dlc,,,,76.94,,,,,,,,,,2026-07-26,main,qualcomm-snapdragon-8-elite-for-galaxy,,,,,,,,,,True,
tcfacemodel_torchscript,float,qnn_dlc_via_qnn_ep,,,,76.94,,,,,,,,,,2026-07-26,main,qualcomm-snapdragon-8-elite-for-galaxy,,,,,,,,,,True,
tcfacemodel_torchscript,float,onnx,,,,76.85,,,,,,,,,,2026-07-26,main,qualcomm-snapdragon-8-elite-for-galaxy,,,,,,,,,,True,
tcgandecoder_torchscript,float,tflite,,,,43.43,,,,,,,,,,2026-07-26,main,qualcomm-snapdragon-8-elite-for-galaxy,,,,,,,,,,True,
tcgandecoder_torchscript,float,qnn_dlc,,,,43.44,,,,,,,,,,2026-07-26,main,qualcomm-snapdragon-8-elite-for-galaxy,,,,,,,,,,True,
tcgandecoder_torchscript,float,qnn_dlc_via_qnn_ep,,,,43.44,,,,,,,,,,2026-07-26,main,qualcomm-snapdragon-8-elite-for-galaxy,,,,,,,,,,True,
tcgandecoder_torchscript,float,onnx,,,,43.44,,,,,,,,,,2026-07-26,main,qualcomm-snapdragon-8-elite-for-galaxy,,,,,,,,,,True,
tcganencoder_torchscript,float,tflite,,,,,,,,,,,,,,2026-07-26,main,qualcomm-snapdragon-8-elite-for-galaxy,,,,,,,,,,True,
tcganencoder_torchscript,float,qnn_dlc,,,,,,,,,,,,,,2026-07-26,main,qualcomm-snapdragon-8-elite-for-galaxy,,,,,,,,,,True,
tcimagesegmentationrtmi_torchscript,float,tflite,,,,46.52,,,,,,,,,,2026-07-26,main,qualcomm-snapdragon-8-elite-for-galaxy,,,,,,,,,,True,
tcimagesegmentationrtmi_torchscript,float,qnn_dlc,,,,46.52,,,,,,,,,,2026-07-26,main,qualcomm-snapdragon-8-elite-for-galaxy,,,,,,,,,,True,
tcimagesegmentationrtmi_torchscript,float,qnn_dlc_via_qnn_ep,,,,46.52,,,,,,,,,,2026-07-26,main,qualcomm-snapdragon-8-elite-for-galaxy,,,,,,,,,,True,
tcimagesegmentationrtmi_torchscript,float,onnx,,,,46.52,,,,,,,,,,2026-07-26,main,qualcomm-snapdragon-8-elite-for-galaxy,,,,,,,,,,True,
tcmaskclassifier_torchscript,float,tflite,,,,51.44,,,,,,,,,,2026-07-26,main,qualcomm-snapdragon-8-elite-for-galaxy,,,,,,,,,,True,
tcmaskclassifier_torchscript,float,qnn_dlc,,,,51.44,,,,,,,,,,2026-07-26,main,qualcomm-snapdragon-8-elite-for-galaxy,,,,,,,,,,True,
tcmaskclassifier_torchscript,float,qnn_dlc_via_qnn_ep,,,,51.44,,,,,,,,,,2026-07-26,main,qualcomm-snapdragon-8-elite-for-galaxy,,,,,,,,,,True,
tcmaskclassifier_torchscript,float,onnx,,,,51.44,,,,,,,,,,2026-07-26,main,qualcomm-snapdragon-8-elite-for-galaxy,,,,,,,,,,True,
tcmultihead_torchscript,float,tflite,,,,72.06,66.44,52.32,48.54,54.41,35.42,34.1,17.18,16.28,60.02,2026-07-26,main,qualcomm-snapdragon-8-elite-for-galaxy,,,,,,,,,,True,
tcpersonsegmentation_torchscript,float,tflite,,,,72.55,,,,,,,,,,2026-07-26,main,qualcomm-snapdragon-8-elite-for-galaxy,,,,,,,,,,True,
tcpersonsegmentation_torchscript,float,qnn_dlc,,,,72.55,,,,,,,,,,2026-07-26,main,qualcomm-snapdragon-8-elite-for-galaxy,,,,,,,,,,True,
tcpersonsegmentation_torchscript,float,qnn_dlc_via_qnn_ep,,,,72.55,,,,,,,,,,2026-07-26,main,qualcomm-snapdragon-8-elite-for-galaxy,,,,,,,,,,True,
tcpersonsegmentation_torchscript,float,onnx,,,,72.55,,,,,,,,,,2026-07-26,main,qualcomm-snapdragon-8-elite-for-galaxy,,,,,,,,,,True,
tcswifty_torchscript,float,tflite,,,,77.84,80.61,82.63,80.48,86.69,,,,,,2026-07-26,main,qualcomm-snapdragon-8-elite-for-galaxy,,,,,,,,,,True,
tcswifty_torchscript,float,qnn_dlc,,,,77.84,80.61,82.63,80.48,86.69,,,,,,2026-07-26,main,qualcomm-snapdragon-8-elite-for-galaxy,,,,,,,,,,True,
tctc2convnet_torchscript,float,tflite,,,,86.91,,,,,,,,,,2026-07-26,main,qualcomm-snapdragon-8-elite-for-galaxy,,,,,,,,,,True,
tctc2convnet_torchscript,float,qnn_dlc,,,,86.1,,,,,,,,,,2026-07-26,main,qualcomm-snapdragon-8-elite-for-galaxy,,,,,,,,,,True,
tctc2convnet_torchscript,float,qnn_dlc_via_qnn_ep,,,,86.1,,,,,,,,,,2026-07-26,main,qualcomm-snapdragon-8-elite-for-galaxy,,,,,,,,,,True,
tctc2convnet_torchscript,float,onnx,,,,86.1,,,,,,,,,,2026-07-26,main,qualcomm-snapdragon-8-elite-for-galaxy,,,,,,,,,,True,
tctc2decoderstep_torchscript,float,tflite,,,,73.66,72.32,74.63,73.75,58.35,76.6,71.98,71.25,100.0,,2026-07-26,main,qualcomm-snapdragon-8-elite-for-galaxy,,,,,,,,,,True,
tctc2encoderstep_torchscript,float,tflite,,,,72.56,72.32,72.4,73.37,73.04,72.9,,,,,2026-07-26,main,qualcomm-snapdragon-8-elite-for-galaxy,,,,,,,,,,True,
tctc2encoderstep_torchscript,float,qnn_dlc,,,,12.37,7.359,8.47,24.68,2.168,24.8,,,,,2026-07-26,main,qualcomm-snapdragon-8-elite-for-galaxy,,,,,,,,,,True,
tctc2encoderstep_torchscript,float,qnn_dlc_via_qnn_ep,,,,7.113,3.963,8.47,6.478,2.318,8.522,,,,,2026-07-26,main,qualcomm-snapdragon-8-elite-for-galaxy,,,,,,,,,,True,
tctc2encoderstep_torchscript,float,onnx,,,,72.56,72.32,72.4,73.37,73.04,72.9,,,,,2026-07-26,main,qualcomm-snapdragon-8-elite-for-galaxy,,,,,,,,,,True,
tctc2memorylayer_torchscript,float,tflite,,,,82.59,,,,,,,,,,2026-07-26,main,qualcomm-snapdragon-8-elite-for-galaxy,,,,,,,,,,True,
tctc2memorylayer_torchscript,float,qnn_dlc,,,,82.59,,,,,,,,,,2026-07-26,main,qualcomm-snapdragon-8-elite-for-galaxy,,,,,,,,,,True,
tctc2memorylayer_torchscript,float,qnn_dlc_via_qnn_ep,,,,82.59,,,,,,,,,,2026-07-26,main,qualcomm-snapdragon-8-elite-for-galaxy,,,,,,,,,,True,
tctc2memorylayer_torchscript,float,onnx,,,,82.59,,,,,,,,,,2026-07-26,main,qualcomm-snapdragon-8-elite-for-galaxy,,,,,,,,,,True,
tctc2postnet_torchscript,float,tflite,,,,65.64,,,,,,,,,,2026-07-26,main,qualcomm-snapdragon-8-elite-for-galaxy,,,,,,,,,,True,
tctc2postnet_torchscript,float,qnn_dlc,,,,75.69,,,,,,,,,,2026-07-26,main,qualcomm-snapdragon-8-elite-for-galaxy,,,,,,,,,,True,
tctc2postnet_torchscript,float,qnn_dlc_via_qnn_ep,,,,75.69,,,,,,,,,,2026-07-26,main,qualcomm-snapdragon-8-elite-for-galaxy,,,,,,,,,,True,
tctc2postnet_torchscript,float,onnx,,,,75.69,,,,,,,,,,2026-07-26,main,qualcomm-snapdragon-8-elite-for-galaxy,,,,,,,,,,True,
tctfv5_torchscript,float,tflite,,,,59.42,,,,,,,,,,2026-07-26,main,qualcomm-snapdragon-8-elite-for-galaxy,,,,,,,,,,True,
tctfv5_torchscript,float,qnn_dlc,,,,59.31,,,,,,,,,,2026-07-26,main,qualcomm-snapdragon-8-elite-for-galaxy,,,,,,,,,,True,
tctfv5_torchscript,float,qnn_dlc_via_qnn_ep,,,,59.59,,,,,,,,,,2026-07-26,main,qualcomm-snapdragon-8-elite-for-galaxy,,,,,,,,,,True,
tctfv5_torchscript,float,onnx,,,,59.51,,,,,,,,,,2026-07-26,main,qualcomm-snapdragon-8-elite-for-galaxy,,,,,,,,,,True,
tcvocoder_torchscript,float,tflite,,,,50.49,,,,,,,,,,2026-07-26,main,qualcomm-snapdragon-8-elite-for-galaxy,,,,,,,,,,True,
tcvocoder_torchscript,float,qnn_dlc,,,,50.47,,,,,,,,,,2026-07-26,main,qualcomm-snapdragon-8-elite-for-galaxy,,,,,,,,,,True,
tcvocoder_torchscript,float,qnn_dlc_via_qnn_ep,,,,50.47,,,,,,,,,,2026-07-26,main,qualcomm-snapdragon-8-elite-for-galaxy,,,,,,,,,,True,
tcvocoder_torchscript,float,onnx,,,,50.47,,,,,,,,,,2026-07-26,main,qualcomm-snapdragon-8-elite-for-galaxy,,,,,,,,,,True,
tcvoicealigncruse_torchscript,float,tflite,,,,80.09,,,,,,,,,,2026-07-26,main,qualcomm-snapdragon-8-elite-for-galaxy,,,,,,,,,,True,
tcvoicealigncruse_torchscript,float,qnn_dlc,,,,80.36,,,,,,,,,,2026-07-26,main,qualcomm-snapdragon-8-elite-for-galaxy,,,,,,,,,,True,
tcvoicealigncruse_torchscript,float,onnx,,,,80.36,,,,,,,,,,2026-07-26,main,qualcomm-snapdragon-8-elite-for-galaxy,,,,,,,,,,True,
uniformer_torchscript,float,tflite,,,,10.01,,,,,,,,,,2026-07-26,main,qualcomm-snapdragon-8-elite-for-galaxy,,,,,,,,,,True,
uniformer_torchscript,float,qnn_dlc,,,,40.54,,,,,,,,,,2026-07-26,main,qualcomm-snapdragon-8-elite-for-galaxy,,,,,,,,,,True,
uniformer_torchscript,float,qnn_dlc_via_qnn_ep,,,,40.57,,,,,,,,,,2026-07-26,main,qualcomm-snapdragon-8-elite-for-galaxy,,,,,,,,,,True,
uniformer_torchscript,float,onnx,,,,40.57,,,,,,,,,,2026-07-26,main,qualcomm-snapdragon-8-elite-for-galaxy,,,,,,,,,,True,
zerodce_torchscript,float,tflite,,,,51.32,45.87,33.11,,,,,,,,2026-07-26,main,qualcomm-snapdragon-8-elite-for-galaxy,,,,,,,,,,True,
zerodceplusplus_torchscript,float,tflite,,,,46.02,35.55,,,,,,,,,2026-07-26,main,qualcomm-snapdragon-8-elite-for-galaxy,,,,,,,,,,True,
zerodceplusplus_torchscript,float,qnn_dlc,,,,46.02,35.55,,,,,,,,,2026-07-26,main,qualcomm-snapdragon-8-elite-for-galaxy,,,,,,,,,,True,
zerodceplusplus_torchscript,float,qnn_dlc_via_qnn_ep,,,,-11.3,1.882,,,,,,,,,2026-07-26,main,qualcomm-snapdragon-8-elite-for-galaxy,,,,,,,,,,True,
zerodceplusplus_torchscript,float,onnx,,,,46.02,35.55,,,,,,,,,2026-07-26,main,qualcomm-snapdragon-8-elite-for-galaxy,,,,,,,,,,True,
levit,w8a16_mixed_int16,qnn_dlc,73.7,73.8,73.9,45.29,,,,,,,,,,2026-07-26,main,qualcomm-snapdragon-8-elite-for-galaxy,imagenet,https://www.image-net.org/,validation split,Top-1 Accuracy,%,Percentage of top 1 model predictions that are correct.,0.0,100.0,10.0,True,1000.0
levit,w8a16_mixed_int16,qnn_dlc_via_qnn_ep,73.7,73.8,73.9,45.3,,,,,,,,,,2026-07-26,main,qualcomm-snapdragon-8-elite-for-galaxy,imagenet,https://www.image-net.org/,validation split,Top-1 Accuracy,%,Percentage of top 1 model predictions that are correct.,0.0,100.0,10.0,True,1000.0
levit,w8a16_mixed_int16,onnx,73.7,73.8,73.5,39.42,,,,,,,,,,2026-07-26,main,qualcomm-snapdragon-8-elite-for-galaxy,imagenet,https://www.image-net.org/,validation split,Top-1 Accuracy,%,Percentage of top 1 model predictions that are correct.,0.0,100.0,10.0,True,1000.0
nasnet,w8a8_mixed_fp16,qnn_dlc,80.2,80.4,,,,,,,,,,,,2026-07-26,main,qualcomm-snapdragon-8-elite-for-galaxy,imagenet_nasnet,https://www.image-net.org/,validation split,Top-1 Accuracy,%,Percentage of top 1 model predictions that are correct.,0.0,100.0,10.0,True,1000.0
nasnet,w8a8_mixed_fp16,qnn_dlc_via_qnn_ep,80.2,80.4,80.3,46.85,,,,,,,,,,2026-07-26,main,qualcomm-snapdragon-8-elite-for-galaxy,imagenet_nasnet,https://www.image-net.org/,validation split,Top-1 Accuracy,%,Percentage of top 1 model predictions that are correct.,0.0,100.0,10.0,True,1000.0
nasnet,w8a8_mixed_fp16,onnx,80.2,80.4,,,,,,,,,,,,2026-07-26,main,qualcomm-snapdragon-8-elite-for-galaxy,imagenet_nasnet,https://www.image-net.org/,validation split,Top-1 Accuracy,%,Percentage of top 1 model predictions that are correct.,0.0,100.0,10.0,True,1000.0
amt_torchscript,float,qnn_dlc_via_qnn_ep,,,,40.7,,,,,,,,,,2026-08-09,main,qualcomm-snapdragon-8-elite-for-galaxy,,,,,,,,,,True,
cdcn_torchscript,float,tflite,,,,62.82,,,,,,,,,,2026-08-09,main,qualcomm-snapdragon-8-elite-for-galaxy,,,,,,,,,,True,
cdcn_torchscript,float,qnn_dlc,,,,62.82,,,,,,,,,,2026-08-09,main,qualcomm-snapdragon-8-elite-for-galaxy,,,,,,,,,,True,
cdcn_torchscript,float,qnn_dlc_via_qnn_ep,,,,62.82,,,,,,,,,,2026-08-09,main,qualcomm-snapdragon-8-elite-for-galaxy,,,,,,,,,,True,
cdcn_torchscript,float,onnx,,,,62.79,,,,,,,,,,2026-08-09,main,qualcomm-snapdragon-8-elite-for-galaxy,,,,,,,,,,True,
doc_enhancement_inpaint_torchscript,float,tflite,,,,12.5,,,,,,,,,,2026-08-09,main,qualcomm-snapdragon-8-elite-for-galaxy,,,,,,,,,,True,
doc_enhancement_inpaint_torchscript,float,qnn_dlc,,,,37.98,,,,,,,,,,2026-08-09,main,qualcomm-snapdragon-8-elite-for-galaxy,,,,,,,,,,True,
doc_enhancement_inpaint_torchscript,float,qnn_dlc_via_qnn_ep,,,,37.98,,,,,,,,,,2026-08-09,main,qualcomm-snapdragon-8-elite-for-galaxy,,,,,,,,,,True,
doc_enhancement_inpaint_torchscript,float,onnx,,,,37.98,,,,,,,,,,2026-08-09,main,qualcomm-snapdragon-8-elite-for-galaxy,,,,,,,,,,True,
doc_enhancement_object_removal_torchscript,float,tflite,,,,-17.87,,,,,,,,,,2026-08-09,main,qualcomm-snapdragon-8-elite-for-galaxy,,,,,,,,,,True,
doc_enhancement_object_removal_torchscript,float,qnn_dlc,,,,-17.87,,,,,,,,,,2026-08-09,main,qualcomm-snapdragon-8-elite-for-galaxy,,,,,,,,,,True,
doc_enhancement_object_removal_torchscript,float,qnn_dlc_via_qnn_ep,,,,-17.87,,,,,,,,,,2026-08-09,main,qualcomm-snapdragon-8-elite-for-galaxy,,,,,,,,,,True,
doc_enhancement_object_removal_torchscript,float,onnx,,,,-17.87,,,,,,,,,,2026-08-09,main,qualcomm-snapdragon-8-elite-for-galaxy,,,,,,,,,,True,
efficientformer_l1_onnx,float,tflite,,,,30.29,,,,,,,,,,2026-08-09,main,qualcomm-snapdragon-8-elite-for-galaxy,,,,,,,,,,True,
efficientformer_l1_onnx,float,qnn_dlc,,,,30.28,,,,,,,,,,2026-08-09,main,qualcomm-snapdragon-8-elite-for-galaxy,,,,,,,,,,True,
efficientformer_l1_onnx,float,qnn_dlc_via_qnn_ep,,,,30.28,,,,,,,,,,2026-08-09,main,qualcomm-snapdragon-8-elite-for-galaxy,,,,,,,,,,True,
efficientformer_l1_onnx,float,onnx,,,,30.28,,,,,,,,,,2026-08-09,main,qualcomm-snapdragon-8-elite-for-galaxy,,,,,,,,,,True,
efficientformer_onnx,float,tflite,,,,30.29,,,,,,,,,,2026-08-09,main,qualcomm-snapdragon-8-elite-for-galaxy,,,,,,,,,,True,
efficientformer_onnx,float,qnn_dlc,,,,30.28,,,,,,,,,,2026-08-09,main,qualcomm-snapdragon-8-elite-for-galaxy,,,,,,,,,,True,
efficientformer_onnx,float,qnn_dlc_via_qnn_ep,,,,30.28,,,,,,,,,,2026-08-09,main,qualcomm-snapdragon-8-elite-for-galaxy,,,,,,,,,,True,
efficientformer_onnx,float,onnx,,,,30.28,,,,,,,,,,2026-08-09,main,qualcomm-snapdragon-8-elite-for-galaxy,,,,,,,,,,True,
image_enhancement_cig_h_redrawing_torchscript,float,tflite,,,,22.79,,,,,,,,,,2026-08-09,main,qualcomm-snapdragon-8-elite-for-galaxy,,,,,,,,,,True,
image_enhancement_cig_h_redrawing_torchscript,float,qnn_dlc,,,,22.79,,,,,,,,,,2026-08-09,main,qualcomm-snapdragon-8-elite-for-galaxy,,,,,,,,,,True,
image_enhancement_cig_h_redrawing_torchscript,float,qnn_dlc_via_qnn_ep,,,,22.79,,,,,,,,,,2026-08-09,main,qualcomm-snapdragon-8-elite-for-galaxy,,,,,,,,,,True,
image_enhancement_cig_h_redrawing_torchscript,float,onnx,,,,16.14,,,,,,,,,,2026-08-09,main,qualcomm-snapdragon-8-elite-for-galaxy,,,,,,,,,,True,
image_enhancement_cig_i_redrawing_torchscript,float,tflite,,,,69.35,,,,,,,,,,2026-08-09,main,qualcomm-snapdragon-8-elite-for-galaxy,,,,,,,,,,True,
image_enhancement_cig_i_redrawing_torchscript,float,qnn_dlc,,,,69.35,,,,,,,,,,2026-08-09,main,qualcomm-snapdragon-8-elite-for-galaxy,,,,,,,,,,True,
image_enhancement_cig_i_redrawing_torchscript,float,qnn_dlc_via_qnn_ep,,,,69.35,,,,,,,,,,2026-08-09,main,qualcomm-snapdragon-8-elite-for-galaxy,,,,,,,,,,True,
image_enhancement_cig_i_redrawing_torchscript,float,onnx,,,,69.35,,,,,,,,,,2026-08-09,main,qualcomm-snapdragon-8-elite-for-galaxy,,,,,,,,,,True,
intern_image,float,qnn_dlc,,,,37.07,,,,,,,,,,2026-08-09,main,qualcomm-snapdragon-8-elite-for-galaxy,,,,,,,,,,True,
nanotrackv3template_torchscript,float,tflite,,,,49.18,,,,,,,,,,2026-08-09,main,qualcomm-snapdragon-8-elite-for-galaxy,,,,,,,,,,True,
nanotrackv3template_torchscript,float,qnn_dlc,,,,50.06,,,,,,,,,,2026-08-09,main,qualcomm-snapdragon-8-elite-for-galaxy,,,,,,,,,,True,
nanotrackv3template_torchscript,float,qnn_dlc_via_qnn_ep,,,,50.06,,,,,,,,,,2026-08-09,main,qualcomm-snapdragon-8-elite-for-galaxy,,,,,,,,,,True,
nanotrackv3template_torchscript,float,onnx,,,,50.06,,,,,,,,,,2026-08-09,main,qualcomm-snapdragon-8-elite-for-galaxy,,,,,,,,,,True,
photo_remaster_aideblur_fpn_torchscript,float,tflite,,,,62.43,66.2,70.56,,,,,,,,2026-08-09,main,qualcomm-snapdragon-8-elite-for-galaxy,,,,,,,,,,True,
photo_remaster_aideblur_fpn_torchscript,float,qnn_dlc,,,,62.43,66.2,70.56,,,,,,,,2026-08-09,main,qualcomm-snapdragon-8-elite-for-galaxy,,,,,,,,,,True,
photo_remaster_aideblur_v140_torchscript,float,tflite,,,,62.2,,,,,,,,,,2026-08-09,main,qualcomm-snapdragon-8-elite-for-galaxy,,,,,,,,,,True,
photo_remaster_aideblur_v140_torchscript,float,qnn_dlc,,,,62.2,,,,,,,,,,2026-08-09,main,qualcomm-snapdragon-8-elite-for-galaxy,,,,,,,,,,True,
photo_remaster_aideblur_v140_torchscript,float,qnn_dlc_via_qnn_ep,,,,62.2,,,,,,,,,,2026-08-09,main,qualcomm-snapdragon-8-elite-for-galaxy,,,,,,,,,,True,
photo_remaster_aideblur_v140_torchscript,float,onnx,,,,62.2,,,,,,,,,,2026-08-09,main,qualcomm-snapdragon-8-elite-for-galaxy,,,,,,,,,,True,
tcchunkdetection_torchscript,float,tflite,,,,76.34,,,,,,,,,,2026-08-09,main,qualcomm-snapdragon-8-elite-for-galaxy,,,,,,,,,,True,
tcchunkdetection_torchscript,float,qnn_dlc,,,,76.34,,,,,,,,,,2026-08-09,main,qualcomm-snapdragon-8-elite-for-galaxy,,,,,,,,,,True,
tcchunkdetection_torchscript,float,qnn_dlc_via_qnn_ep,,,,76.34,,,,,,,,,,2026-08-09,main,qualcomm-snapdragon-8-elite-for-galaxy,,,,,,,,,,True,
tcchunkdetection_torchscript,float,onnx,,,,76.34,,,,,,,,,,2026-08-09,main,qualcomm-snapdragon-8-elite-for-galaxy,,,,,,,,,,True,
tcdcvcdmc_360p_torchscript,float,qnn_dlc,,,,24.68,,,,,,,,,,2026-08-09,main,qualcomm-snapdragon-8-elite-for-galaxy,,,,,,,,,,True,
tcdcvcdmc_360p_torchscript,float,qnn_dlc_via_qnn_ep,,,,24.68,,,,,,,,,,2026-08-09,main,qualcomm-snapdragon-8-elite-for-galaxy,,,,,,,,,,True,
tcdcvcdmc_360p_torchscript,float,onnx,,,,24.68,,,,,,,,,,2026-08-09,main,qualcomm-snapdragon-8-elite-for-galaxy,,,,,,,,,,True,
tcdcvcintranoar_360p_torchscript,float,tflite,,,,38.39,,,,,,,,,,2026-08-09,main,qualcomm-snapdragon-8-elite-for-galaxy,,,,,,,,,,True,
tcdcvcintranoar_360p_torchscript,float,qnn_dlc_via_qnn_ep,,,,38.39,,,,,,,,,,2026-08-09,main,qualcomm-snapdragon-8-elite-for-galaxy,,,,,,,,,,True,
tcdcvcintranoar_360p_torchscript,float,onnx,,,,38.7,,,,,,,,,,2026-08-09,main,qualcomm-snapdragon-8-elite-for-galaxy,,,,,,,,,,True,
tcfacemodel_torchscript,float,tflite,,,,76.94,,,,,,,,,,2026-08-09,main,qualcomm-snapdragon-8-elite-for-galaxy,,,,,,,,,,True,
tcfacemodel_torchscript,float,qnn_dlc,,,,76.94,,,,,,,,,,2026-08-09,main,qualcomm-snapdragon-8-elite-for-galaxy,,,,,,,,,,True,
tcfacemodel_torchscript,float,qnn_dlc_via_qnn_ep,,,,76.94,,,,,,,,,,2026-08-09,main,qualcomm-snapdragon-8-elite-for-galaxy,,,,,,,,,,True,
tcfacemodel_torchscript,float,onnx,,,,76.85,,,,,,,,,,2026-08-09,main,qualcomm-snapdragon-8-elite-for-galaxy,,,,,,,,,,True,
tcgandecoder_torchscript,float,tflite,,,,43.43,,,,,,,,,,2026-08-09,main,qualcomm-snapdragon-8-elite-for-galaxy,,,,,,,,,,True,
tcgandecoder_torchscript,float,qnn_dlc,,,,43.44,,,,,,,,,,2026-08-09,main,qualcomm-snapdragon-8-elite-for-galaxy,,,,,,,,,,True,
tcgandecoder_torchscript,float,qnn_dlc_via_qnn_ep,,,,43.44,,,,,,,,,,2026-08-09,main,qualcomm-snapdragon-8-elite-for-galaxy,,,,,,,,,,True,
tcgandecoder_torchscript,float,onnx,,,,43.44,,,,,,,,,,2026-08-09,main,qualcomm-snapdragon-8-elite-for-galaxy,,,,,,,,,,True,
tcganencoder_torchscript,float,tflite,,,,,,,,,,,,,,2026-08-09,main,qualcomm-snapdragon-8-elite-for-galaxy,,,,,,,,,,True,
tcganencoder_torchscript,float,qnn_dlc,,,,,,,,,,,,,,2026-08-09,main,qualcomm-snapdragon-8-elite-for-galaxy,,,,,,,,,,True,
tcimagesegmentationrtmi_torchscript,float,tflite,,,,46.52,,,,,,,,,,2026-08-09,main,qualcomm-snapdragon-8-elite-for-galaxy,,,,,,,,,,True,
tcimagesegmentationrtmi_torchscript,float,qnn_dlc,,,,46.52,,,,,,,,,,2026-08-09,main,qualcomm-snapdragon-8-elite-for-galaxy,,,,,,,,,,True,
tcimagesegmentationrtmi_torchscript,float,qnn_dlc_via_qnn_ep,,,,46.52,,,,,,,,,,2026-08-09,main,qualcomm-snapdragon-8-elite-for-galaxy,,,,,,,,,,True,
tcimagesegmentationrtmi_torchscript,float,onnx,,,,46.52,,,,,,,,,,2026-08-09,main,qualcomm-snapdragon-8-elite-for-galaxy,,,,,,,,,,True,
tcmaskclassifier_torchscript,float,tflite,,,,51.44,,,,,,,,,,2026-08-09,main,qualcomm-snapdragon-8-elite-for-galaxy,,,,,,,,,,True,
tcmaskclassifier_torchscript,float,qnn_dlc,,,,51.44,,,,,,,,,,2026-08-09,main,qualcomm-snapdragon-8-elite-for-galaxy,,,,,,,,,,True,
tcmaskclassifier_torchscript,float,qnn_dlc_via_qnn_ep,,,,51.44,,,,,,,,,,2026-08-09,main,qualcomm-snapdragon-8-elite-for-galaxy,,,,,,,,,,True,
tcmaskclassifier_torchscript,float,onnx,,,,51.44,,,,,,,,,,2026-08-09,main,qualcomm-snapdragon-8-elite-for-galaxy,,,,,,,,,,True,
tcmultihead_torchscript,float,tflite,,,,72.06,66.44,52.32,48.54,54.41,35.42,34.1,17.18,16.28,60.02,2026-08-09,main,qualcomm-snapdragon-8-elite-for-galaxy,,,,,,,,,,True,
tcpersonsegmentation_torchscript,float,tflite,,,,72.55,,,,,,,,,,2026-08-09,main,qualcomm-snapdragon-8-elite-for-galaxy,,,,,,,,,,True,
tcpersonsegmentation_torchscript,float,qnn_dlc,,,,72.55,,,,,,,,,,2026-08-09,main,qualcomm-snapdragon-8-elite-for-galaxy,,,,,,,,,,True,
tcpersonsegmentation_torchscript,float,qnn_dlc_via_qnn_ep,,,,72.55,,,,,,,,,,2026-08-09,main,qualcomm-snapdragon-8-elite-for-galaxy,,,,,,,,,,True,
tcpersonsegmentation_torchscript,float,onnx,,,,72.55,,,,,,,,,,2026-08-09,main,qualcomm-snapdragon-8-elite-for-galaxy,,,,,,,,,,True,
tcswifty_torchscript,float,tflite,,,,77.84,80.61,82.63,80.48,86.69,,,,,,2026-08-09,main,qualcomm-snapdragon-8-elite-for-galaxy,,,,,,,,,,True,
tcswifty_torchscript,float,qnn_dlc,,,,77.84,80.61,82.63,80.48,86.69,,,,,,2026-08-09,main,qualcomm-snapdragon-8-elite-for-galaxy,,,,,,,,,,True,
tctc2convnet_torchscript,float,tflite,,,,86.91,,,,,,,,,,2026-08-09,main,qualcomm-snapdragon-8-elite-for-galaxy,,,,,,,,,,True,
tctc2convnet_torchscript,float,qnn_dlc,,,,86.1,,,,,,,,,,2026-08-09,main,qualcomm-snapdragon-8-elite-for-galaxy,,,,,,,,,,True,
tctc2convnet_torchscript,float,qnn_dlc_via_qnn_ep,,,,86.1,,,,,,,,,,2026-08-09,main,qualcomm-snapdragon-8-elite-for-galaxy,,,,,,,,,,True,
tctc2convnet_torchscript,float,onnx,,,,86.1,,,,,,,,,,2026-08-09,main,qualcomm-snapdragon-8-elite-for-galaxy,,,,,,,,,,True,
tctc2decoderstep_torchscript,float,tflite,,,,73.66,72.32,74.63,73.75,58.35,76.6,71.98,71.25,100.0,,2026-08-09,main,qualcomm-snapdragon-8-elite-for-galaxy,,,,,,,,,,True,
tctc2encoderstep_torchscript,float,tflite,,,,72.56,72.32,72.4,73.37,73.04,72.9,,,,,2026-08-09,main,qualcomm-snapdragon-8-elite-for-galaxy,,,,,,,,,,True,
tctc2encoderstep_torchscript,float,qnn_dlc,,,,12.37,7.359,8.47,24.68,2.168,24.8,,,,,2026-08-09,main,qualcomm-snapdragon-8-elite-for-galaxy,,,,,,,,,,True,
tctc2encoderstep_torchscript,float,qnn_dlc_via_qnn_ep,,,,7.113,3.963,8.47,6.478,2.318,8.522,,,,,2026-08-09,main,qualcomm-snapdragon-8-elite-for-galaxy,,,,,,,,,,True,
tctc2encoderstep_torchscript,float,onnx,,,,72.56,72.32,72.4,73.37,73.04,72.9,,,,,2026-08-09,main,qualcomm-snapdragon-8-elite-for-galaxy,,,,,,,,,,True,
tctc2memorylayer_torchscript,float,tflite,,,,82.59,,,,,,,,,,2026-08-09,main,qualcomm-snapdragon-8-elite-for-galaxy,,,,,,,,,,True,
tctc2memorylayer_torchscript,float,qnn_dlc,,,,82.59,,,,,,,,,,2026-08-09,main,qualcomm-snapdragon-8-elite-for-galaxy,,,,,,,,,,True,
tctc2memorylayer_torchscript,float,qnn_dlc_via_qnn_ep,,,,82.59,,,,,,,,,,2026-08-09,main,qualcomm-snapdragon-8-elite-for-galaxy,,,,,,,,,,True,
tctc2memorylayer_torchscript,float,onnx,,,,82.59,,,,,,,,,,2026-08-09,main,qualcomm-snapdragon-8-elite-for-galaxy,,,,,,,,,,True,
tctc2postnet_torchscript,float,tflite,,,,65.64,,,,,,,,,,2026-08-09,main,qualcomm-snapdragon-8-elite-for-galaxy,,,,,,,,,,True,
tctc2postnet_torchscript,float,qnn_dlc,,,,75.69,,,,,,,,,,2026-08-09,main,qualcomm-snapdragon-8-elite-for-galaxy,,,,,,,,,,True,
tctc2postnet_torchscript,float,qnn_dlc_via_qnn_ep,,,,75.69,,,,,,,,,,2026-08-09,main,qualcomm-snapdragon-8-elite-for-galaxy,,,,,,,,,,True,
tctc2postnet_torchscript,float,onnx,,,,75.69,,,,,,,,,,2026-08-09,main,qualcomm-snapdragon-8-elite-for-galaxy,,,,,,,,,,True,
tctfv5_torchscript,float,tflite,,,,59.42,,,,,,,,,,2026-08-09,main,qualcomm-snapdragon-8-elite-for-galaxy,,,,,,,,,,True,
tctfv5_torchscript,float,qnn_dlc,,,,59.31,,,,,,,,,,2026-08-09,main,qualcomm-snapdragon-8-elite-for-galaxy,,,,,,,,,,True,
tctfv5_torchscript,float,qnn_dlc_via_qnn_ep,,,,59.59,,,,,,,,,,2026-08-09,main,qualcomm-snapdragon-8-elite-for-galaxy,,,,,,,,,,True,
tctfv5_torchscript,float,onnx,,,,59.51,,,,,,,,,,2026-08-09,main,qualcomm-snapdragon-8-elite-for-galaxy,,,,,,,,,,True,
tcvocoder_torchscript,float,tflite,,,,50.49,,,,,,,,,,2026-08-09,main,qualcomm-snapdragon-8-elite-for-galaxy,,,,,,,,,,True,
tcvocoder_torchscript,float,qnn_dlc,,,,50.47,,,,,,,,,,2026-08-09,main,qualcomm-snapdragon-8-elite-for-galaxy,,,,,,,,,,True,
tcvocoder_torchscript,float,qnn_dlc_via_qnn_ep,,,,50.47,,,,,,,,,,2026-08-09,main,qualcomm-snapdragon-8-elite-for-galaxy,,,,,,,,,,True,
tcvocoder_torchscript,float,onnx,,,,50.47,,,,,,,,,,2026-08-09,main,qualcomm-snapdragon-8-elite-for-galaxy,,,,,,,,,,True,
tcvoicealigncruse_torchscript,float,tflite,,,,80.09,,,,,,,,,,2026-08-09,main,qualcomm-snapdragon-8-elite-for-galaxy,,,,,,,,,,True,
tcvoicealigncruse_torchscript,float,qnn_dlc,,,,80.36,,,,,,,,,,2026-08-09,main,qualcomm-snapdragon-8-elite-for-galaxy,,,,,,,,,,True,
tcvoicealigncruse_torchscript,float,onnx,,,,80.36,,,,,,,,,,2026-08-09,main,qualcomm-snapdragon-8-elite-for-galaxy,,,,,,,,,,True,
uniformer_torchscript,float,tflite,,,,10.01,,,,,,,,,,2026-08-09,main,qualcomm-snapdragon-8-elite-for-galaxy,,,,,,,,,,True,
uniformer_torchscript,float,qnn_dlc,,,,40.54,,,,,,,,,,2026-08-09,main,qualcomm-snapdragon-8-elite-for-galaxy,,,,,,,,,,True,
uniformer_torchscript,float,qnn_dlc_via_qnn_ep,,,,40.57,,,,,,,,,,2026-08-09,main,qualcomm-snapdragon-8-elite-for-galaxy,,,,,,,,,,True,
uniformer_torchscript,float,onnx,,,,40.57,,,,,,,,,,2026-08-09,main,qualcomm-snapdragon-8-elite-for-galaxy,,,,,,,,,,True,
zerodce_torchscript,float,tflite,,,,51.32,45.87,33.11,,,,,,,,2026-08-09,main,qualcomm-snapdragon-8-elite-for-galaxy,,,,,,,,,,True,
zerodceplusplus_torchscript,float,tflite,,,,46.02,35.55,,,,,,,,,2026-08-09,main,qualcomm-snapdragon-8-elite-for-galaxy,,,,,,,,,,True,
zerodceplusplus_torchscript,float,qnn_dlc,,,,46.02,35.55,,,,,,,,,2026-08-09,main,qualcomm-snapdragon-8-elite-for-galaxy,,,,,,,,,,True,
zerodceplusplus_torchscript,float,qnn_dlc_via_qnn_ep,,,,-11.3,1.882,,,,,,,,,2026-08-09,main,qualcomm-snapdragon-8-elite-for-galaxy,,,,,,,,,,True,
zerodceplusplus_torchscript,float,onnx,,,,46.02,35.55,,,,,,,,,2026-08-09,main,qualcomm-snapdragon-8-elite-for-galaxy,,,,,,,,,,True,
efficientnet_b0,w8a16,qnn_dlc,77.1,76.0,76.1,41.83,,,,,,,,,,2026-08-09,main,qualcomm-snapdragon-8-elite-for-galaxy,imagenet,https://www.image-net.org/,validation split,Top-1 Accuracy,%,Percentage of top 1 model predictions that are correct.,0.0,100.0,10.0,True,1000.0
efficientnet_b0,w8a16,qnn_dlc_via_qnn_ep,77.1,76.0,76.1,41.83,,,,,,,,,,2026-08-09,main,qualcomm-snapdragon-8-elite-for-galaxy,imagenet,https://www.image-net.org/,validation split,Top-1 Accuracy,%,Percentage of top 1 model predictions that are correct.,0.0,100.0,10.0,True,1000.0
efficientnet_b0,w8a16,onnx,77.1,76.0,76.1,41.83,,,,,,,,,,2026-08-09,main,qualcomm-snapdragon-8-elite-for-galaxy,imagenet,https://www.image-net.org/,validation split,Top-1 Accuracy,%,Percentage of top 1 model predictions that are correct.,0.0,100.0,10.0,True,1000.0
mobilenet_v3_small,w8a16,qnn_dlc,67.4,66.3,66.5,36.38,,,,,,,,,,2026-08-09,main,qualcomm-snapdragon-8-elite-for-galaxy,imagenet,https://www.image-net.org/,validation split,Top-1 Accuracy,%,Percentage of top 1 model predictions that are correct.,0.0,100.0,10.0,True,1000.0
mobilenet_v3_small,w8a16,qnn_dlc_via_qnn_ep,67.4,66.3,66.5,36.38,,,,,,,,,,2026-08-09,main,qualcomm-snapdragon-8-elite-for-galaxy,imagenet,https://www.image-net.org/,validation split,Top-1 Accuracy,%,Percentage of top 1 model predictions that are correct.,0.0,100.0,10.0,True,1000.0
mobilenet_v3_small,w8a16,onnx,67.4,66.3,2.6,10.87,,,,,,,,,,2026-08-09,main,qualcomm-snapdragon-8-elite-for-galaxy,imagenet,https://www.image-net.org/,validation split,Top-1 Accuracy,%,Percentage of top 1 model predictions that are correct.,0.0,100.0,10.0,True,1000.0
qwen3_0_6b,q4_0,geniex_llamacpp,71.4,,65.7,,,,,,,,,,,2026-08-22,main,qualcomm-snapdragon-x-elite,grace2,https://github.com/qualcomm/ai-hub-models/blob/main/tutorials/llm/grace.md,on-device prompt eval set,Grace2,%,Grading Response Accuracy Evaluation: percentage score from grading generated responses to the Grace2 prompt set with a grader LLM.,0.0,100.0,10.0,True,100.0
amt_torchscript,float,qnn_dlc,,,,40.7,,,,,,,,,,2026-08-23,main,qualcomm-snapdragon-8-elite-for-galaxy,,,,,,,,,,True,
amt_torchscript,float,qnn_dlc_via_qnn_ep,,,,40.7,,,,,,,,,,2026-08-23,main,qualcomm-snapdragon-8-elite-for-galaxy,,,,,,,,,,True,
cdcn_torchscript,float,tflite,,,,62.82,,,,,,,,,,2026-08-23,main,qualcomm-snapdragon-8-elite-for-galaxy,,,,,,,,,,True,
cdcn_torchscript,float,qnn_dlc,,,,62.82,,,,,,,,,,2026-08-23,main,qualcomm-snapdragon-8-elite-for-galaxy,,,,,,,,,,True,
cdcn_torchscript,float,qnn_dlc_via_qnn_ep,,,,62.82,,,,,,,,,,2026-08-23,main,qualcomm-snapdragon-8-elite-for-galaxy,,,,,,,,,,True,
cdcn_torchscript,float,onnx,,,,62.79,,,,,,,,,,2026-08-23,main,qualcomm-snapdragon-8-elite-for-galaxy,,,,,,,,,,True,
doc_enhancement_inpaint_torchscript,float,tflite,,,,12.5,,,,,,,,,,2026-08-23,main,qualcomm-snapdragon-8-elite-for-galaxy,,,,,,,,,,True,
doc_enhancement_inpaint_torchscript,float,qnn_dlc,,,,37.98,,,,,,,,,,2026-08-23,main,qualcomm-snapdragon-8-elite-for-galaxy,,,,,,,,,,True,
doc_enhancement_inpaint_torchscript,float,qnn_dlc_via_qnn_ep,,,,37.98,,,,,,,,,,2026-08-23,main,qualcomm-snapdragon-8-elite-for-galaxy,,,,,,,,,,True,
doc_enhancement_inpaint_torchscript,float,onnx,,,,37.98,,,,,,,,,,2026-08-23,main,qualcomm-snapdragon-8-elite-for-galaxy,,,,,,,,,,True,
doc_enhancement_object_removal_torchscript,float,tflite,,,,-17.87,,,,,,,,,,2026-08-23,main,qualcomm-snapdragon-8-elite-for-galaxy,,,,,,,,,,True,
doc_enhancement_object_removal_torchscript,float,qnn_dlc,,,,-17.87,,,,,,,,,,2026-08-23,main,qualcomm-snapdragon-8-elite-for-galaxy,,,,,,,,,,True,
doc_enhancement_object_removal_torchscript,float,qnn_dlc_via_qnn_ep,,,,-17.87,,,,,,,,,,2026-08-23,main,qualcomm-snapdragon-8-elite-for-galaxy,,,,,,,,,,True,
doc_enhancement_object_removal_torchscript,float,onnx,,,,-17.87,,,,,,,,,,2026-08-23,main,qualcomm-snapdragon-8-elite-for-galaxy,,,,,,,,,,True,
efficientformer_l1_onnx,float,tflite,,,,30.29,,,,,,,,,,2026-08-23,main,qualcomm-snapdragon-8-elite-for-galaxy,,,,,,,,,,True,
efficientformer_l1_onnx,float,qnn_dlc,,,,30.28,,,,,,,,,,2026-08-23,main,qualcomm-snapdragon-8-elite-for-galaxy,,,,,,,,,,True,
efficientformer_l1_onnx,float,qnn_dlc_via_qnn_ep,,,,30.28,,,,,,,,,,2026-08-23,main,qualcomm-snapdragon-8-elite-for-galaxy,,,,,,,,,,True,
efficientformer_l1_onnx,float,onnx,,,,30.28,,,,,,,,,,2026-08-23,main,qualcomm-snapdragon-8-elite-for-galaxy,,,,,,,,,,True,
efficientformer_onnx,float,tflite,,,,30.29,,,,,,,,,,2026-08-23,main,qualcomm-snapdragon-8-elite-for-galaxy,,,,,,,,,,True,
efficientformer_onnx,float,qnn_dlc,,,,30.28,,,,,,,,,,2026-08-23,main,qualcomm-snapdragon-8-elite-for-galaxy,,,,,,,,,,True,
efficientformer_onnx,float,qnn_dlc_via_qnn_ep,,,,30.28,,,,,,,,,,2026-08-23,main,qualcomm-snapdragon-8-elite-for-galaxy,,,,,,,,,,True,
efficientformer_onnx,float,onnx,,,,30.28,,,,,,,,,,2026-08-23,main,qualcomm-snapdragon-8-elite-for-galaxy,,,,,,,,,,True,
image_enhancement_cig_h_redrawing_torchscript,float,tflite,,,,22.79,,,,,,,,,,2026-08-23,main,qualcomm-snapdragon-8-elite-for-galaxy,,,,,,,,,,True,
image_enhancement_cig_h_redrawing_torchscript,float,qnn_dlc,,,,22.79,,,,,,,,,,2026-08-23,main,qualcomm-snapdragon-8-elite-for-galaxy,,,,,,,,,,True,
image_enhancement_cig_h_redrawing_torchscript,float,qnn_dlc_via_qnn_ep,,,,22.79,,,,,,,,,,2026-08-23,main,qualcomm-snapdragon-8-elite-for-galaxy,,,,,,,,,,True,
image_enhancement_cig_h_redrawing_torchscript,float,onnx,,,,16.14,,,,,,,,,,2026-08-23,main,qualcomm-snapdragon-8-elite-for-galaxy,,,,,,,,,,True,
image_enhancement_cig_i_redrawing_torchscript,float,tflite,,,,69.35,,,,,,,,,,2026-08-23,main,qualcomm-snapdragon-8-elite-for-galaxy,,,,,,,,,,True,
image_enhancement_cig_i_redrawing_torchscript,float,qnn_dlc,,,,69.35,,,,,,,,,,2026-08-23,main,qualcomm-snapdragon-8-elite-for-galaxy,,,,,,,,,,True,
image_enhancement_cig_i_redrawing_torchscript,float,qnn_dlc_via_qnn_ep,,,,69.35,,,,,,,,,,2026-08-23,main,qualcomm-snapdragon-8-elite-for-galaxy,,,,,,,,,,True,
image_enhancement_cig_i_redrawing_torchscript,float,onnx,,,,69.35,,,,,,,,,,2026-08-23,main,qualcomm-snapdragon-8-elite-for-galaxy,,,,,,,,,,True,
intern_image,float,qnn_dlc,,,,37.07,,,,,,,,,,2026-08-23,main,qualcomm-snapdragon-8-elite-for-galaxy,,,,,,,,,,True,
nanotrackv3template_torchscript,float,tflite,,,,49.18,,,,,,,,,,2026-08-23,main,qualcomm-snapdragon-8-elite-for-galaxy,,,,,,,,,,True,
nanotrackv3template_torchscript,float,qnn_dlc,,,,50.06,,,,,,,,,,2026-08-23,main,qualcomm-snapdragon-8-elite-for-galaxy,,,,,,,,,,True,
nanotrackv3template_torchscript,float,qnn_dlc_via_qnn_ep,,,,50.06,,,,,,,,,,2026-08-23,main,qualcomm-snapdragon-8-elite-for-galaxy,,,,,,,,,,True,
nanotrackv3template_torchscript,float,onnx,,,,50.06,,,,,,,,,,2026-08-23,main,qualcomm-snapdragon-8-elite-for-galaxy,,,,,,,,,,True,
photo_remaster_aideblur_fpn_torchscript,float,tflite,,,,62.43,66.2,70.56,,,,,,,,2026-08-23,main,qualcomm-snapdragon-8-elite-for-galaxy,,,,,,,,,,True,
photo_remaster_aideblur_fpn_torchscript,float,qnn_dlc,,,,62.43,66.2,70.56,,,,,,,,2026-08-23,main,qualcomm-snapdragon-8-elite-for-galaxy,,,,,,,,,,True,
photo_remaster_aideblur_v140_torchscript,float,tflite,,,,62.2,,,,,,,,,,2026-08-23,main,qualcomm-snapdragon-8-elite-for-galaxy,,,,,,,,,,True,
photo_remaster_aideblur_v140_torchscript,float,qnn_dlc,,,,62.2,,,,,,,,,,2026-08-23,main,qualcomm-snapdragon-8-elite-for-galaxy,,,,,,,,,,True,
photo_remaster_aideblur_v140_torchscript,float,qnn_dlc_via_qnn_ep,,,,62.2,,,,,,,,,,2026-08-23,main,qualcomm-snapdragon-8-elite-for-galaxy,,,,,,,,,,True,
photo_remaster_aideblur_v140_torchscript,float,onnx,,,,62.2,,,,,,,,,,2026-08-23,main,qualcomm-snapdragon-8-elite-for-galaxy,,,,,,,,,,True,
tcchunkdetection_torchscript,float,tflite,,,,76.34,,,,,,,,,,2026-08-23,main,qualcomm-snapdragon-8-elite-for-galaxy,,,,,,,,,,True,
tcchunkdetection_torchscript,float,qnn_dlc,,,,76.34,,,,,,,,,,2026-08-23,main,qualcomm-snapdragon-8-elite-for-galaxy,,,,,,,,,,True,
tcchunkdetection_torchscript,float,qnn_dlc_via_qnn_ep,,,,76.34,,,,,,,,,,2026-08-23,main,qualcomm-snapdragon-8-elite-for-galaxy,,,,,,,,,,True,
tcchunkdetection_torchscript,float,onnx,,,,76.34,,,,,,,,,,2026-08-23,main,qualcomm-snapdragon-8-elite-for-galaxy,,,,,,,,,,True,
tcdcvcdmc_360p_torchscript,float,qnn_dlc,,,,24.68,,,,,,,,,,2026-08-23,main,qualcomm-snapdragon-8-elite-for-galaxy,,,,,,,,,,True,
tcdcvcdmc_360p_torchscript,float,qnn_dlc_via_qnn_ep,,,,24.68,,,,,,,,,,2026-08-23,main,qualcomm-snapdragon-8-elite-for-galaxy,,,,,,,,,,True,
tcdcvcdmc_360p_torchscript,float,onnx,,,,24.68,,,,,,,,,,2026-08-23,main,qualcomm-snapdragon-8-elite-for-galaxy,,,,,,,,,,True,
tcdcvcintranoar_360p_torchscript,float,tflite,,,,38.39,,,,,,,,,,2026-08-23,main,qualcomm-snapdragon-8-elite-for-galaxy,,,,,,,,,,True,
tcdcvcintranoar_360p_torchscript,float,qnn_dlc_via_qnn_ep,,,,38.39,,,,,,,,,,2026-08-23,main,qualcomm-snapdragon-8-elite-for-galaxy,,,,,,,,,,True,
tcdcvcintranoar_360p_torchscript,float,onnx,,,,38.7,,,,,,,,,,2026-08-23,main,qualcomm-snapdragon-8-elite-for-galaxy,,,,,,,,,,True,
tcfacemodel_torchscript,float,tflite,,,,76.94,,,,,,,,,,2026-08-23,main,qualcomm-snapdragon-8-elite-for-galaxy,,,,,,,,,,True,
tcfacemodel_torchscript,float,qnn_dlc,,,,76.94,,,,,,,,,,2026-08-23,main,qualcomm-snapdragon-8-elite-for-galaxy,,,,,,,,,,True,
tcfacemodel_torchscript,float,qnn_dlc_via_qnn_ep,,,,76.94,,,,,,,,,,2026-08-23,main,qualcomm-snapdragon-8-elite-for-galaxy,,,,,,,,,,True,
tcfacemodel_torchscript,float,onnx,,,,76.85,,,,,,,,,,2026-08-23,main,qualcomm-snapdragon-8-elite-for-galaxy,,,,,,,,,,True,
tcgandecoder_torchscript,float,tflite,,,,43.43,,,,,,,,,,2026-08-23,main,qualcomm-snapdragon-8-elite-for-galaxy,,,,,,,,,,True,
tcgandecoder_torchscript,float,qnn_dlc,,,,43.44,,,,,,,,,,2026-08-23,main,qualcomm-snapdragon-8-elite-for-galaxy,,,,,,,,,,True,
tcgandecoder_torchscript,float,qnn_dlc_via_qnn_ep,,,,43.44,,,,,,,,,,2026-08-23,main,qualcomm-snapdragon-8-elite-for-galaxy,,,,,,,,,,True,
tcgandecoder_torchscript,float,onnx,,,,43.44,,,,,,,,,,2026-08-23,main,qualcomm-snapdragon-8-elite-for-galaxy,,,,,,,,,,True,
tcganencoder_torchscript,float,tflite,,,,,,,,,,,,,,2026-08-23,main,qualcomm-snapdragon-8-elite-for-galaxy,,,,,,,,,,True,
tcganencoder_torchscript,float,qnn_dlc,,,,,,,,,,,,,,2026-08-23,main,qualcomm-snapdragon-8-elite-for-galaxy,,,,,,,,,,True,
tcimagesegmentationrtmi_torchscript,float,tflite,,,,46.52,,,,,,,,,,2026-08-23,main,qualcomm-snapdragon-8-elite-for-galaxy,,,,,,,,,,True,
tcimagesegmentationrtmi_torchscript,float,qnn_dlc,,,,46.52,,,,,,,,,,2026-08-23,main,qualcomm-snapdragon-8-elite-for-galaxy,,,,,,,,,,True,
tcimagesegmentationrtmi_torchscript,float,qnn_dlc_via_qnn_ep,,,,46.52,,,,,,,,,,2026-08-23,main,qualcomm-snapdragon-8-elite-for-galaxy,,,,,,,,,,True,
tcimagesegmentationrtmi_torchscript,float,onnx,,,,46.52,,,,,,,,,,2026-08-23,main,qualcomm-snapdragon-8-elite-for-galaxy,,,,,,,,,,True,
tcmaskclassifier_torchscript,float,tflite,,,,51.44,,,,,,,,,,2026-08-23,main,qualcomm-snapdragon-8-elite-for-galaxy,,,,,,,,,,True,
tcmaskclassifier_torchscript,float,qnn_dlc,,,,51.44,,,,,,,,,,2026-08-23,main,qualcomm-snapdragon-8-elite-for-galaxy,,,,,,,,,,True,
tcmaskclassifier_torchscript,float,qnn_dlc_via_qnn_ep,,,,51.44,,,,,,,,,,2026-08-23,main,qualcomm-snapdragon-8-elite-for-galaxy,,,,,,,,,,True,
tcmaskclassifier_torchscript,float,onnx,,,,51.44,,,,,,,,,,2026-08-23,main,qualcomm-snapdragon-8-elite-for-galaxy,,,,,,,,,,True,
tcmultihead_torchscript,float,tflite,,,,72.06,66.44,52.32,48.54,54.41,35.42,34.1,17.18,16.28,60.02,2026-08-23,main,qualcomm-snapdragon-8-elite-for-galaxy,,,,,,,,,,True,
tcpersonsegmentation_torchscript,float,tflite,,,,72.55,,,,,,,,,,2026-08-23,main,qualcomm-snapdragon-8-elite-for-galaxy,,,,,,,,,,True,
tcpersonsegmentation_torchscript,float,qnn_dlc,,,,72.55,,,,,,,,,,2026-08-23,main,qualcomm-snapdragon-8-elite-for-galaxy,,,,,,,,,,True,
tcpersonsegmentation_torchscript,float,qnn_dlc_via_qnn_ep,,,,72.55,,,,,,,,,,2026-08-23,main,qualcomm-snapdragon-8-elite-for-galaxy,,,,,,,,,,True,
tcpersonsegmentation_torchscript,float,onnx,,,,72.55,,,,,,,,,,2026-08-23,main,qualcomm-snapdragon-8-elite-for-galaxy,,,,,,,,,,True,
tcswifty_torchscript,float,tflite,,,,77.84,80.61,82.63,80.48,86.69,,,,,,2026-08-23,main,qualcomm-snapdragon-8-elite-for-galaxy,,,,,,,,,,True,
tcswifty_torchscript,float,qnn_dlc,,,,77.84,80.61,82.63,80.48,86.69,,,,,,2026-08-23,main,qualcomm-snapdragon-8-elite-for-galaxy,,,,,,,,,,True,
tctc2convnet_torchscript,float,tflite,,,,86.91,,,,,,,,,,2026-08-23,main,qualcomm-snapdragon-8-elite-for-galaxy,,,,,,,,,,True,
tctc2convnet_torchscript,float,qnn_dlc,,,,86.1,,,,,,,,,,2026-08-23,main,qualcomm-snapdragon-8-elite-for-galaxy,,,,,,,,,,True,
tctc2convnet_torchscript,float,qnn_dlc_via_qnn_ep,,,,86.1,,,,,,,,,,2026-08-23,main,qualcomm-snapdragon-8-elite-for-galaxy,,,,,,,,,,True,
tctc2convnet_torchscript,float,onnx,,,,86.1,,,,,,,,,,2026-08-23,main,qualcomm-snapdragon-8-elite-for-galaxy,,,,,,,,,,True,
tctc2decoderstep_torchscript,float,tflite,,,,73.66,72.32,74.63,73.75,58.35,76.6,71.98,71.25,100.0,,2026-08-23,main,qualcomm-snapdragon-8-elite-for-galaxy,,,,,,,,,,True,
tctc2encoderstep_torchscript,float,tflite,,,,72.56,72.32,72.4,73.37,73.04,72.9,,,,,2026-08-23,main,qualcomm-snapdragon-8-elite-for-galaxy,,,,,,,,,,True,
tctc2encoderstep_torchscript,float,qnn_dlc,,,,12.37,7.359,8.47,24.68,2.168,24.8,,,,,2026-08-23,main,qualcomm-snapdragon-8-elite-for-galaxy,,,,,,,,,,True,
tctc2encoderstep_torchscript,float,qnn_dlc_via_qnn_ep,,,,7.113,3.963,8.47,6.478,2.318,8.522,,,,,2026-08-23,main,qualcomm-snapdragon-8-elite-for-galaxy,,,,,,,,,,True,
tctc2encoderstep_torchscript,float,onnx,,,,72.56,72.32,72.4,73.37,73.04,72.9,,,,,2026-08-23,main,qualcomm-snapdragon-8-elite-for-galaxy,,,,,,,,,,True,
tctc2memorylayer_torchscript,float,tflite,,,,82.59,,,,,,,,,,2026-08-23,main,qualcomm-snapdragon-8-elite-for-galaxy,,,,,,,,,,True,
tctc2memorylayer_torchscript,float,qnn_dlc,,,,82.59,,,,,,,,,,2026-08-23,main,qualcomm-snapdragon-8-elite-for-galaxy,,,,,,,,,,True,
tctc2memorylayer_torchscript,float,qnn_dlc_via_qnn_ep,,,,82.59,,,,,,,,,,2026-08-23,main,qualcomm-snapdragon-8-elite-for-galaxy,,,,,,,,,,True,
tctc2memorylayer_torchscript,float,onnx,,,,82.59,,,,,,,,,,2026-08-23,main,qualcomm-snapdragon-8-elite-for-galaxy,,,,,,,,,,True,
tctc2postnet_torchscript,float,tflite,,,,65.64,,,,,,,,,,2026-08-23,main,qualcomm-snapdragon-8-elite-for-galaxy,,,,,,,,,,True,
tctc2postnet_torchscript,float,qnn_dlc,,,,75.69,,,,,,,,,,2026-08-23,main,qualcomm-snapdragon-8-elite-for-galaxy,,,,,,,,,,True,
tctc2postnet_torchscript,float,qnn_dlc_via_qnn_ep,,,,75.69,,,,,,,,,,2026-08-23,main,qualcomm-snapdragon-8-elite-for-galaxy,,,,,,,,,,True,
tctc2postnet_torchscript,float,onnx,,,,75.69,,,,,,,,,,2026-08-23,main,qualcomm-snapdragon-8-elite-for-galaxy,,,,,,,,,,True,
tctfv5_torchscript,float,tflite,,,,59.42,,,,,,,,,,2026-08-23,main,qualcomm-snapdragon-8-elite-for-galaxy,,,,,,,,,,True,
tctfv5_torchscript,float,qnn_dlc,,,,59.31,,,,,,,,,,2026-08-23,main,qualcomm-snapdragon-8-elite-for-galaxy,,,,,,,,,,True,
tctfv5_torchscript,float,qnn_dlc_via_qnn_ep,,,,59.59,,,,,,,,,,2026-08-23,main,qualcomm-snapdragon-8-elite-for-galaxy,,,,,,,,,,True,
tctfv5_torchscript,float,onnx,,,,59.51,,,,,,,,,,2026-08-23,main,qualcomm-snapdragon-8-elite-for-galaxy,,,,,,,,,,True,
tcvocoder_torchscript,float,tflite,,,,50.49,,,,,,,,,,2026-08-23,main,qualcomm-snapdragon-8-elite-for-galaxy,,,,,,,,,,True,
tcvocoder_torchscript,float,qnn_dlc,,,,50.47,,,,,,,,,,2026-08-23,main,qualcomm-snapdragon-8-elite-for-galaxy,,,,,,,,,,True,
tcvocoder_torchscript,float,qnn_dlc_via_qnn_ep,,,,50.47,,,,,,,,,,2026-08-23,main,qualcomm-snapdragon-8-elite-for-galaxy,,,,,,,,,,True,
tcvocoder_torchscript,float,onnx,,,,50.47,,,,,,,,,,2026-08-23,main,qualcomm-snapdragon-8-elite-for-galaxy,,,,,,,,,,True,
tcvoicealigncruse_torchscript,float,tflite,,,,80.09,,,,,,,,,,2026-08-23,main,qualcomm-snapdragon-8-elite-for-galaxy,,,,,,,,,,True,
tcvoicealigncruse_torchscript,float,qnn_dlc,,,,80.36,,,,,,,,,,2026-08-23,main,qualcomm-snapdragon-8-elite-for-galaxy,,,,,,,,,,True,
tcvoicealigncruse_torchscript,float,onnx,,,,80.36,,,,,,,,,,2026-08-23,main,qualcomm-snapdragon-8-elite-for-galaxy,,,,,,,,,,True,
uniformer_torchscript,float,tflite,,,,10.01,,,,,,,,,,2026-08-23,main,qualcomm-snapdragon-8-elite-for-galaxy,,,,,,,,,,True,
uniformer_torchscript,float,qnn_dlc,,,,40.54,,,,,,,,,,2026-08-23,main,qualcomm-snapdragon-8-elite-for-galaxy,,,,,,,,,,True,
uniformer_torchscript,float,qnn_dlc_via_qnn_ep,,,,40.57,,,,,,,,,,2026-08-23,main,qualcomm-snapdragon-8-elite-for-galaxy,,,,,,,,,,True,
uniformer_torchscript,float,onnx,,,,40.57,,,,,,,,,,2026-08-23,main,qualcomm-snapdragon-8-elite-for-galaxy,,,,,,,,,,True,
zerodce_torchscript,float,tflite,,,,51.32,45.87,33.11,,,,,,,,2026-08-23,main,qualcomm-snapdragon-8-elite-for-galaxy,,,,,,,,,,True,
zerodceplusplus_torchscript,float,tflite,,,,46.02,35.55,,,,,,,,,2026-08-23,main,qualcomm-snapdragon-8-elite-for-galaxy,,,,,,,,,,True,
zerodceplusplus_torchscript,float,qnn_dlc,,,,46.02,35.55,,,,,,,,,2026-08-23,main,qualcomm-snapdragon-8-elite-for-galaxy,,,,,,,,,,True,
zerodceplusplus_torchscript,float,qnn_dlc_via_qnn_ep,,,,-11.3,1.882,,,,,,,,,2026-08-23,main,qualcomm-snapdragon-8-elite-for-galaxy,,,,,,,,,,True,
zerodceplusplus_torchscript,float,onnx,,,,46.02,35.55,,,,,,,,,2026-08-23,main,qualcomm-snapdragon-8-elite-for-galaxy,,,,,,,,,,True,
detr_resnet50_dc5,w8a16_mixed_fp16,qnn_dlc,43.7,37.2,37.0,31.68,28.84,20.24,,,,,,,,2026-08-23,main,qualcomm-snapdragon-8-elite-for-galaxy,coco91_class,https://cocodataset.org/,val2017 split,Mean Average Precision,mAP@0.5:0.95,Mean Average Precision averaged over IOU thresholds 0.5 to 0.95 in 0.05 increments.,0.0,100.0,10.0,True,300.0
detr_resnet50_dc5,w8a16_mixed_fp16,qnn_dlc_via_qnn_ep,43.7,37.2,,,,,,,,,,,,2026-08-23,main,qualcomm-snapdragon-8-elite-for-galaxy,coco91_class,https://cocodataset.org/,val2017 split,Mean Average Precision,mAP@0.5:0.95,Mean Average Precision averaged over IOU thresholds 0.5 to 0.95 in 0.05 increments.,0.0,100.0,10.0,True,300.0
detr_resnet50_dc5,w8a16_mixed_fp16,onnx,43.7,37.2,36.4,21.89,19.18,16.11,,,,,,,,2026-08-23,main,qualcomm-snapdragon-8-elite-for-galaxy,coco91_class,https://cocodataset.org/,val2017 split,Mean Average Precision,mAP@0.5:0.95,Mean Average Precision averaged over IOU thresholds 0.5 to 0.95 in 0.05 increments.,0.0,100.0,10.0,True,300.0
amt_torchscript,float,qnn_dlc,,,,40.7,,,,,,,,,,2026-08-30,main,qualcomm-snapdragon-8-elite-for-galaxy,,,,,,,,,,,
cdcn_torchscript,float,tflite,,,,62.82,,,,,,,,,,2026-08-30,main,qualcomm-snapdragon-8-elite-for-galaxy,,,,,,,,,,,
cdcn_torchscript,float,qnn_dlc,,,,62.82,,,,,,,,,,2026-08-30,main,qualcomm-snapdragon-8-elite-for-galaxy,,,,,,,,,,,
cdcn_torchscript,float,qnn_dlc_via_qnn_ep,,,,62.82,,,,,,,,,,2026-08-30,main,qualcomm-snapdragon-8-elite-for-galaxy,,,,,,,,,,,
cdcn_torchscript,float,onnx,,,,62.79,,,,,,,,,,2026-08-30,main,qualcomm-snapdragon-8-elite-for-galaxy,,,,,,,,,,,
custom_grid_sampler_torchscript,float,qnn_dlc,,,,52.22,40.23,29.84,23.85,19.28,18.02,19.61,18.42,17.82,14.98,2026-08-30,main,qualcomm-snapdragon-8-elite-for-galaxy,,,,,,,,,,,
doc_enhancement_inpaint_torchscript,float,tflite,,,,12.5,,,,,,,,,,2026-08-30,main,qualcomm-snapdragon-8-elite-for-galaxy,,,,,,,,,,,
doc_enhancement_inpaint_torchscript,float,qnn_dlc,,,,37.98,,,,,,,,,,2026-08-30,main,qualcomm-snapdragon-8-elite-for-galaxy,,,,,,,,,,,
doc_enhancement_inpaint_torchscript,float,qnn_dlc_via_qnn_ep,,,,37.98,,,,,,,,,,2026-08-30,main,qualcomm-snapdragon-8-elite-for-galaxy,,,,,,,,,,,
doc_enhancement_inpaint_torchscript,float,onnx,,,,37.98,,,,,,,,,,2026-08-30,main,qualcomm-snapdragon-8-elite-for-galaxy,,,,,,,,,,,
doc_enhancement_object_removal_torchscript,float,tflite,,,,-17.87,,,,,,,,,,2026-08-30,main,qualcomm-snapdragon-8-elite-for-galaxy,,,,,,,,,,,
doc_enhancement_object_removal_torchscript,float,qnn_dlc,,,,-17.87,,,,,,,,,,2026-08-30,main,qualcomm-snapdragon-8-elite-for-galaxy,,,,,,,,,,,
doc_enhancement_object_removal_torchscript,float,qnn_dlc_via_qnn_ep,,,,-17.87,,,,,,,,,,2026-08-30,main,qualcomm-snapdragon-8-elite-for-galaxy,,,,,,,,,,,
doc_enhancement_object_removal_torchscript,float,onnx,,,,-17.87,,,,,,,,,,2026-08-30,main,qualcomm-snapdragon-8-elite-for-galaxy,,,,,,,,,,,
efficientformer_l1_onnx,float,tflite,,,,30.29,,,,,,,,,,2026-08-30,main,qualcomm-snapdragon-8-elite-for-galaxy,,,,,,,,,,,
efficientformer_l1_onnx,float,qnn_dlc,,,,30.28,,,,,,,,,,2026-08-30,main,qualcomm-snapdragon-8-elite-for-galaxy,,,,,,,,,,,
efficientformer_l1_onnx,float,qnn_dlc_via_qnn_ep,,,,30.28,,,,,,,,,,2026-08-30,main,qualcomm-snapdragon-8-elite-for-galaxy,,,,,,,,,,,
efficientformer_l1_onnx,float,onnx,,,,30.28,,,,,,,,,,2026-08-30,main,qualcomm-snapdragon-8-elite-for-galaxy,,,,,,,,,,,
efficientformer_onnx,float,tflite,,,,30.29,,,,,,,,,,2026-08-30,main,qualcomm-snapdragon-8-elite-for-galaxy,,,,,,,,,,,
efficientformer_onnx,float,qnn_dlc,,,,30.28,,,,,,,,,,2026-08-30,main,qualcomm-snapdragon-8-elite-for-galaxy,,,,,,,,,,,
efficientformer_onnx,float,qnn_dlc_via_qnn_ep,,,,30.28,,,,,,,,,,2026-08-30,main,qualcomm-snapdragon-8-elite-for-galaxy,,,,,,,,,,,
efficientformer_onnx,float,onnx,,,,30.28,,,,,,,,,,2026-08-30,main,qualcomm-snapdragon-8-elite-for-galaxy,,,,,,,,,,,
image_enhancement_cig_h_redrawing_torchscript,float,tflite,,,,22.79,,,,,,,,,,2026-08-30,main,qualcomm-snapdragon-8-elite-for-galaxy,,,,,,,,,,,
image_enhancement_cig_h_redrawing_torchscript,float,qnn_dlc,,,,22.79,,,,,,,,,,2026-08-30,main,qualcomm-snapdragon-8-elite-for-galaxy,,,,,,,,,,,
image_enhancement_cig_h_redrawing_torchscript,float,qnn_dlc_via_qnn_ep,,,,22.79,,,,,,,,,,2026-08-30,main,qualcomm-snapdragon-8-elite-for-galaxy,,,,,,,,,,,
image_enhancement_cig_h_redrawing_torchscript,float,onnx,,,,16.14,,,,,,,,,,2026-08-30,main,qualcomm-snapdragon-8-elite-for-galaxy,,,,,,,,,,,
image_enhancement_cig_i_redrawing_torchscript,float,tflite,,,,69.35,,,,,,,,,,2026-08-30,main,qualcomm-snapdragon-8-elite-for-galaxy,,,,,,,,,,,
image_enhancement_cig_i_redrawing_torchscript,float,qnn_dlc,,,,69.35,,,,,,,,,,2026-08-30,main,qualcomm-snapdragon-8-elite-for-galaxy,,,,,,,,,,,
image_enhancement_cig_i_redrawing_torchscript,float,qnn_dlc_via_qnn_ep,,,,69.35,,,,,,,,,,2026-08-30,main,qualcomm-snapdragon-8-elite-for-galaxy,,,,,,,,,,,
image_enhancement_cig_i_redrawing_torchscript,float,onnx,,,,69.35,,,,,,,,,,2026-08-30,main,qualcomm-snapdragon-8-elite-for-galaxy,,,,,,,,,,,
intern_image,float,qnn_dlc,,,,37.07,,,,,,,,,,2026-08-30,main,qualcomm-snapdragon-8-elite-for-galaxy,,,,,,,,,,,
nanotrackv3template_torchscript,float,tflite,,,,49.18,,,,,,,,,,2026-08-30,main,qualcomm-snapdragon-8-elite-for-galaxy,,,,,,,,,,,
nanotrackv3template_torchscript,float,qnn_dlc,,,,50.06,,,,,,,,,,2026-08-30,main,qualcomm-snapdragon-8-elite-for-galaxy,,,,,,,,,,,
nanotrackv3template_torchscript,float,qnn_dlc_via_qnn_ep,,,,50.06,,,,,,,,,,2026-08-30,main,qualcomm-snapdragon-8-elite-for-galaxy,,,,,,,,,,,
nanotrackv3template_torchscript,float,onnx,,,,50.06,,,,,,,,,,2026-08-30,main,qualcomm-snapdragon-8-elite-for-galaxy,,,,,,,,,,,
photo_remaster_aideblur_fpn_torchscript,float,tflite,,,,62.43,66.2,70.56,,,,,,,,2026-08-30,main,qualcomm-snapdragon-8-elite-for-galaxy,,,,,,,,,,,
photo_remaster_aideblur_fpn_torchscript,float,qnn_dlc,,,,62.43,66.2,70.56,,,,,,,,2026-08-30,main,qualcomm-snapdragon-8-elite-for-galaxy,,,,,,,,,,,
photo_remaster_aideblur_v140_torchscript,float,tflite,,,,62.2,,,,,,,,,,2026-08-30,main,qualcomm-snapdragon-8-elite-for-galaxy,,,,,,,,,,,
photo_remaster_aideblur_v140_torchscript,float,qnn_dlc,,,,62.2,,,,,,,,,,2026-08-30,main,qualcomm-snapdragon-8-elite-for-galaxy,,,,,,,,,,,
photo_remaster_aideblur_v140_torchscript,float,qnn_dlc_via_qnn_ep,,,,62.2,,,,,,,,,,2026-08-30,main,qualcomm-snapdragon-8-elite-for-galaxy,,,,,,,,,,,
photo_remaster_aideblur_v140_torchscript,float,onnx,,,,62.2,,,,,,,,,,2026-08-30,main,qualcomm-snapdragon-8-elite-for-galaxy,,,,,,,,,,,
tcchunkdetection_torchscript,float,tflite,,,,76.34,,,,,,,,,,2026-08-30,main,qualcomm-snapdragon-8-elite-for-galaxy,,,,,,,,,,,
tcchunkdetection_torchscript,float,qnn_dlc,,,,76.34,,,,,,,,,,2026-08-30,main,qualcomm-snapdragon-8-elite-for-galaxy,,,,,,,,,,,
tcchunkdetection_torchscript,float,qnn_dlc_via_qnn_ep,,,,76.34,,,,,,,,,,2026-08-30,main,qualcomm-snapdragon-8-elite-for-galaxy,,,,,,,,,,,
tcchunkdetection_torchscript,float,onnx,,,,76.34,,,,,,,,,,2026-08-30,main,qualcomm-snapdragon-8-elite-for-galaxy,,,,,,,,,,,
tcdcvcdmc_360p_torchscript,float,qnn_dlc,,,,24.68,,,,,,,,,,2026-08-30,main,qualcomm-snapdragon-8-elite-for-galaxy,,,,,,,,,,,
tcdcvcdmc_360p_torchscript,float,qnn_dlc_via_qnn_ep,,,,24.68,,,,,,,,,,2026-08-30,main,qualcomm-snapdragon-8-elite-for-galaxy,,,,,,,,,,,
tcdcvcdmc_360p_torchscript,float,onnx,,,,24.68,,,,,,,,,,2026-08-30,main,qualcomm-snapdragon-8-elite-for-galaxy,,,,,,,,,,,
tcdcvcintranoar_360p_torchscript,float,tflite,,,,38.39,,,,,,,,,,2026-08-30,main,qualcomm-snapdragon-8-elite-for-galaxy,,,,,,,,,,,
tcdcvcintranoar_360p_torchscript,float,qnn_dlc_via_qnn_ep,,,,38.39,,,,,,,,,,2026-08-30,main,qualcomm-snapdragon-8-elite-for-galaxy,,,,,,,,,,,
tcdcvcintranoar_360p_torchscript,float,onnx,,,,38.7,,,,,,,,,,2026-08-30,main,qualcomm-snapdragon-8-elite-for-galaxy,,,,,,,,,,,
tcfacemodel_torchscript,float,tflite,,,,76.94,,,,,,,,,,2026-08-30,main,qualcomm-snapdragon-8-elite-for-galaxy,,,,,,,,,,,
tcfacemodel_torchscript,float,qnn_dlc,,,,76.94,,,,,,,,,,2026-08-30,main,qualcomm-snapdragon-8-elite-for-galaxy,,,,,,,,,,,
tcfacemodel_torchscript,float,qnn_dlc_via_qnn_ep,,,,76.94,,,,,,,,,,2026-08-30,main,qualcomm-snapdragon-8-elite-for-galaxy,,,,,,,,,,,
tcfacemodel_torchscript,float,onnx,,,,76.85,,,,,,,,,,2026-08-30,main,qualcomm-snapdragon-8-elite-for-galaxy,,,,,,,,,,,
tcgandecoder_torchscript,float,tflite,,,,43.43,,,,,,,,,,2026-08-30,main,qualcomm-snapdragon-8-elite-for-galaxy,,,,,,,,,,,
tcgandecoder_torchscript,float,qnn_dlc,,,,43.44,,,,,,,,,,2026-08-30,main,qualcomm-snapdragon-8-elite-for-galaxy,,,,,,,,,,,
tcgandecoder_torchscript,float,qnn_dlc_via_qnn_ep,,,,43.44,,,,,,,,,,2026-08-30,main,qualcomm-snapdragon-8-elite-for-galaxy,,,,,,,,,,,
tcgandecoder_torchscript,float,onnx,,,,43.44,,,,,,,,,,2026-08-30,main,qualcomm-snapdragon-8-elite-for-galaxy,,,,,,,,,,,
tcganencoder_torchscript,float,tflite,,,,,,,,,,,,,,2026-08-30,main,qualcomm-snapdragon-8-elite-for-galaxy,,,,,,,,,,,
tcganencoder_torchscript,float,qnn_dlc,,,,,,,,,,,,,,2026-08-30,main,qualcomm-snapdragon-8-elite-for-galaxy,,,,,,,,,,,
tcimagesegmentationrtmi_torchscript,float,tflite,,,,46.52,,,,,,,,,,2026-08-30,main,qualcomm-snapdragon-8-elite-for-galaxy,,,,,,,,,,,
tcimagesegmentationrtmi_torchscript,float,qnn_dlc,,,,46.52,,,,,,,,,,2026-08-30,main,qualcomm-snapdragon-8-elite-for-galaxy,,,,,,,,,,,
tcimagesegmentationrtmi_torchscript,float,qnn_dlc_via_qnn_ep,,,,46.52,,,,,,,,,,2026-08-30,main,qualcomm-snapdragon-8-elite-for-galaxy,,,,,,,,,,,
tcimagesegmentationrtmi_torchscript,float,onnx,,,,46.52,,,,,,,,,,2026-08-30,main,qualcomm-snapdragon-8-elite-for-galaxy,,,,,,,,,,,
tcmaskclassifier_torchscript,float,tflite,,,,51.44,,,,,,,,,,2026-08-30,main,qualcomm-snapdragon-8-elite-for-galaxy,,,,,,,,,,,
tcmaskclassifier_torchscript,float,qnn_dlc,,,,51.44,,,,,,,,,,2026-08-30,main,qualcomm-snapdragon-8-elite-for-galaxy,,,,,,,,,,,
tcmaskclassifier_torchscript,float,qnn_dlc_via_qnn_ep,,,,51.44,,,,,,,,,,2026-08-30,main,qualcomm-snapdragon-8-elite-for-galaxy,,,,,,,,,,,
tcmaskclassifier_torchscript,float,onnx,,,,51.44,,,,,,,,,,2026-08-30,main,qualcomm-snapdragon-8-elite-for-galaxy,,,,,,,,,,,
tcmultihead_torchscript,float,tflite,,,,72.06,66.44,52.32,48.54,54.41,35.42,34.1,17.18,16.28,60.02,2026-08-30,main,qualcomm-snapdragon-8-elite-for-galaxy,,,,,,,,,,,
tcpersonsegmentation_torchscript,float,tflite,,,,72.55,,,,,,,,,,2026-08-30,main,qualcomm-snapdragon-8-elite-for-galaxy,,,,,,,,,,,
tcpersonsegmentation_torchscript,float,qnn_dlc,,,,72.55,,,,,,,,,,2026-08-30,main,qualcomm-snapdragon-8-elite-for-galaxy,,,,,,,,,,,
tcpersonsegmentation_torchscript,float,qnn_dlc_via_qnn_ep,,,,72.55,,,,,,,,,,2026-08-30,main,qualcomm-snapdragon-8-elite-for-galaxy,,,,,,,,,,,
tcpersonsegmentation_torchscript,float,onnx,,,,72.55,,,,,,,,,,2026-08-30,main,qualcomm-snapdragon-8-elite-for-galaxy,,,,,,,,,,,
tcswifty_torchscript,float,tflite,,,,77.84,80.61,82.63,80.48,86.69,,,,,,2026-08-30,main,qualcomm-snapdragon-8-elite-for-galaxy,,,,,,,,,,,
tcswifty_torchscript,float,qnn_dlc,,,,77.84,80.61,82.63,80.48,86.69,,,,,,2026-08-30,main,qualcomm-snapdragon-8-elite-for-galaxy,,,,,,,,,,,
tctc2convnet_torchscript,float,tflite,,,,86.91,,,,,,,,,,2026-08-30,main,qualcomm-snapdragon-8-elite-for-galaxy,,,,,,,,,,,
tctc2convnet_torchscript,float,qnn_dlc,,,,86.1,,,,,,,,,,2026-08-30,main,qualcomm-snapdragon-8-elite-for-galaxy,,,,,,,,,,,
tctc2convnet_torchscript,float,qnn_dlc_via_qnn_ep,,,,86.1,,,,,,,,,,2026-08-30,main,qualcomm-snapdragon-8-elite-for-galaxy,,,,,,,,,,,
tctc2convnet_torchscript,float,onnx,,,,86.1,,,,,,,,,,2026-08-30,main,qualcomm-snapdragon-8-elite-for-galaxy,,,,,,,,,,,
tctc2decoderstep_torchscript,float,tflite,,,,73.66,72.32,74.63,73.75,58.35,76.6,71.98,71.25,100.0,,2026-08-30,main,qualcomm-snapdragon-8-elite-for-galaxy,,,,,,,,,,,
tctc2encoderstep_torchscript,float,tflite,,,,72.56,72.32,72.4,73.37,73.04,72.9,,,,,2026-08-30,main,qualcomm-snapdragon-8-elite-for-galaxy,,,,,,,,,,,
tctc2encoderstep_torchscript,float,qnn_dlc,,,,12.37,7.359,8.47,24.68,2.168,24.8,,,,,2026-08-30,main,qualcomm-snapdragon-8-elite-for-galaxy,,,,,,,,,,,
tctc2encoderstep_torchscript,float,qnn_dlc_via_qnn_ep,,,,7.113,3.963,8.47,6.478,2.318,8.522,,,,,2026-08-30,main,qualcomm-snapdragon-8-elite-for-galaxy,,,,,,,,,,,
tctc2encoderstep_torchscript,float,onnx,,,,72.56,72.32,72.4,73.37,73.04,72.9,,,,,2026-08-30,main,qualcomm-snapdragon-8-elite-for-galaxy,,,,,,,,,,,
tctc2memorylayer_torchscript,float,tflite,,,,82.59,,,,,,,,,,2026-08-30,main,qualcomm-snapdragon-8-elite-for-galaxy,,,,,,,,,,,
tctc2memorylayer_torchscript,float,qnn_dlc,,,,82.59,,,,,,,,,,2026-08-30,main,qualcomm-snapdragon-8-elite-for-galaxy,,,,,,,,,,,
tctc2memorylayer_torchscript,float,qnn_dlc_via_qnn_ep,,,,82.59,,,,,,,,,,2026-08-30,main,qualcomm-snapdragon-8-elite-for-galaxy,,,,,,,,,,,
tctc2memorylayer_torchscript,float,onnx,,,,82.59,,,,,,,,,,2026-08-30,main,qualcomm-snapdragon-8-elite-for-galaxy,,,,,,,,,,,
tctc2postnet_torchscript,float,tflite,,,,65.64,,,,,,,,,,2026-08-30,main,qualcomm-snapdragon-8-elite-for-galaxy,,,,,,,,,,,
tctc2postnet_torchscript,float,qnn_dlc,,,,75.69,,,,,,,,,,2026-08-30,main,qualcomm-snapdragon-8-elite-for-galaxy,,,,,,,,,,,
tctc2postnet_torchscript,float,qnn_dlc_via_qnn_ep,,,,75.69,,,,,,,,,,2026-08-30,main,qualcomm-snapdragon-8-elite-for-galaxy,,,,,,,,,,,
tctc2postnet_torchscript,float,onnx,,,,75.69,,,,,,,,,,2026-08-30,main,qualcomm-snapdragon-8-elite-for-galaxy,,,,,,,,,,,
tctfv5_torchscript,float,tflite,,,,59.42,,,,,,,,,,2026-08-30,main,qualcomm-snapdragon-8-elite-for-galaxy,,,,,,,,,,,
tctfv5_torchscript,float,qnn_dlc,,,,59.31,,,,,,,,,,2026-08-30,main,qualcomm-snapdragon-8-elite-for-galaxy,,,,,,,,,,,
tctfv5_torchscript,float,qnn_dlc_via_qnn_ep,,,,59.59,,,,,,,,,,2026-08-30,main,qualcomm-snapdragon-8-elite-for-galaxy,,,,,,,,,,,
tctfv5_torchscript,float,onnx,,,,59.51,,,,,,,,,,2026-08-30,main,qualcomm-snapdragon-8-elite-for-galaxy,,,,,,,,,,,
tcvocoder_torchscript,float,tflite,,,,50.49,,,,,,,,,,2026-08-30,main,qualcomm-snapdragon-8-elite-for-galaxy,,,,,,,,,,,
tcvocoder_torchscript,float,qnn_dlc,,,,50.47,,,,,,,,,,2026-08-30,main,qualcomm-snapdragon-8-elite-for-galaxy,,,,,,,,,,,
tcvocoder_torchscript,float,qnn_dlc_via_qnn_ep,,,,50.47,,,,,,,,,,2026-08-30,main,qualcomm-snapdragon-8-elite-for-galaxy,,,,,,,,,,,
tcvocoder_torchscript,float,onnx,,,,50.47,,,,,,,,,,2026-08-30,main,qualcomm-snapdragon-8-elite-for-galaxy,,,,,,,,,,,
tcvoicealigncruse_torchscript,float,tflite,,,,80.09,,,,,,,,,,2026-08-30,main,qualcomm-snapdragon-8-elite-for-galaxy,,,,,,,,,,,
tcvoicealigncruse_torchscript,float,qnn_dlc,,,,80.36,,,,,,,,,,2026-08-30,main,qualcomm-snapdragon-8-elite-for-galaxy,,,,,,,,,,,
tcvoicealigncruse_torchscript,float,onnx,,,,80.36,,,,,,,,,,2026-08-30,main,qualcomm-snapdragon-8-elite-for-galaxy,,,,,,,,,,,
uniformer_torchscript,float,tflite,,,,10.01,,,,,,,,,,2026-08-30,main,qualcomm-snapdragon-8-elite-for-galaxy,,,,,,,,,,,
uniformer_torchscript,float,qnn_dlc,,,,40.54,,,,,,,,,,2026-08-30,main,qualcomm-snapdragon-8-elite-for-galaxy,,,,,,,,,,,
uniformer_torchscript,float,qnn_dlc_via_qnn_ep,,,,40.57,,,,,,,,,,2026-08-30,main,qualcomm-snapdragon-8-elite-for-galaxy,,,,,,,,,,,
uniformer_torchscript,float,onnx,,,,40.57,,,,,,,,,,2026-08-30,main,qualcomm-snapdragon-8-elite-for-galaxy,,,,,,,,,,,
zerodce_torchscript,float,tflite,,,,51.32,45.87,33.11,,,,,,,,2026-08-30,main,qualcomm-snapdragon-8-elite-for-galaxy,,,,,,,,,,,
zerodceplusplus_torchscript,float,tflite,,,,46.02,35.55,,,,,,,,,2026-08-30,main,qualcomm-snapdragon-8-elite-for-galaxy,,,,,,,,,,,
zerodceplusplus_torchscript,float,qnn_dlc,,,,46.02,35.55,,,,,,,,,2026-08-30,main,qualcomm-snapdragon-8-elite-for-galaxy,,,,,,,,,,,
zerodceplusplus_torchscript,float,qnn_dlc_via_qnn_ep,,,,-11.3,1.882,,,,,,,,,2026-08-30,main,qualcomm-snapdragon-8-elite-for-galaxy,,,,,,,,,,,
zerodceplusplus_torchscript,float,onnx,,,,46.02,35.55,,,,,,,,,2026-08-30,main,qualcomm-snapdragon-8-elite-for-galaxy,,,,,,,,,,,
gemma_4_e2b_it,q4_0,geniex_llamacpp,95.8,,93.3,,,,,,,,,,,2026-09-02,main,qualcomm-snapdragon-x-elite,grace2,https://github.com/qualcomm/ai-hub-models/blob/main/tutorials/llm/grace.md,on-device prompt eval set,Grace2,%,Grading Response Accuracy Evaluation: percentage score from grading generated responses to the Grace2 prompt set with a grader LLM.,0.0,100.0,10.0,True,100.0
qwen3_5_0_8b,q4_0,geniex_llamacpp,63.2,,62.7,,,,,,,,,,,2026-09-02,main,qualcomm-snapdragon-x-elite,grace2,https://github.com/qualcomm/ai-hub-models/blob/main/tutorials/llm/grace.md,on-device prompt eval set,Grace2,%,Grading Response Accuracy Evaluation: percentage score from grading generated responses to the Grace2 prompt set with a grader LLM.,0.0,100.0,10.0,True,100.0
qwen3_5_2b,q4_0,geniex_llamacpp,79.5,,74.0,,,,,,,,,,,2026-09-02,main,qualcomm-snapdragon-x-elite,grace2,https://github.com/qualcomm/ai-hub-models/blob/main/tutorials/llm/grace.md,on-device prompt eval set,Grace2,%,Grading Response Accuracy Evaluation: percentage score from grading generated responses to the Grace2 prompt set with a grader LLM.,0.0,100.0,10.0,True,100.0
gemma_4_e4b_it,q4_0,geniex_llamacpp,97.2,,96.0,,,,,,,,,,,2026-09-06,main,qualcomm-snapdragon-x-elite,grace2,https://github.com/qualcomm/ai-hub-models/blob/main/tutorials/llm/grace.md,on-device prompt eval set,Grace2,%,Grading Response Accuracy Evaluation: percentage score from grading generated responses to the Grace2 prompt set with a grader LLM.,0.0,100.0,10.0,True,100.0
granite_4_0_micro,q4_0,geniex_llamacpp,,,92.1,,,,,,,,,,,2026-09-06,main,qualcomm-snapdragon-x-elite,grace2,https://github.com/qualcomm/ai-hub-models/blob/main/tutorials/llm/grace.md,on-device prompt eval set,Grace2,%,Grading Response Accuracy Evaluation: percentage score from grading generated responses to the Grace2 prompt set with a grader LLM.,0.0,100.0,10.0,True,100.0
ministral_3_3b_instruct_2512,q4_0,geniex_llamacpp,,,82.6,,,,,,,,,,,2026-09-06,main,qualcomm-snapdragon-x-elite,grace2,https://github.com/qualcomm/ai-hub-models/blob/main/tutorials/llm/grace.md,on-device prompt eval set,Grace2,%,Grading Response Accuracy Evaluation: percentage score from grading generated responses to the Grace2 prompt set with a grader LLM.,0.0,100.0,10.0,True,100.0
qwen3_0_6b,q4_0,geniex_llamacpp,71.4,,64.6,,,,,,,,,,,2026-09-06,main,qualcomm-snapdragon-x-elite,grace2,https://github.com/qualcomm/ai-hub-models/blob/main/tutorials/llm/grace.md,on-device prompt eval set,Grace2,%,Grading Response Accuracy Evaluation: percentage score from grading generated responses to the Grace2 prompt set with a grader LLM.,0.0,100.0,10.0,True,100.0
qwen3_1_7b,q4_0,geniex_llamacpp,81.2,,78.2,,,,,,,,,,,2026-09-06,main,qualcomm-snapdragon-x-elite,grace2,https://github.com/qualcomm/ai-hub-models/blob/main/tutorials/llm/grace.md,on-device prompt eval set,Grace2,%,Grading Response Accuracy Evaluation: percentage score from grading generated responses to the Grace2 prompt set with a grader LLM.,0.0,100.0,10.0,True,100.0
qwen3_4b,q4_0,geniex_llamacpp,93.1,,92.7,,,,,,,,,,,2026-09-06,main,qualcomm-snapdragon-x-elite,grace2,https://github.com/qualcomm/ai-hub-models/blob/main/tutorials/llm/grace.md,on-device prompt eval set,Grace2,%,Grading Response Accuracy Evaluation: percentage score from grading generated responses to the Grace2 prompt set with a grader LLM.,0.0,100.0,10.0,True,100.0
qwen3_vl_2b_instruct,q4_0,geniex_llamacpp,,,77.1,,,,,,,,,,,2026-09-06,main,qualcomm-snapdragon-x-elite,grace2,https://github.com/qualcomm/ai-hub-models/blob/main/tutorials/llm/grace.md,on-device prompt eval set,Grace2,%,Grading Response Accuracy Evaluation: percentage score from grading generated responses to the Grace2 prompt set with a grader LLM.,0.0,100.0,10.0,True,100.0
amt_torchscript,float,qnn_dlc_via_qnn_ep,,,,40.7,,,,,,,,,,2026-09-06,main,qualcomm-snapdragon-8-elite-for-galaxy,,,,,,,,,,,
cdcn_torchscript,float,tflite,,,,62.82,,,,,,,,,,2026-09-06,main,qualcomm-snapdragon-8-elite-for-galaxy,,,,,,,,,,,
cdcn_torchscript,float,qnn_dlc,,,,62.82,,,,,,,,,,2026-09-06,main,qualcomm-snapdragon-8-elite-for-galaxy,,,,,,,,,,,
cdcn_torchscript,float,qnn_dlc_via_qnn_ep,,,,62.82,,,,,,,,,,2026-09-06,main,qualcomm-snapdragon-8-elite-for-galaxy,,,,,,,,,,,
cdcn_torchscript,float,onnx,,,,62.79,,,,,,,,,,2026-09-06,main,qualcomm-snapdragon-8-elite-for-galaxy,,,,,,,,,,,
doc_enhancement_inpaint_torchscript,float,tflite,,,,12.5,,,,,,,,,,2026-09-06,main,qualcomm-snapdragon-8-elite-for-galaxy,,,,,,,,,,,
doc_enhancement_inpaint_torchscript,float,qnn_dlc,,,,37.98,,,,,,,,,,2026-09-06,main,qualcomm-snapdragon-8-elite-for-galaxy,,,,,,,,,,,
doc_enhancement_inpaint_torchscript,float,qnn_dlc_via_qnn_ep,,,,37.98,,,,,,,,,,2026-09-06,main,qualcomm-snapdragon-8-elite-for-galaxy,,,,,,,,,,,
doc_enhancement_inpaint_torchscript,float,onnx,,,,37.98,,,,,,,,,,2026-09-06,main,qualcomm-snapdragon-8-elite-for-galaxy,,,,,,,,,,,
doc_enhancement_object_removal_torchscript,float,tflite,,,,-17.87,,,,,,,,,,2026-09-06,main,qualcomm-snapdragon-8-elite-for-galaxy,,,,,,,,,,,
doc_enhancement_object_removal_torchscript,float,qnn_dlc,,,,-17.87,,,,,,,,,,2026-09-06,main,qualcomm-snapdragon-8-elite-for-galaxy,,,,,,,,,,,
doc_enhancement_object_removal_torchscript,float,qnn_dlc_via_qnn_ep,,,,-17.87,,,,,,,,,,2026-09-06,main,qualcomm-snapdragon-8-elite-for-galaxy,,,,,,,,,,,
doc_enhancement_object_removal_torchscript,float,onnx,,,,-17.87,,,,,,,,,,2026-09-06,main,qualcomm-snapdragon-8-elite-for-galaxy,,,,,,,,,,,
efficientformer_l1_onnx,float,tflite,,,,30.29,,,,,,,,,,2026-09-06,main,qualcomm-snapdragon-8-elite-for-galaxy,,,,,,,,,,,
efficientformer_l1_onnx,float,qnn_dlc,,,,30.28,,,,,,,,,,2026-09-06,main,qualcomm-snapdragon-8-elite-for-galaxy,,,,,,,,,,,
efficientformer_l1_onnx,float,qnn_dlc_via_qnn_ep,,,,30.28,,,,,,,,,,2026-09-06,main,qualcomm-snapdragon-8-elite-for-galaxy,,,,,,,,,,,
efficientformer_l1_onnx,float,onnx,,,,30.28,,,,,,,,,,2026-09-06,main,qualcomm-snapdragon-8-elite-for-galaxy,,,,,,,,,,,
efficientformer_onnx,float,tflite,,,,30.29,,,,,,,,,,2026-09-06,main,qualcomm-snapdragon-8-elite-for-galaxy,,,,,,,,,,,
efficientformer_onnx,float,qnn_dlc,,,,30.28,,,,,,,,,,2026-09-06,main,qualcomm-snapdragon-8-elite-for-galaxy,,,,,,,,,,,
efficientformer_onnx,float,qnn_dlc_via_qnn_ep,,,,30.28,,,,,,,,,,2026-09-06,main,qualcomm-snapdragon-8-elite-for-galaxy,,,,,,,,,,,
efficientformer_onnx,float,onnx,,,,30.28,,,,,,,,,,2026-09-06,main,qualcomm-snapdragon-8-elite-for-galaxy,,,,,,,,,,,
image_enhancement_cig_h_redrawing_torchscript,float,tflite,,,,22.79,,,,,,,,,,2026-09-06,main,qualcomm-snapdragon-8-elite-for-galaxy,,,,,,,,,,,
image_enhancement_cig_h_redrawing_torchscript,float,qnn_dlc,,,,22.79,,,,,,,,,,2026-09-06,main,qualcomm-snapdragon-8-elite-for-galaxy,,,,,,,,,,,
image_enhancement_cig_h_redrawing_torchscript,float,qnn_dlc_via_qnn_ep,,,,22.79,,,,,,,,,,2026-09-06,main,qualcomm-snapdragon-8-elite-for-galaxy,,,,,,,,,,,
image_enhancement_cig_h_redrawing_torchscript,float,onnx,,,,16.14,,,,,,,,,,2026-09-06,main,qualcomm-snapdragon-8-elite-for-galaxy,,,,,,,,,,,
image_enhancement_cig_i_redrawing_torchscript,float,tflite,,,,69.35,,,,,,,,,,2026-09-06,main,qualcomm-snapdragon-8-elite-for-galaxy,,,,,,,,,,,
image_enhancement_cig_i_redrawing_torchscript,float,qnn_dlc,,,,69.35,,,,,,,,,,2026-09-06,main,qualcomm-snapdragon-8-elite-for-galaxy,,,,,,,,,,,
image_enhancement_cig_i_redrawing_torchscript,float,qnn_dlc_via_qnn_ep,,,,69.35,,,,,,,,,,2026-09-06,main,qualcomm-snapdragon-8-elite-for-galaxy,,,,,,,,,,,
image_enhancement_cig_i_redrawing_torchscript,float,onnx,,,,69.35,,,,,,,,,,2026-09-06,main,qualcomm-snapdragon-8-elite-for-galaxy,,,,,,,,,,,
intern_image,float,qnn_dlc,,,,37.07,,,,,,,,,,2026-09-06,main,qualcomm-snapdragon-8-elite-for-galaxy,,,,,,,,,,,
nanotrackv3template_torchscript,float,tflite,,,,49.18,,,,,,,,,,2026-09-06,main,qualcomm-snapdragon-8-elite-for-galaxy,,,,,,,,,,,
nanotrackv3template_torchscript,float,qnn_dlc,,,,50.06,,,,,,,,,,2026-09-06,main,qualcomm-snapdragon-8-elite-for-galaxy,,,,,,,,,,,
nanotrackv3template_torchscript,float,qnn_dlc_via_qnn_ep,,,,50.06,,,,,,,,,,2026-09-06,main,qualcomm-snapdragon-8-elite-for-galaxy,,,,,,,,,,,
nanotrackv3template_torchscript,float,onnx,,,,50.06,,,,,,,,,,2026-09-06,main,qualcomm-snapdragon-8-elite-for-galaxy,,,,,,,,,,,
photo_remaster_aideblur_fpn_torchscript,float,tflite,,,,62.43,66.2,70.56,,,,,,,,2026-09-06,main,qualcomm-snapdragon-8-elite-for-galaxy,,,,,,,,,,,
photo_remaster_aideblur_fpn_torchscript,float,qnn_dlc,,,,62.43,66.2,70.56,,,,,,,,2026-09-06,main,qualcomm-snapdragon-8-elite-for-galaxy,,,,,,,,,,,
photo_remaster_aideblur_v140_torchscript,float,tflite,,,,62.2,,,,,,,,,,2026-09-06,main,qualcomm-snapdragon-8-elite-for-galaxy,,,,,,,,,,,
photo_remaster_aideblur_v140_torchscript,float,qnn_dlc,,,,62.2,,,,,,,,,,2026-09-06,main,qualcomm-snapdragon-8-elite-for-galaxy,,,,,,,,,,,
photo_remaster_aideblur_v140_torchscript,float,qnn_dlc_via_qnn_ep,,,,62.2,,,,,,,,,,2026-09-06,main,qualcomm-snapdragon-8-elite-for-galaxy,,,,,,,,,,,
photo_remaster_aideblur_v140_torchscript,float,onnx,,,,62.2,,,,,,,,,,2026-09-06,main,qualcomm-snapdragon-8-elite-for-galaxy,,,,,,,,,,,
tcchunkdetection_torchscript,float,tflite,,,,76.34,,,,,,,,,,2026-09-06,main,qualcomm-snapdragon-8-elite-for-galaxy,,,,,,,,,,,
tcchunkdetection_torchscript,float,qnn_dlc,,,,76.34,,,,,,,,,,2026-09-06,main,qualcomm-snapdragon-8-elite-for-galaxy,,,,,,,,,,,
tcchunkdetection_torchscript,float,qnn_dlc_via_qnn_ep,,,,76.34,,,,,,,,,,2026-09-06,main,qualcomm-snapdragon-8-elite-for-galaxy,,,,,,,,,,,
tcchunkdetection_torchscript,float,onnx,,,,76.34,,,,,,,,,,2026-09-06,main,qualcomm-snapdragon-8-elite-for-galaxy,,,,,,,,,,,
tcdcvcdmc_360p_torchscript,float,qnn_dlc,,,,24.68,,,,,,,,,,2026-09-06,main,qualcomm-snapdragon-8-elite-for-galaxy,,,,,,,,,,,
tcdcvcdmc_360p_torchscript,float,qnn_dlc_via_qnn_ep,,,,24.68,,,,,,,,,,2026-09-06,main,qualcomm-snapdragon-8-elite-for-galaxy,,,,,,,,,,,
tcdcvcdmc_360p_torchscript,float,onnx,,,,24.68,,,,,,,,,,2026-09-06,main,qualcomm-snapdragon-8-elite-for-galaxy,,,,,,,,,,,
tcdcvcintranoar_360p_torchscript,float,tflite,,,,38.39,,,,,,,,,,2026-09-06,main,qualcomm-snapdragon-8-elite-for-galaxy,,,,,,,,,,,
tcdcvcintranoar_360p_torchscript,float,qnn_dlc_via_qnn_ep,,,,38.39,,,,,,,,,,2026-09-06,main,qualcomm-snapdragon-8-elite-for-galaxy,,,,,,,,,,,
tcdcvcintranoar_360p_torchscript,float,onnx,,,,38.7,,,,,,,,,,2026-09-06,main,qualcomm-snapdragon-8-elite-for-galaxy,,,,,,,,,,,
tcfacemodel_torchscript,float,tflite,,,,76.94,,,,,,,,,,2026-09-06,main,qualcomm-snapdragon-8-elite-for-galaxy,,,,,,,,,,,
tcfacemodel_torchscript,float,qnn_dlc,,,,76.94,,,,,,,,,,2026-09-06,main,qualcomm-snapdragon-8-elite-for-galaxy,,,,,,,,,,,
tcfacemodel_torchscript,float,qnn_dlc_via_qnn_ep,,,,76.94,,,,,,,,,,2026-09-06,main,qualcomm-snapdragon-8-elite-for-galaxy,,,,,,,,,,,
tcfacemodel_torchscript,float,onnx,,,,76.85,,,,,,,,,,2026-09-06,main,qualcomm-snapdragon-8-elite-for-galaxy,,,,,,,,,,,
tcgandecoder_torchscript,float,tflite,,,,43.43,,,,,,,,,,2026-09-06,main,qualcomm-snapdragon-8-elite-for-galaxy,,,,,,,,,,,
tcgandecoder_torchscript,float,qnn_dlc,,,,43.44,,,,,,,,,,2026-09-06,main,qualcomm-snapdragon-8-elite-for-galaxy,,,,,,,,,,,
tcgandecoder_torchscript,float,qnn_dlc_via_qnn_ep,,,,43.44,,,,,,,,,,2026-09-06,main,qualcomm-snapdragon-8-elite-for-galaxy,,,,,,,,,,,
tcgandecoder_torchscript,float,onnx,,,,43.44,,,,,,,,,,2026-09-06,main,qualcomm-snapdragon-8-elite-for-galaxy,,,,,,,,,,,
tcganencoder_torchscript,float,tflite,,,,,,,,,,,,,,2026-09-06,main,qualcomm-snapdragon-8-elite-for-galaxy,,,,,,,,,,,
tcganencoder_torchscript,float,qnn_dlc,,,,,,,,,,,,,,2026-09-06,main,qualcomm-snapdragon-8-elite-for-galaxy,,,,,,,,,,,
tcimagesegmentationrtmi_torchscript,float,tflite,,,,46.52,,,,,,,,,,2026-09-06,main,qualcomm-snapdragon-8-elite-for-galaxy,,,,,,,,,,,
tcimagesegmentationrtmi_torchscript,float,qnn_dlc,,,,46.52,,,,,,,,,,2026-09-06,main,qualcomm-snapdragon-8-elite-for-galaxy,,,,,,,,,,,
tcimagesegmentationrtmi_torchscript,float,qnn_dlc_via_qnn_ep,,,,46.52,,,,,,,,,,2026-09-06,main,qualcomm-snapdragon-8-elite-for-galaxy,,,,,,,,,,,
tcimagesegmentationrtmi_torchscript,float,onnx,,,,46.52,,,,,,,,,,2026-09-06,main,qualcomm-snapdragon-8-elite-for-galaxy,,,,,,,,,,,
tcmaskclassifier_torchscript,float,tflite,,,,51.44,,,,,,,,,,2026-09-06,main,qualcomm-snapdragon-8-elite-for-galaxy,,,,,,,,,,,
tcmaskclassifier_torchscript,float,qnn_dlc,,,,51.44,,,,,,,,,,2026-09-06,main,qualcomm-snapdragon-8-elite-for-galaxy,,,,,,,,,,,
tcmaskclassifier_torchscript,float,qnn_dlc_via_qnn_ep,,,,51.44,,,,,,,,,,2026-09-06,main,qualcomm-snapdragon-8-elite-for-galaxy,,,,,,,,,,,
tcmaskclassifier_torchscript,float,onnx,,,,51.44,,,,,,,,,,2026-09-06,main,qualcomm-snapdragon-8-elite-for-galaxy,,,,,,,,,,,
tcmultihead_torchscript,float,tflite,,,,72.06,66.44,52.32,48.54,54.41,35.42,34.1,17.18,16.28,60.02,2026-09-06,main,qualcomm-snapdragon-8-elite-for-galaxy,,,,,,,,,,,
tcpersonsegmentation_torchscript,float,tflite,,,,72.55,,,,,,,,,,2026-09-06,main,qualcomm-snapdragon-8-elite-for-galaxy,,,,,,,,,,,
tcpersonsegmentation_torchscript,float,qnn_dlc,,,,72.55,,,,,,,,,,2026-09-06,main,qualcomm-snapdragon-8-elite-for-galaxy,,,,,,,,,,,
tcpersonsegmentation_torchscript,float,qnn_dlc_via_qnn_ep,,,,72.55,,,,,,,,,,2026-09-06,main,qualcomm-snapdragon-8-elite-for-galaxy,,,,,,,,,,,
tcpersonsegmentation_torchscript,float,onnx,,,,72.55,,,,,,,,,,2026-09-06,main,qualcomm-snapdragon-8-elite-for-galaxy,,,,,,,,,,,
tcswifty_torchscript,float,tflite,,,,77.84,80.61,82.63,80.48,86.69,,,,,,2026-09-06,main,qualcomm-snapdragon-8-elite-for-galaxy,,,,,,,,,,,
tcswifty_torchscript,float,qnn_dlc,,,,77.84,80.61,82.63,80.48,86.69,,,,,,2026-09-06,main,qualcomm-snapdragon-8-elite-for-galaxy,,,,,,,,,,,
tctc2convnet_torchscript,float,tflite,,,,86.91,,,,,,,,,,2026-09-06,main,qualcomm-snapdragon-8-elite-for-galaxy,,,,,,,,,,,
tctc2convnet_torchscript,float,qnn_dlc,,,,86.1,,,,,,,,,,2026-09-06,main,qualcomm-snapdragon-8-elite-for-galaxy,,,,,,,,,,,
tctc2convnet_torchscript,float,qnn_dlc_via_qnn_ep,,,,86.1,,,,,,,,,,2026-09-06,main,qualcomm-snapdragon-8-elite-for-galaxy,,,,,,,,,,,
tctc2convnet_torchscript,float,onnx,,,,86.1,,,,,,,,,,2026-09-06,main,qualcomm-snapdragon-8-elite-for-galaxy,,,,,,,,,,,
tctc2decoderstep_torchscript,float,tflite,,,,73.66,72.32,74.63,73.75,58.35,76.6,71.98,71.25,100.0,,2026-09-06,main,qualcomm-snapdragon-8-elite-for-galaxy,,,,,,,,,,,
tctc2encoderstep_torchscript,float,tflite,,,,72.56,72.32,72.4,73.37,73.04,72.9,,,,,2026-09-06,main,qualcomm-snapdragon-8-elite-for-galaxy,,,,,,,,,,,
tctc2encoderstep_torchscript,float,qnn_dlc,,,,12.37,7.359,8.47,24.68,2.168,24.8,,,,,2026-09-06,main,qualcomm-snapdragon-8-elite-for-galaxy,,,,,,,,,,,
tctc2encoderstep_torchscript,float,qnn_dlc_via_qnn_ep,,,,7.113,3.963,8.47,6.478,2.318,8.522,,,,,2026-09-06,main,qualcomm-snapdragon-8-elite-for-galaxy,,,,,,,,,,,
tctc2encoderstep_torchscript,float,onnx,,,,72.56,72.32,72.4,73.37,73.04,72.9,,,,,2026-09-06,main,qualcomm-snapdragon-8-elite-for-galaxy,,,,,,,,,,,
tctc2memorylayer_torchscript,float,tflite,,,,82.59,,,,,,,,,,2026-09-06,main,qualcomm-snapdragon-8-elite-for-galaxy,,,,,,,,,,,
tctc2memorylayer_torchscript,float,qnn_dlc,,,,82.59,,,,,,,,,,2026-09-06,main,qualcomm-snapdragon-8-elite-for-galaxy,,,,,,,,,,,
tctc2memorylayer_torchscript,float,qnn_dlc_via_qnn_ep,,,,82.59,,,,,,,,,,2026-09-06,main,qualcomm-snapdragon-8-elite-for-galaxy,,,,,,,,,,,
tctc2memorylayer_torchscript,float,onnx,,,,82.59,,,,,,,,,,2026-09-06,main,qualcomm-snapdragon-8-elite-for-galaxy,,,,,,,,,,,
tctc2postnet_torchscript,float,tflite,,,,65.64,,,,,,,,,,2026-09-06,main,qualcomm-snapdragon-8-elite-for-galaxy,,,,,,,,,,,
tctc2postnet_torchscript,float,qnn_dlc,,,,75.69,,,,,,,,,,2026-09-06,main,qualcomm-snapdragon-8-elite-for-galaxy,,,,,,,,,,,
tctc2postnet_torchscript,float,qnn_dlc_via_qnn_ep,,,,75.69,,,,,,,,,,2026-09-06,main,qualcomm-snapdragon-8-elite-for-galaxy,,,,,,,,,,,
tctc2postnet_torchscript,float,onnx,,,,75.69,,,,,,,,,,2026-09-06,main,qualcomm-snapdragon-8-elite-for-galaxy,,,,,,,,,,,
tctfv5_torchscript,float,tflite,,,,59.42,,,,,,,,,,2026-09-06,main,qualcomm-snapdragon-8-elite-for-galaxy,,,,,,,,,,,
tctfv5_torchscript,float,qnn_dlc,,,,59.31,,,,,,,,,,2026-09-06,main,qualcomm-snapdragon-8-elite-for-galaxy,,,,,,,,,,,
tctfv5_torchscript,float,qnn_dlc_via_qnn_ep,,,,59.59,,,,,,,,,,2026-09-06,main,qualcomm-snapdragon-8-elite-for-galaxy,,,,,,,,,,,
tctfv5_torchscript,float,onnx,,,,59.51,,,,,,,,,,2026-09-06,main,qualcomm-snapdragon-8-elite-for-galaxy,,,,,,,,,,,
tcvocoder_torchscript,float,tflite,,,,50.49,,,,,,,,,,2026-09-06,main,qualcomm-snapdragon-8-elite-for-galaxy,,,,,,,,,,,
tcvocoder_torchscript,float,qnn_dlc,,,,50.47,,,,,,,,,,2026-09-06,main,qualcomm-snapdragon-8-elite-for-galaxy,,,,,,,,,,,
tcvocoder_torchscript,float,qnn_dlc_via_qnn_ep,,,,50.47,,,,,,,,,,2026-09-06,main,qualcomm-snapdragon-8-elite-for-galaxy,,,,,,,,,,,
tcvocoder_torchscript,float,onnx,,,,50.47,,,,,,,,,,2026-09-06,main,qualcomm-snapdragon-8-elite-for-galaxy,,,,,,,,,,,
tcvoicealigncruse_torchscript,float,tflite,,,,80.09,,,,,,,,,,2026-09-06,main,qualcomm-snapdragon-8-elite-for-galaxy,,,,,,,,,,,
tcvoicealigncruse_torchscript,float,qnn_dlc,,,,80.36,,,,,,,,,,2026-09-06,main,qualcomm-snapdragon-8-elite-for-galaxy,,,,,,,,,,,
tcvoicealigncruse_torchscript,float,onnx,,,,80.36,,,,,,,,,,2026-09-06,main,qualcomm-snapdragon-8-elite-for-galaxy,,,,,,,,,,,
uniformer_torchscript,float,tflite,,,,10.01,,,,,,,,,,2026-09-06,main,qualcomm-snapdragon-8-elite-for-galaxy,,,,,,,,,,,
uniformer_torchscript,float,qnn_dlc,,,,40.54,,,,,,,,,,2026-09-06,main,qualcomm-snapdragon-8-elite-for-galaxy,,,,,,,,,,,
uniformer_torchscript,float,qnn_dlc_via_qnn_ep,,,,40.57,,,,,,,,,,2026-09-06,main,qualcomm-snapdragon-8-elite-for-galaxy,,,,,,,,,,,
uniformer_torchscript,float,onnx,,,,40.57,,,,,,,,,,2026-09-06,main,qualcomm-snapdragon-8-elite-for-galaxy,,,,,,,,,,,
zerodce_torchscript,float,tflite,,,,51.32,45.87,33.11,,,,,,,,2026-09-06,main,qualcomm-snapdragon-8-elite-for-galaxy,,,,,,,,,,,
zerodceplusplus_torchscript,float,tflite,,,,46.02,35.55,,,,,,,,,2026-09-06,main,qualcomm-snapdragon-8-elite-for-galaxy,,,,,,,,,,,
zerodceplusplus_torchscript,float,qnn_dlc,,,,46.02,35.55,,,,,,,,,2026-09-06,main,qualcomm-snapdragon-8-elite-for-galaxy,,,,,,,,,,,
zerodceplusplus_torchscript,float,qnn_dlc_via_qnn_ep,,,,-11.3,1.882,,,,,,,,,2026-09-06,main,qualcomm-snapdragon-8-elite-for-galaxy,,,,,,,,,,,
zerodceplusplus_torchscript,float,onnx,,,,46.02,35.55,,,,,,,,,2026-09-06,main,qualcomm-snapdragon-8-elite-for-galaxy,,,,,,,,,,,
centernet_3d,w8a16,qnn_dlc_via_qnn_ep,9920.0,3780.0,0.0,35.94,14.09,15.72,17.78,18.11,19.24,,,,,2026-09-06,main,qualcomm-snapdragon-8-elite-for-galaxy,kitti,,,,,,,,,,100.0
centernet_3d,w8a16,qnn_context_binary,9920.0,3780.0,0.0,35.94,14.09,15.72,17.78,18.11,19.24,,,,,2026-09-06,main,qualcomm-snapdragon-8-elite-for-galaxy,kitti,,,,,,,,,,100.0
centernet_3d,w8a16,precompiled_qnn_onnx,9920.0,3780.0,0.0,35.94,14.09,15.72,17.78,18.11,19.24,,,,,2026-09-06,main,qualcomm-snapdragon-8-elite-for-galaxy,kitti,,,,,,,,,,100.0
amt_torchscript,float,qnn_dlc,,,,40.71,,,,,,,,,,2026-09-20,main,qualcomm-snapdragon-8-elite-for-galaxy,,,,,,,,,,,
amt_torchscript,float,qnn_dlc_via_qnn_ep,,,,40.71,,,,,,,,,,2026-09-20,main,qualcomm-snapdragon-8-elite-for-galaxy,,,,,,,,,,,
amt_torchscript,float,onnx,,,,40.71,,,,,,,,,,2026-09-20,main,qualcomm-snapdragon-8-elite-for-galaxy,,,,,,,,,,,
cdcn_torchscript,float,tflite,,,,62.87,,,,,,,,,,2026-09-20,main,qualcomm-snapdragon-8-elite-for-galaxy,,,,,,,,,,,
cdcn_torchscript,float,qnn_dlc,,,,62.87,,,,,,,,,,2026-09-20,main,qualcomm-snapdragon-8-elite-for-galaxy,,,,,,,,,,,
cdcn_torchscript,float,qnn_dlc_via_qnn_ep,,,,62.87,,,,,,,,,,2026-09-20,main,qualcomm-snapdragon-8-elite-for-galaxy,,,,,,,,,,,
cdcn_torchscript,float,onnx,,,,62.84,,,,,,,,,,2026-09-20,main,qualcomm-snapdragon-8-elite-for-galaxy,,,,,,,,,,,
doc_enhancement_inpaint_torchscript,float,tflite,,,,12.5,,,,,,,,,,2026-09-20,main,qualcomm-snapdragon-8-elite-for-galaxy,,,,,,,,,,,
doc_enhancement_inpaint_torchscript,float,qnn_dlc,,,,37.98,,,,,,,,,,2026-09-20,main,qualcomm-snapdragon-8-elite-for-galaxy,,,,,,,,,,,
doc_enhancement_inpaint_torchscript,float,qnn_dlc_via_qnn_ep,,,,37.98,,,,,,,,,,2026-09-20,main,qualcomm-snapdragon-8-elite-for-galaxy,,,,,,,,,,,
doc_enhancement_inpaint_torchscript,float,onnx,,,,37.98,,,,,,,,,,2026-09-20,main,qualcomm-snapdragon-8-elite-for-galaxy,,,,,,,,,,,
doc_enhancement_object_removal_torchscript,float,tflite,,,,-17.87,,,,,,,,,,2026-09-20,main,qualcomm-snapdragon-8-elite-for-galaxy,,,,,,,,,,,
doc_enhancement_object_removal_torchscript,float,qnn_dlc,,,,-17.87,,,,,,,,,,2026-09-20,main,qualcomm-snapdragon-8-elite-for-galaxy,,,,,,,,,,,
doc_enhancement_object_removal_torchscript,float,qnn_dlc_via_qnn_ep,,,,-17.87,,,,,,,,,,2026-09-20,main,qualcomm-snapdragon-8-elite-for-galaxy,,,,,,,,,,,
doc_enhancement_object_removal_torchscript,float,onnx,,,,-17.87,,,,,,,,,,2026-09-20,main,qualcomm-snapdragon-8-elite-for-galaxy,,,,,,,,,,,
efficientformer_l1_onnx,float,tflite,,,,30.25,,,,,,,,,,2026-09-20,main,qualcomm-snapdragon-8-elite-for-galaxy,,,,,,,,,,,
efficientformer_l1_onnx,float,qnn_dlc,,,,30.25,,,,,,,,,,2026-09-20,main,qualcomm-snapdragon-8-elite-for-galaxy,,,,,,,,,,,
efficientformer_l1_onnx,float,qnn_dlc_via_qnn_ep,,,,30.25,,,,,,,,,,2026-09-20,main,qualcomm-snapdragon-8-elite-for-galaxy,,,,,,,,,,,
efficientformer_l1_onnx,float,onnx,,,,30.25,,,,,,,,,,2026-09-20,main,qualcomm-snapdragon-8-elite-for-galaxy,,,,,,,,,,,
efficientformer_onnx,float,tflite,,,,30.25,,,,,,,,,,2026-09-20,main,qualcomm-snapdragon-8-elite-for-galaxy,,,,,,,,,,,
efficientformer_onnx,float,qnn_dlc,,,,30.25,,,,,,,,,,2026-09-20,main,qualcomm-snapdragon-8-elite-for-galaxy,,,,,,,,,,,
efficientformer_onnx,float,qnn_dlc_via_qnn_ep,,,,30.25,,,,,,,,,,2026-09-20,main,qualcomm-snapdragon-8-elite-for-galaxy,,,,,,,,,,,
efficientformer_onnx,float,onnx,,,,30.25,,,,,,,,,,2026-09-20,main,qualcomm-snapdragon-8-elite-for-galaxy,,,,,,,,,,,
image_enhancement_cig_h_redrawing_torchscript,float,tflite,,,,22.78,,,,,,,,,,2026-09-20,main,qualcomm-snapdragon-8-elite-for-galaxy,,,,,,,,,,,
image_enhancement_cig_h_redrawing_torchscript,float,qnn_dlc,,,,22.78,,,,,,,,,,2026-09-20,main,qualcomm-snapdragon-8-elite-for-galaxy,,,,,,,,,,,
image_enhancement_cig_h_redrawing_torchscript,float,qnn_dlc_via_qnn_ep,,,,22.78,,,,,,,,,,2026-09-20,main,qualcomm-snapdragon-8-elite-for-galaxy,,,,,,,,,,,
image_enhancement_cig_h_redrawing_torchscript,float,onnx,,,,16.14,,,,,,,,,,2026-09-20,main,qualcomm-snapdragon-8-elite-for-galaxy,,,,,,,,,,,
image_enhancement_cig_i_redrawing_torchscript,float,tflite,,,,69.36,,,,,,,,,,2026-09-20,main,qualcomm-snapdragon-8-elite-for-galaxy,,,,,,,,,,,
image_enhancement_cig_i_redrawing_torchscript,float,qnn_dlc,,,,69.36,,,,,,,,,,2026-09-20,main,qualcomm-snapdragon-8-elite-for-galaxy,,,,,,,,,,,
image_enhancement_cig_i_redrawing_torchscript,float,qnn_dlc_via_qnn_ep,,,,69.36,,,,,,,,,,2026-09-20,main,qualcomm-snapdragon-8-elite-for-galaxy,,,,,,,,,,,
image_enhancement_cig_i_redrawing_torchscript,float,onnx,,,,69.36,,,,,,,,,,2026-09-20,main,qualcomm-snapdragon-8-elite-for-galaxy,,,,,,,,,,,
intern_image,float,qnn_dlc,,,,36.86,,,,,,,,,,2026-09-20,main,qualcomm-snapdragon-8-elite-for-galaxy,,,,,,,,,,,
nanotrackv3template_torchscript,float,tflite,,,,49.21,,,,,,,,,,2026-09-20,main,qualcomm-snapdragon-8-elite-for-galaxy,,,,,,,,,,,
nanotrackv3template_torchscript,float,qnn_dlc,,,,50.02,,,,,,,,,,2026-09-20,main,qualcomm-snapdragon-8-elite-for-galaxy,,,,,,,,,,,
nanotrackv3template_torchscript,float,qnn_dlc_via_qnn_ep,,,,50.02,,,,,,,,,,2026-09-20,main,qualcomm-snapdragon-8-elite-for-galaxy,,,,,,,,,,,
nanotrackv3template_torchscript,float,onnx,,,,50.02,,,,,,,,,,2026-09-20,main,qualcomm-snapdragon-8-elite-for-galaxy,,,,,,,,,,,
photo_remaster_aideblur_fpn_torchscript,float,tflite,,,,62.44,66.38,70.56,,,,,,,,2026-09-20,main,qualcomm-snapdragon-8-elite-for-galaxy,,,,,,,,,,,
photo_remaster_aideblur_fpn_torchscript,float,qnn_dlc,,,,62.44,66.38,70.56,,,,,,,,2026-09-20,main,qualcomm-snapdragon-8-elite-for-galaxy,,,,,,,,,,,
photo_remaster_aideblur_v140_torchscript,float,tflite,,,,62.08,,,,,,,,,,2026-09-20,main,qualcomm-snapdragon-8-elite-for-galaxy,,,,,,,,,,,
photo_remaster_aideblur_v140_torchscript,float,qnn_dlc,,,,62.08,,,,,,,,,,2026-09-20,main,qualcomm-snapdragon-8-elite-for-galaxy,,,,,,,,,,,
photo_remaster_aideblur_v140_torchscript,float,qnn_dlc_via_qnn_ep,,,,62.08,,,,,,,,,,2026-09-20,main,qualcomm-snapdragon-8-elite-for-galaxy,,,,,,,,,,,
photo_remaster_aideblur_v140_torchscript,float,onnx,,,,62.08,,,,,,,,,,2026-09-20,main,qualcomm-snapdragon-8-elite-for-galaxy,,,,,,,,,,,
tcchunkdetection_torchscript,float,tflite,,,,76.34,,,,,,,,,,2026-09-20,main,qualcomm-snapdragon-8-elite-for-galaxy,,,,,,,,,,,
tcchunkdetection_torchscript,float,qnn_dlc,,,,76.34,,,,,,,,,,2026-09-20,main,qualcomm-snapdragon-8-elite-for-galaxy,,,,,,,,,,,
tcchunkdetection_torchscript,float,qnn_dlc_via_qnn_ep,,,,76.34,,,,,,,,,,2026-09-20,main,qualcomm-snapdragon-8-elite-for-galaxy,,,,,,,,,,,
tcchunkdetection_torchscript,float,onnx,,,,76.34,,,,,,,,,,2026-09-20,main,qualcomm-snapdragon-8-elite-for-galaxy,,,,,,,,,,,
tcdcvcdmc_360p_torchscript,float,qnn_dlc,,,,24.71,,,,,,,,,,2026-09-20,main,qualcomm-snapdragon-8-elite-for-galaxy,,,,,,,,,,,
tcdcvcdmc_360p_torchscript,float,qnn_dlc_via_qnn_ep,,,,24.71,,,,,,,,,,2026-09-20,main,qualcomm-snapdragon-8-elite-for-galaxy,,,,,,,,,,,
tcdcvcdmc_360p_torchscript,float,onnx,,,,24.7,,,,,,,,,,2026-09-20,main,qualcomm-snapdragon-8-elite-for-galaxy,,,,,,,,,,,
tcdcvcintranoar_360p_torchscript,float,tflite,,,,38.38,,,,,,,,,,2026-09-20,main,qualcomm-snapdragon-8-elite-for-galaxy,,,,,,,,,,,
tcdcvcintranoar_360p_torchscript,float,qnn_dlc_via_qnn_ep,,,,38.38,,,,,,,,,,2026-09-20,main,qualcomm-snapdragon-8-elite-for-galaxy,,,,,,,,,,,
tcdcvcintranoar_360p_torchscript,float,onnx,,,,37.91,,,,,,,,,,2026-09-20,main,qualcomm-snapdragon-8-elite-for-galaxy,,,,,,,,,,,
tcfacemodel_torchscript,float,tflite,,,,77.07,,,,,,,,,,2026-09-20,main,qualcomm-snapdragon-8-elite-for-galaxy,,,,,,,,,,,
tcfacemodel_torchscript,float,qnn_dlc,,,,77.07,,,,,,,,,,2026-09-20,main,qualcomm-snapdragon-8-elite-for-galaxy,,,,,,,,,,,
tcfacemodel_torchscript,float,qnn_dlc_via_qnn_ep,,,,77.07,,,,,,,,,,2026-09-20,main,qualcomm-snapdragon-8-elite-for-galaxy,,,,,,,,,,,
tcfacemodel_torchscript,float,onnx,,,,77.14,,,,,,,,,,2026-09-20,main,qualcomm-snapdragon-8-elite-for-galaxy,,,,,,,,,,,
tcgandecoder_torchscript,float,tflite,,,,43.43,,,,,,,,,,2026-09-20,main,qualcomm-snapdragon-8-elite-for-galaxy,,,,,,,,,,,
tcgandecoder_torchscript,float,qnn_dlc,,,,43.44,,,,,,,,,,2026-09-20,main,qualcomm-snapdragon-8-elite-for-galaxy,,,,,,,,,,,
tcgandecoder_torchscript,float,qnn_dlc_via_qnn_ep,,,,43.44,,,,,,,,,,2026-09-20,main,qualcomm-snapdragon-8-elite-for-galaxy,,,,,,,,,,,
tcgandecoder_torchscript,float,onnx,,,,43.44,,,,,,,,,,2026-09-20,main,qualcomm-snapdragon-8-elite-for-galaxy,,,,,,,,,,,
tcganencoder_torchscript,float,tflite,,,,,,,,,,,,,,2026-09-20,main,qualcomm-snapdragon-8-elite-for-galaxy,,,,,,,,,,,
tcganencoder_torchscript,float,qnn_dlc,,,,,,,,,,,,,,2026-09-20,main,qualcomm-snapdragon-8-elite-for-galaxy,,,,,,,,,,,
tcimagesegmentationrtmi_torchscript,float,tflite,,,,46.52,,,,,,,,,,2026-09-20,main,qualcomm-snapdragon-8-elite-for-galaxy,,,,,,,,,,,
tcimagesegmentationrtmi_torchscript,float,qnn_dlc,,,,46.52,,,,,,,,,,2026-09-20,main,qualcomm-snapdragon-8-elite-for-galaxy,,,,,,,,,,,
tcimagesegmentationrtmi_torchscript,float,qnn_dlc_via_qnn_ep,,,,46.52,,,,,,,,,,2026-09-20,main,qualcomm-snapdragon-8-elite-for-galaxy,,,,,,,,,,,
tcimagesegmentationrtmi_torchscript,float,onnx,,,,46.52,,,,,,,,,,2026-09-20,main,qualcomm-snapdragon-8-elite-for-galaxy,,,,,,,,,,,
tcmaskclassifier_torchscript,float,tflite,,,,51.44,,,,,,,,,,2026-09-20,main,qualcomm-snapdragon-8-elite-for-galaxy,,,,,,,,,,,
tcmaskclassifier_torchscript,float,qnn_dlc,,,,51.44,,,,,,,,,,2026-09-20,main,qualcomm-snapdragon-8-elite-for-galaxy,,,,,,,,,,,
tcmaskclassifier_torchscript,float,qnn_dlc_via_qnn_ep,,,,51.44,,,,,,,,,,2026-09-20,main,qualcomm-snapdragon-8-elite-for-galaxy,,,,,,,,,,,
tcmaskclassifier_torchscript,float,onnx,,,,51.44,,,,,,,,,,2026-09-20,main,qualcomm-snapdragon-8-elite-for-galaxy,,,,,,,,,,,
tcmultihead_torchscript,float,tflite,,,,72.06,66.44,52.32,48.54,54.41,35.42,34.09,17.18,16.27,60.02,2026-09-20,main,qualcomm-snapdragon-8-elite-for-galaxy,,,,,,,,,,,
tcmultihead_torchscript,float,qnn_dlc,,,,72.06,66.44,52.32,48.54,54.41,35.42,34.09,17.18,16.27,11.35,2026-09-20,main,qualcomm-snapdragon-8-elite-for-galaxy,,,,,,,,,,,
tcpersonsegmentation_torchscript,float,tflite,,,,72.95,,,,,,,,,,2026-09-20,main,qualcomm-snapdragon-8-elite-for-galaxy,,,,,,,,,,,
tcpersonsegmentation_torchscript,float,qnn_dlc,,,,72.95,,,,,,,,,,2026-09-20,main,qualcomm-snapdragon-8-elite-for-galaxy,,,,,,,,,,,
tcpersonsegmentation_torchscript,float,qnn_dlc_via_qnn_ep,,,,72.95,,,,,,,,,,2026-09-20,main,qualcomm-snapdragon-8-elite-for-galaxy,,,,,,,,,,,
tcpersonsegmentation_torchscript,float,onnx,,,,72.95,,,,,,,,,,2026-09-20,main,qualcomm-snapdragon-8-elite-for-galaxy,,,,,,,,,,,
tcswifty_torchscript,float,tflite,,,,77.5,80.62,82.63,80.48,86.69,,,,,,2026-09-20,main,qualcomm-snapdragon-8-elite-for-galaxy,,,,,,,,,,,
tctc2convnet_torchscript,float,tflite,,,,86.9,,,,,,,,,,2026-09-20,main,qualcomm-snapdragon-8-elite-for-galaxy,,,,,,,,,,,
tctc2convnet_torchscript,float,qnn_dlc,,,,86.09,,,,,,,,,,2026-09-20,main,qualcomm-snapdragon-8-elite-for-galaxy,,,,,,,,,,,
tctc2convnet_torchscript,float,qnn_dlc_via_qnn_ep,,,,86.09,,,,,,,,,,2026-09-20,main,qualcomm-snapdragon-8-elite-for-galaxy,,,,,,,,,,,
tctc2convnet_torchscript,float,onnx,,,,86.09,,,,,,,,,,2026-09-20,main,qualcomm-snapdragon-8-elite-for-galaxy,,,,,,,,,,,
tctc2decoderstep_torchscript,float,tflite,,,,73.66,72.32,74.63,73.75,58.35,76.6,71.97,71.25,100.0,,2026-09-20,main,qualcomm-snapdragon-8-elite-for-galaxy,,,,,,,,,,,
tctc2encoderstep_torchscript,float,tflite,,,,72.56,72.32,72.4,73.37,73.04,72.9,,,,,2026-09-20,main,qualcomm-snapdragon-8-elite-for-galaxy,,,,,,,,,,,
tctc2encoderstep_torchscript,float,qnn_dlc,,,,12.37,7.359,8.47,24.68,2.168,24.8,,,,,2026-09-20,main,qualcomm-snapdragon-8-elite-for-galaxy,,,,,,,,,,,
tctc2encoderstep_torchscript,float,qnn_dlc_via_qnn_ep,,,,7.113,3.963,8.47,6.478,2.318,8.522,,,,,2026-09-20,main,qualcomm-snapdragon-8-elite-for-galaxy,,,,,,,,,,,
tctc2encoderstep_torchscript,float,onnx,,,,72.56,72.32,72.4,73.37,73.04,72.9,,,,,2026-09-20,main,qualcomm-snapdragon-8-elite-for-galaxy,,,,,,,,,,,
tctc2memorylayer_torchscript,float,tflite,,,,82.59,,,,,,,,,,2026-09-20,main,qualcomm-snapdragon-8-elite-for-galaxy,,,,,,,,,,,
tctc2memorylayer_torchscript,float,qnn_dlc,,,,82.59,,,,,,,,,,2026-09-20,main,qualcomm-snapdragon-8-elite-for-galaxy,,,,,,,,,,,
tctc2memorylayer_torchscript,float,qnn_dlc_via_qnn_ep,,,,82.59,,,,,,,,,,2026-09-20,main,qualcomm-snapdragon-8-elite-for-galaxy,,,,,,,,,,,
tctc2memorylayer_torchscript,float,onnx,,,,82.59,,,,,,,,,,2026-09-20,main,qualcomm-snapdragon-8-elite-for-galaxy,,,,,,,,,,,
tctc2postnet_torchscript,float,tflite,,,,65.66,,,,,,,,,,2026-09-20,main,qualcomm-snapdragon-8-elite-for-galaxy,,,,,,,,,,,
tctc2postnet_torchscript,float,qnn_dlc,,,,75.69,,,,,,,,,,2026-09-20,main,qualcomm-snapdragon-8-elite-for-galaxy,,,,,,,,,,,
tctc2postnet_torchscript,float,qnn_dlc_via_qnn_ep,,,,75.69,,,,,,,,,,2026-09-20,main,qualcomm-snapdragon-8-elite-for-galaxy,,,,,,,,,,,
tctc2postnet_torchscript,float,onnx,,,,75.69,,,,,,,,,,2026-09-20,main,qualcomm-snapdragon-8-elite-for-galaxy,,,,,,,,,,,
tctfv5_torchscript,float,tflite,,,,59.62,,,,,,,,,,2026-09-20,main,qualcomm-snapdragon-8-elite-for-galaxy,,,,,,,,,,,
tctfv5_torchscript,float,qnn_dlc,,,,59.75,,,,,,,,,,2026-09-20,main,qualcomm-snapdragon-8-elite-for-galaxy,,,,,,,,,,,
tctfv5_torchscript,float,qnn_dlc_via_qnn_ep,,,,59.18,,,,,,,,,,2026-09-20,main,qualcomm-snapdragon-8-elite-for-galaxy,,,,,,,,,,,
tctfv5_torchscript,float,onnx,,,,59.92,,,,,,,,,,2026-09-20,main,qualcomm-snapdragon-8-elite-for-galaxy,,,,,,,,,,,
tcvocoder_torchscript,float,tflite,,,,50.49,,,,,,,,,,2026-09-20,main,qualcomm-snapdragon-8-elite-for-galaxy,,,,,,,,,,,
tcvocoder_torchscript,float,qnn_dlc,,,,50.47,,,,,,,,,,2026-09-20,main,qualcomm-snapdragon-8-elite-for-galaxy,,,,,,,,,,,
tcvocoder_torchscript,float,qnn_dlc_via_qnn_ep,,,,50.47,,,,,,,,,,2026-09-20,main,qualcomm-snapdragon-8-elite-for-galaxy,,,,,,,,,,,
tcvocoder_torchscript,float,onnx,,,,50.47,,,,,,,,,,2026-09-20,main,qualcomm-snapdragon-8-elite-for-galaxy,,,,,,,,,,,
tcvoicealigncruse_torchscript,float,tflite,,,,80.09,,,,,,,,,,2026-09-20,main,qualcomm-snapdragon-8-elite-for-galaxy,,,,,,,,,,,
tcvoicealigncruse_torchscript,float,qnn_dlc,,,,73.58,,,,,,,,,,2026-09-20,main,qualcomm-snapdragon-8-elite-for-galaxy,,,,,,,,,,,
tcvoicealigncruse_torchscript,float,onnx,,,,80.36,,,,,,,,,,2026-09-20,main,qualcomm-snapdragon-8-elite-for-galaxy,,,,,,,,,,,
uniformer_torchscript,float,tflite,,,,10.01,,,,,,,,,,2026-09-20,main,qualcomm-snapdragon-8-elite-for-galaxy,,,,,,,,,,,
uniformer_torchscript,float,qnn_dlc,,,,40.62,,,,,,,,,,2026-09-20,main,qualcomm-snapdragon-8-elite-for-galaxy,,,,,,,,,,,
uniformer_torchscript,float,qnn_dlc_via_qnn_ep,,,,40.58,,,,,,,,,,2026-09-20,main,qualcomm-snapdragon-8-elite-for-galaxy,,,,,,,,,,,
uniformer_torchscript,float,onnx,,,,40.58,,,,,,,,,,2026-09-20,main,qualcomm-snapdragon-8-elite-for-galaxy,,,,,,,,,,,
zerodce_torchscript,float,tflite,,,,51.32,45.87,33.11,,,,,,,,2026-09-20,main,qualcomm-snapdragon-8-elite-for-galaxy,,,,,,,,,,,
zerodceplusplus_torchscript,float,tflite,,,,46.02,35.55,,,,,,,,,2026-09-20,main,qualcomm-snapdragon-8-elite-for-galaxy,,,,,,,,,,,
zerodceplusplus_torchscript,float,qnn_dlc,,,,-11.3,1.882,,,,,,,,,2026-09-20,main,qualcomm-snapdragon-8-elite-for-galaxy,,,,,,,,,,,
zerodceplusplus_torchscript,float,qnn_dlc_via_qnn_ep,,,,-11.3,1.882,,,,,,,,,2026-09-20,main,qualcomm-snapdragon-8-elite-for-galaxy,,,,,,,,,,,
zerodceplusplus_torchscript,float,onnx,,,,46.02,35.55,,,,,,,,,2026-09-20,main,qualcomm-snapdragon-8-elite-for-galaxy,,,,,,,,,,,
amt_torchscript,float,qnn_dlc,,,,40.71,,,,,,,,,,2026-09-27,main,qualcomm-snapdragon-8-elite-for-galaxy,,,,,,,,,,,
amt_torchscript,float,qnn_dlc_via_qnn_ep,,,,40.71,,,,,,,,,,2026-09-27,main,qualcomm-snapdragon-8-elite-for-galaxy,,,,,,,,,,,
amt_torchscript,float,onnx,,,,40.71,,,,,,,,,,2026-09-27,main,qualcomm-snapdragon-8-elite-for-galaxy,,,,,,,,,,,
cdcn_torchscript,float,tflite,,,,62.87,,,,,,,,,,2026-09-27,main,qualcomm-snapdragon-8-elite-for-galaxy,,,,,,,,,,,
cdcn_torchscript,float,qnn_dlc,,,,62.87,,,,,,,,,,2026-09-27,main,qualcomm-snapdragon-8-elite-for-galaxy,,,,,,,,,,,
cdcn_torchscript,float,qnn_dlc_via_qnn_ep,,,,62.87,,,,,,,,,,2026-09-27,main,qualcomm-snapdragon-8-elite-for-galaxy,,,,,,,,,,,
cdcn_torchscript,float,onnx,,,,62.84,,,,,,,,,,2026-09-27,main,qualcomm-snapdragon-8-elite-for-galaxy,,,,,,,,,,,
doc_enhancement_inpaint_torchscript,float,tflite,,,,12.5,,,,,,,,,,2026-09-27,main,qualcomm-snapdragon-8-elite-for-galaxy,,,,,,,,,,,
doc_enhancement_inpaint_torchscript,float,qnn_dlc,,,,37.98,,,,,,,,,,2026-09-27,main,qualcomm-snapdragon-8-elite-for-galaxy,,,,,,,,,,,
doc_enhancement_inpaint_torchscript,float,qnn_dlc_via_qnn_ep,,,,37.98,,,,,,,,,,2026-09-27,main,qualcomm-snapdragon-8-elite-for-galaxy,,,,,,,,,,,
doc_enhancement_inpaint_torchscript,float,onnx,,,,37.98,,,,,,,,,,2026-09-27,main,qualcomm-snapdragon-8-elite-for-galaxy,,,,,,,,,,,
doc_enhancement_object_removal_torchscript,float,tflite,,,,-17.87,,,,,,,,,,2026-09-27,main,qualcomm-snapdragon-8-elite-for-galaxy,,,,,,,,,,,
doc_enhancement_object_removal_torchscript,float,qnn_dlc,,,,-17.87,,,,,,,,,,2026-09-27,main,qualcomm-snapdragon-8-elite-for-galaxy,,,,,,,,,,,
doc_enhancement_object_removal_torchscript,float,qnn_dlc_via_qnn_ep,,,,-17.87,,,,,,,,,,2026-09-27,main,qualcomm-snapdragon-8-elite-for-galaxy,,,,,,,,,,,
doc_enhancement_object_removal_torchscript,float,onnx,,,,-17.87,,,,,,,,,,2026-09-27,main,qualcomm-snapdragon-8-elite-for-galaxy,,,,,,,,,,,
efficientformer_l1_onnx,float,tflite,,,,30.25,,,,,,,,,,2026-09-27,main,qualcomm-snapdragon-8-elite-for-galaxy,,,,,,,,,,,
efficientformer_l1_onnx,float,qnn_dlc,,,,30.25,,,,,,,,,,2026-09-27,main,qualcomm-snapdragon-8-elite-for-galaxy,,,,,,,,,,,
efficientformer_l1_onnx,float,qnn_dlc_via_qnn_ep,,,,30.25,,,,,,,,,,2026-09-27,main,qualcomm-snapdragon-8-elite-for-galaxy,,,,,,,,,,,
efficientformer_l1_onnx,float,onnx,,,,30.25,,,,,,,,,,2026-09-27,main,qualcomm-snapdragon-8-elite-for-galaxy,,,,,,,,,,,
efficientformer_onnx,float,tflite,,,,30.25,,,,,,,,,,2026-09-27,main,qualcomm-snapdragon-8-elite-for-galaxy,,,,,,,,,,,
efficientformer_onnx,float,qnn_dlc,,,,30.25,,,,,,,,,,2026-09-27,main,qualcomm-snapdragon-8-elite-for-galaxy,,,,,,,,,,,
efficientformer_onnx,float,qnn_dlc_via_qnn_ep,,,,30.25,,,,,,,,,,2026-09-27,main,qualcomm-snapdragon-8-elite-for-galaxy,,,,,,,,,,,
efficientformer_onnx,float,onnx,,,,30.25,,,,,,,,,,2026-09-27,main,qualcomm-snapdragon-8-elite-for-galaxy,,,,,,,,,,,
image_enhancement_cig_h_redrawing_torchscript,float,tflite,,,,22.78,,,,,,,,,,2026-09-27,main,qualcomm-snapdragon-8-elite-for-galaxy,,,,,,,,,,,
image_enhancement_cig_h_redrawing_torchscript,float,qnn_dlc,,,,22.78,,,,,,,,,,2026-09-27,main,qualcomm-snapdragon-8-elite-for-galaxy,,,,,,,,,,,
image_enhancement_cig_h_redrawing_torchscript,float,qnn_dlc_via_qnn_ep,,,,22.78,,,,,,,,,,2026-09-27,main,qualcomm-snapdragon-8-elite-for-galaxy,,,,,,,,,,,
image_enhancement_cig_h_redrawing_torchscript,float,onnx,,,,16.14,,,,,,,,,,2026-09-27,main,qualcomm-snapdragon-8-elite-for-galaxy,,,,,,,,,,,
image_enhancement_cig_i_redrawing_torchscript,float,tflite,,,,69.36,,,,,,,,,,2026-09-27,main,qualcomm-snapdragon-8-elite-for-galaxy,,,,,,,,,,,
image_enhancement_cig_i_redrawing_torchscript,float,qnn_dlc,,,,69.36,,,,,,,,,,2026-09-27,main,qualcomm-snapdragon-8-elite-for-galaxy,,,,,,,,,,,
image_enhancement_cig_i_redrawing_torchscript,float,qnn_dlc_via_qnn_ep,,,,69.36,,,,,,,,,,2026-09-27,main,qualcomm-snapdragon-8-elite-for-galaxy,,,,,,,,,,,
image_enhancement_cig_i_redrawing_torchscript,float,onnx,,,,69.36,,,,,,,,,,2026-09-27,main,qualcomm-snapdragon-8-elite-for-galaxy,,,,,,,,,,,
intern_image,float,qnn_dlc,,,,36.86,,,,,,,,,,2026-09-27,main,qualcomm-snapdragon-8-elite-for-galaxy,,,,,,,,,,,
nanotrackv3template_torchscript,float,tflite,,,,49.21,,,,,,,,,,2026-09-27,main,qualcomm-snapdragon-8-elite-for-galaxy,,,,,,,,,,,
nanotrackv3template_torchscript,float,qnn_dlc,,,,50.02,,,,,,,,,,2026-09-27,main,qualcomm-snapdragon-8-elite-for-galaxy,,,,,,,,,,,
nanotrackv3template_torchscript,float,qnn_dlc_via_qnn_ep,,,,50.02,,,,,,,,,,2026-09-27,main,qualcomm-snapdragon-8-elite-for-galaxy,,,,,,,,,,,
nanotrackv3template_torchscript,float,onnx,,,,50.02,,,,,,,,,,2026-09-27,main,qualcomm-snapdragon-8-elite-for-galaxy,,,,,,,,,,,
photo_remaster_aideblur_fpn_torchscript,float,tflite,,,,62.44,66.38,70.56,,,,,,,,2026-09-27,main,qualcomm-snapdragon-8-elite-for-galaxy,,,,,,,,,,,
photo_remaster_aideblur_fpn_torchscript,float,qnn_dlc,,,,62.44,66.38,70.56,,,,,,,,2026-09-27,main,qualcomm-snapdragon-8-elite-for-galaxy,,,,,,,,,,,
photo_remaster_aideblur_v140_torchscript,float,tflite,,,,62.08,,,,,,,,,,2026-09-27,main,qualcomm-snapdragon-8-elite-for-galaxy,,,,,,,,,,,
photo_remaster_aideblur_v140_torchscript,float,qnn_dlc,,,,62.08,,,,,,,,,,2026-09-27,main,qualcomm-snapdragon-8-elite-for-galaxy,,,,,,,,,,,
photo_remaster_aideblur_v140_torchscript,float,qnn_dlc_via_qnn_ep,,,,62.08,,,,,,,,,,2026-09-27,main,qualcomm-snapdragon-8-elite-for-galaxy,,,,,,,,,,,
photo_remaster_aideblur_v140_torchscript,float,onnx,,,,62.08,,,,,,,,,,2026-09-27,main,qualcomm-snapdragon-8-elite-for-galaxy,,,,,,,,,,,
tcchunkdetection_torchscript,float,tflite,,,,76.34,,,,,,,,,,2026-09-27,main,qualcomm-snapdragon-8-elite-for-galaxy,,,,,,,,,,,
tcchunkdetection_torchscript,float,qnn_dlc,,,,76.34,,,,,,,,,,2026-09-27,main,qualcomm-snapdragon-8-elite-for-galaxy,,,,,,,,,,,
tcchunkdetection_torchscript,float,qnn_dlc_via_qnn_ep,,,,76.34,,,,,,,,,,2026-09-27,main,qualcomm-snapdragon-8-elite-for-galaxy,,,,,,,,,,,
tcchunkdetection_torchscript,float,onnx,,,,76.34,,,,,,,,,,2026-09-27,main,qualcomm-snapdragon-8-elite-for-galaxy,,,,,,,,,,,
tcdcvcdmc_360p_torchscript,float,qnn_dlc,,,,24.71,,,,,,,,,,2026-09-27,main,qualcomm-snapdragon-8-elite-for-galaxy,,,,,,,,,,,
tcdcvcdmc_360p_torchscript,float,qnn_dlc_via_qnn_ep,,,,24.71,,,,,,,,,,2026-09-27,main,qualcomm-snapdragon-8-elite-for-galaxy,,,,,,,,,,,
tcdcvcdmc_360p_torchscript,float,onnx,,,,24.7,,,,,,,,,,2026-09-27,main,qualcomm-snapdragon-8-elite-for-galaxy,,,,,,,,,,,
tcdcvcintranoar_360p_torchscript,float,tflite,,,,38.38,,,,,,,,,,2026-09-27,main,qualcomm-snapdragon-8-elite-for-galaxy,,,,,,,,,,,
tcdcvcintranoar_360p_torchscript,float,qnn_dlc_via_qnn_ep,,,,38.38,,,,,,,,,,2026-09-27,main,qualcomm-snapdragon-8-elite-for-galaxy,,,,,,,,,,,
tcdcvcintranoar_360p_torchscript,float,onnx,,,,37.91,,,,,,,,,,2026-09-27,main,qualcomm-snapdragon-8-elite-for-galaxy,,,,,,,,,,,
tcfacemodel_torchscript,float,tflite,,,,77.07,,,,,,,,,,2026-09-27,main,qualcomm-snapdragon-8-elite-for-galaxy,,,,,,,,,,,
tcfacemodel_torchscript,float,qnn_dlc,,,,77.07,,,,,,,,,,2026-09-27,main,qualcomm-snapdragon-8-elite-for-galaxy,,,,,,,,,,,
tcfacemodel_torchscript,float,qnn_dlc_via_qnn_ep,,,,77.07,,,,,,,,,,2026-09-27,main,qualcomm-snapdragon-8-elite-for-galaxy,,,,,,,,,,,
tcfacemodel_torchscript,float,onnx,,,,77.14,,,,,,,,,,2026-09-27,main,qualcomm-snapdragon-8-elite-for-galaxy,,,,,,,,,,,
tcgandecoder_torchscript,float,tflite,,,,43.43,,,,,,,,,,2026-09-27,main,qualcomm-snapdragon-8-elite-for-galaxy,,,,,,,,,,,
tcgandecoder_torchscript,float,qnn_dlc,,,,43.44,,,,,,,,,,2026-09-27,main,qualcomm-snapdragon-8-elite-for-galaxy,,,,,,,,,,,
tcgandecoder_torchscript,float,qnn_dlc_via_qnn_ep,,,,43.44,,,,,,,,,,2026-09-27,main,qualcomm-snapdragon-8-elite-for-galaxy,,,,,,,,,,,
tcgandecoder_torchscript,float,onnx,,,,43.44,,,,,,,,,,2026-09-27,main,qualcomm-snapdragon-8-elite-for-galaxy,,,,,,,,,,,
tcganencoder_torchscript,float,tflite,,,,,,,,,,,,,,2026-09-27,main,qualcomm-snapdragon-8-elite-for-galaxy,,,,,,,,,,,
tcganencoder_torchscript,float,qnn_dlc,,,,,,,,,,,,,,2026-09-27,main,qualcomm-snapdragon-8-elite-for-galaxy,,,,,,,,,,,
tcimagesegmentationrtmi_torchscript,float,tflite,,,,46.52,,,,,,,,,,2026-09-27,main,qualcomm-snapdragon-8-elite-for-galaxy,,,,,,,,,,,
tcimagesegmentationrtmi_torchscript,float,qnn_dlc,,,,46.52,,,,,,,,,,2026-09-27,main,qualcomm-snapdragon-8-elite-for-galaxy,,,,,,,,,,,
tcimagesegmentationrtmi_torchscript,float,qnn_dlc_via_qnn_ep,,,,46.52,,,,,,,,,,2026-09-27,main,qualcomm-snapdragon-8-elite-for-galaxy,,,,,,,,,,,
tcimagesegmentationrtmi_torchscript,float,onnx,,,,46.52,,,,,,,,,,2026-09-27,main,qualcomm-snapdragon-8-elite-for-galaxy,,,,,,,,,,,
tcmaskclassifier_torchscript,float,tflite,,,,51.44,,,,,,,,,,2026-09-27,main,qualcomm-snapdragon-8-elite-for-galaxy,,,,,,,,,,,
tcmaskclassifier_torchscript,float,qnn_dlc,,,,51.44,,,,,,,,,,2026-09-27,main,qualcomm-snapdragon-8-elite-for-galaxy,,,,,,,,,,,
tcmaskclassifier_torchscript,float,qnn_dlc_via_qnn_ep,,,,51.44,,,,,,,,,,2026-09-27,main,qualcomm-snapdragon-8-elite-for-galaxy,,,,,,,,,,,
tcmaskclassifier_torchscript,float,onnx,,,,51.44,,,,,,,,,,2026-09-27,main,qualcomm-snapdragon-8-elite-for-galaxy,,,,,,,,,,,
tcmultihead_torchscript,float,tflite,,,,72.06,66.44,52.32,48.54,54.41,35.42,34.09,17.18,16.27,60.02,2026-09-27,main,qualcomm-snapdragon-8-elite-for-galaxy,,,,,,,,,,,
tcmultihead_torchscript,float,qnn_dlc,,,,72.06,66.44,52.32,48.54,54.41,35.42,34.09,17.18,16.27,11.35,2026-09-27,main,qualcomm-snapdragon-8-elite-for-galaxy,,,,,,,,,,,
tcpersonsegmentation_torchscript,float,tflite,,,,72.95,,,,,,,,,,2026-09-27,main,qualcomm-snapdragon-8-elite-for-galaxy,,,,,,,,,,,
tcpersonsegmentation_torchscript,float,qnn_dlc,,,,72.95,,,,,,,,,,2026-09-27,main,qualcomm-snapdragon-8-elite-for-galaxy,,,,,,,,,,,
tcpersonsegmentation_torchscript,float,qnn_dlc_via_qnn_ep,,,,72.95,,,,,,,,,,2026-09-27,main,qualcomm-snapdragon-8-elite-for-galaxy,,,,,,,,,,,
tcpersonsegmentation_torchscript,float,onnx,,,,72.95,,,,,,,,,,2026-09-27,main,qualcomm-snapdragon-8-elite-for-galaxy,,,,,,,,,,,
tcswifty_torchscript,float,tflite,,,,77.5,80.62,82.63,80.48,86.69,,,,,,2026-09-27,main,qualcomm-snapdragon-8-elite-for-galaxy,,,,,,,,,,,
tctc2convnet_torchscript,float,tflite,,,,86.9,,,,,,,,,,2026-09-27,main,qualcomm-snapdragon-8-elite-for-galaxy,,,,,,,,,,,
tctc2convnet_torchscript,float,qnn_dlc,,,,86.09,,,,,,,,,,2026-09-27,main,qualcomm-snapdragon-8-elite-for-galaxy,,,,,,,,,,,
tctc2convnet_torchscript,float,qnn_dlc_via_qnn_ep,,,,86.09,,,,,,,,,,2026-09-27,main,qualcomm-snapdragon-8-elite-for-galaxy,,,,,,,,,,,
tctc2convnet_torchscript,float,onnx,,,,86.09,,,,,,,,,,2026-09-27,main,qualcomm-snapdragon-8-elite-for-galaxy,,,,,,,,,,,
tctc2decoderstep_torchscript,float,tflite,,,,73.66,72.32,74.63,73.75,58.35,76.6,71.97,71.25,100.0,,2026-09-27,main,qualcomm-snapdragon-8-elite-for-galaxy,,,,,,,,,,,
tctc2encoderstep_torchscript,float,tflite,,,,72.56,72.32,72.4,73.37,73.04,72.9,,,,,2026-09-27,main,qualcomm-snapdragon-8-elite-for-galaxy,,,,,,,,,,,
tctc2encoderstep_torchscript,float,qnn_dlc,,,,12.37,7.359,8.47,24.68,2.168,24.8,,,,,2026-09-27,main,qualcomm-snapdragon-8-elite-for-galaxy,,,,,,,,,,,
tctc2encoderstep_torchscript,float,qnn_dlc_via_qnn_ep,,,,7.113,3.963,8.47,6.478,2.318,8.522,,,,,2026-09-27,main,qualcomm-snapdragon-8-elite-for-galaxy,,,,,,,,,,,
tctc2encoderstep_torchscript,float,onnx,,,,72.56,72.32,72.4,73.37,73.04,72.9,,,,,2026-09-27,main,qualcomm-snapdragon-8-elite-for-galaxy,,,,,,,,,,,
tctc2memorylayer_torchscript,float,tflite,,,,82.59,,,,,,,,,,2026-09-27,main,qualcomm-snapdragon-8-elite-for-galaxy,,,,,,,,,,,
tctc2memorylayer_torchscript,float,qnn_dlc,,,,82.59,,,,,,,,,,2026-09-27,main,qualcomm-snapdragon-8-elite-for-galaxy,,,,,,,,,,,
tctc2memorylayer_torchscript,float,qnn_dlc_via_qnn_ep,,,,82.59,,,,,,,,,,2026-09-27,main,qualcomm-snapdragon-8-elite-for-galaxy,,,,,,,,,,,
tctc2memorylayer_torchscript,float,onnx,,,,82.59,,,,,,,,,,2026-09-27,main,qualcomm-snapdragon-8-elite-for-galaxy,,,,,,,,,,,
tctc2postnet_torchscript,float,tflite,,,,65.66,,,,,,,,,,2026-09-27,main,qualcomm-snapdragon-8-elite-for-galaxy,,,,,,,,,,,
tctc2postnet_torchscript,float,qnn_dlc,,,,75.69,,,,,,,,,,2026-09-27,main,qualcomm-snapdragon-8-elite-for-galaxy,,,,,,,,,,,
tctc2postnet_torchscript,float,qnn_dlc_via_qnn_ep,,,,75.69,,,,,,,,,,2026-09-27,main,qualcomm-snapdragon-8-elite-for-galaxy,,,,,,,,,,,
tctc2postnet_torchscript,float,onnx,,,,75.69,,,,,,,,,,2026-09-27,main,qualcomm-snapdragon-8-elite-for-galaxy,,,,,,,,,,,
tctfv5_torchscript,float,tflite,,,,59.62,,,,,,,,,,2026-09-27,main,qualcomm-snapdragon-8-elite-for-galaxy,,,,,,,,,,,
tctfv5_torchscript,float,qnn_dlc,,,,59.75,,,,,,,,,,2026-09-27,main,qualcomm-snapdragon-8-elite-for-galaxy,,,,,,,,,,,
tctfv5_torchscript,float,qnn_dlc_via_qnn_ep,,,,59.18,,,,,,,,,,2026-09-27,main,qualcomm-snapdragon-8-elite-for-galaxy,,,,,,,,,,,
tctfv5_torchscript,float,onnx,,,,59.92,,,,,,,,,,2026-09-27,main,qualcomm-snapdragon-8-elite-for-galaxy,,,,,,,,,,,
tcvocoder_torchscript,float,tflite,,,,50.49,,,,,,,,,,2026-09-27,main,qualcomm-snapdragon-8-elite-for-galaxy,,,,,,,,,,,
tcvocoder_torchscript,float,qnn_dlc,,,,50.47,,,,,,,,,,2026-09-27,main,qualcomm-snapdragon-8-elite-for-galaxy,,,,,,,,,,,
tcvocoder_torchscript,float,qnn_dlc_via_qnn_ep,,,,50.47,,,,,,,,,,2026-09-27,main,qualcomm-snapdragon-8-elite-for-galaxy,,,,,,,,,,,
tcvocoder_torchscript,float,onnx,,,,50.47,,,,,,,,,,2026-09-27,main,qualcomm-snapdragon-8-elite-for-galaxy,,,,,,,,,,,
tcvoicealigncruse_torchscript,float,tflite,,,,80.09,,,,,,,,,,2026-09-27,main,qualcomm-snapdragon-8-elite-for-galaxy,,,,,,,,,,,
tcvoicealigncruse_torchscript,float,qnn_dlc,,,,73.58,,,,,,,,,,2026-09-27,main,qualcomm-snapdragon-8-elite-for-galaxy,,,,,,,,,,,
tcvoicealigncruse_torchscript,float,onnx,,,,80.36,,,,,,,,,,2026-09-27,main,qualcomm-snapdragon-8-elite-for-galaxy,,,,,,,,,,,
uniformer_torchscript,float,tflite,,,,10.01,,,,,,,,,,2026-09-27,main,qualcomm-snapdragon-8-elite-for-galaxy,,,,,,,,,,,
uniformer_torchscript,float,qnn_dlc,,,,40.62,,,,,,,,,,2026-09-27,main,qualcomm-snapdragon-8-elite-for-galaxy,,,,,,,,,,,
uniformer_torchscript,float,qnn_dlc_via_qnn_ep,,,,40.58,,,,,,,,,,2026-09-27,main,qualcomm-snapdragon-8-elite-for-galaxy,,,,,,,,,,,
uniformer_torchscript,float,onnx,,,,40.58,,,,,,,,,,2026-09-27,main,qualcomm-snapdragon-8-elite-for-galaxy,,,,,,,,,,,
zerodce_torchscript,float,tflite,,,,51.32,45.87,33.11,,,,,,,,2026-09-27,main,qualcomm-snapdragon-8-elite-for-galaxy,,,,,,,,,,,
zerodceplusplus_torchscript,float,tflite,,,,46.02,35.55,,,,,,,,,2026-09-27,main,qualcomm-snapdragon-8-elite-for-galaxy,,,,,,,,,,,
zerodceplusplus_torchscript,float,qnn_dlc,,,,-11.3,1.882,,,,,,,,,2026-09-27,main,qualcomm-snapdragon-8-elite-for-galaxy,,,,,,,,,,,
zerodceplusplus_torchscript,float,qnn_dlc_via_qnn_ep,,,,-11.3,1.882,,,,,,,,,2026-09-27,main,qualcomm-snapdragon-8-elite-for-galaxy,,,,,,,,,,,
zerodceplusplus_torchscript,float,onnx,,,,46.02,35.55,,,,,,,,,2026-09-27,main,qualcomm-snapdragon-8-elite-for-galaxy,,,,,,,,,,,
mobilenet_v3_large,w8a16,qnn_dlc,72.1,72.1,72.4,36.43,,,,,,,,,,2026-09-27,main,qualcomm-snapdragon-8-elite-for-galaxy,imagenet,https://www.image-net.org/,validation split,Top-1 Accuracy,%,Percentage of top 1 model predictions that are correct.,0.0,100.0,10.0,True,1000.0
mobilenet_v3_large,w8a16,qnn_dlc_via_qnn_ep,72.1,72.1,72.4,36.43,,,,,,,,,,2026-09-27,main,qualcomm-snapdragon-8-elite-for-galaxy,imagenet,https://www.image-net.org/,validation split,Top-1 Accuracy,%,Percentage of top 1 model predictions that are correct.,0.0,100.0,10.0,True,1000.0
mobilenet_v3_large,w8a16,onnx,72.1,72.1,72.4,36.43,,,,,,,,,,2026-09-27,main,qualcomm-snapdragon-8-elite-for-galaxy,imagenet,https://www.image-net.org/,validation split,Top-1 Accuracy,%,Percentage of top 1 model predictions that are correct.,0.0,100.0,10.0,True,1000.0
owl_vit,w8a16,qnn_dlc,50.7,49.8,49.7,41.11,54.83,100.0,,,,,,,,2026-09-27,main,qualcomm-snapdragon-8-elite-for-galaxy,base_coco_owl,https://cocodataset.org/,"COCO val2017 - one (image, class) pair per sample, single text query per inference",Mean Average Precision,mAP@0.5:0.95,Mean Average Precision averaged over IOU thresholds 0.5 to 0.95 in 0.05 increments.,0.0,100.0,10.0,True,100.0
owl_vit,w8a16,qnn_dlc_via_qnn_ep,50.7,49.8,49.7,41.11,54.83,100.0,,,,,,,,2026-09-27,main,qualcomm-snapdragon-8-elite-for-galaxy,base_coco_owl,https://cocodataset.org/,"COCO val2017 - one (image, class) pair per sample, single text query per inference",Mean Average Precision,mAP@0.5:0.95,Mean Average Precision averaged over IOU thresholds 0.5 to 0.95 in 0.05 increments.,0.0,100.0,10.0,True,100.0
owl_vit,w8a16,onnx,50.7,49.8,48.0,38.53,51.69,100.0,,,,,,,,2026-09-27,main,qualcomm-snapdragon-8-elite-for-galaxy,base_coco_owl,https://cocodataset.org/,"COCO val2017 - one (image, class) pair per sample, single text query per inference",Mean Average Precision,mAP@0.5:0.95,Mean Average Precision averaged over IOU thresholds 0.5 to 0.95 in 0.05 increments.,0.0,100.0,10.0,True,100.0
falcon_v3_7b_instruct,w4a16,genie,79.4,,88.4,,,,,,,,,,,2026-10-05,main,qualcomm-snapdragon-x-elite,grace2,https://github.com/qualcomm/ai-hub-models/blob/main/tutorials/llm/grace.md,on-device prompt eval set,Grace2,%,Grading Response Accuracy Evaluation: percentage score from grading generated responses to the Grace2 prompt set with a grader LLM.,0.0,100.0,10.0,True,100.0
intern3_5_vl_2b,w4a16,genie,79.6,,66.7,,,,,,,,,,,2026-10-05,main,qualcomm-snapdragon-x-elite,grace2,https://github.com/qualcomm/ai-hub-models/blob/main/tutorials/llm/grace.md,on-device prompt eval set,Grace2,%,Grading Response Accuracy Evaluation: percentage score from grading generated responses to the Grace2 prompt set with a grader LLM.,0.0,100.0,10.0,True,100.0
intern3_5_vl_4b,w4a16,genie,88.9,,79.1,,,,,,,,,,,2026-10-05,main,qualcomm-snapdragon-x-elite,grace2,https://github.com/qualcomm/ai-hub-models/blob/main/tutorials/llm/grace.md,on-device prompt eval set,Grace2,%,Grading Response Accuracy Evaluation: percentage score from grading generated responses to the Grace2 prompt set with a grader LLM.,0.0,100.0,10.0,True,100.0
llama_v3_2_1b_instruct,w4,genie,73.4,,54.3,,,,,,,,,,,2026-10-05,main,qualcomm-snapdragon-x-elite,grace2,https://github.com/qualcomm/ai-hub-models/blob/main/tutorials/llm/grace.md,on-device prompt eval set,Grace2,%,Grading Response Accuracy Evaluation: percentage score from grading generated responses to the Grace2 prompt set with a grader LLM.,0.0,100.0,10.0,True,100.0
llama_v3_2_1b_instruct,w4a16,genie,73.4,,51.0,,,,,,,,,,,2026-10-05,main,qualcomm-snapdragon-x-elite,grace2,https://github.com/qualcomm/ai-hub-models/blob/main/tutorials/llm/grace.md,on-device prompt eval set,Grace2,%,Grading Response Accuracy Evaluation: percentage score from grading generated responses to the Grace2 prompt set with a grader LLM.,0.0,100.0,10.0,True,100.0
llama_v3_2_3b_instruct,w4,genie,84.2,,77.7,,,,,,,,,,,2026-10-05,main,qualcomm-snapdragon-x-elite,grace2,https://github.com/qualcomm/ai-hub-models/blob/main/tutorials/llm/grace.md,on-device prompt eval set,Grace2,%,Grading Response Accuracy Evaluation: percentage score from grading generated responses to the Grace2 prompt set with a grader LLM.,0.0,100.0,10.0,True,100.0
llama_v3_2_3b_instruct,w4a16,genie,84.2,,76.8,,,,,,,,,,,2026-10-05,main,qualcomm-snapdragon-x-elite,grace2,https://github.com/qualcomm/ai-hub-models/blob/main/tutorials/llm/grace.md,on-device prompt eval set,Grace2,%,Grading Response Accuracy Evaluation: percentage score from grading generated responses to the Grace2 prompt set with a grader LLM.,0.0,100.0,10.0,True,100.0
llama_v3_2_3b_instruct_ssd,w4a16,genie,87.0,,77.2,,,,,,,,,,,2026-10-05,main,qualcomm-snapdragon-x-elite,grace2,https://github.com/qualcomm/ai-hub-models/blob/main/tutorials/llm/grace.md,on-device prompt eval set,Grace2,%,Grading Response Accuracy Evaluation: percentage score from grading generated responses to the Grace2 prompt set with a grader LLM.,0.0,100.0,10.0,True,100.0
llama_v3_8b_instruct,w4a16,genie,90.9,,80.0,,,,,,,,,,,2026-10-05,main,qualcomm-snapdragon-x-elite,grace2,https://github.com/qualcomm/ai-hub-models/blob/main/tutorials/llm/grace.md,on-device prompt eval set,Grace2,%,Grading Response Accuracy Evaluation: percentage score from grading generated responses to the Grace2 prompt set with a grader LLM.,0.0,100.0,10.0,True,100.0
qwen2_5_vl_7b_instruct,w4a16,genie,85.7,,76.6,,,,,,,,,,,2026-10-05,main,qualcomm-snapdragon-x-elite,grace2,https://github.com/qualcomm/ai-hub-models/blob/main/tutorials/llm/grace.md,on-device prompt eval set,Grace2,%,Grading Response Accuracy Evaluation: percentage score from grading generated responses to the Grace2 prompt set with a grader LLM.,0.0,100.0,10.0,True,100.0
qwen3_0_6b,w4a16,genie,70.0,,56.5,,,,,,,,,,,2026-10-05,main,qualcomm-snapdragon-x-elite,grace2,https://github.com/qualcomm/ai-hub-models/blob/main/tutorials/llm/grace.md,on-device prompt eval set,Grace2,%,Grading Response Accuracy Evaluation: percentage score from grading generated responses to the Grace2 prompt set with a grader LLM.,0.0,100.0,10.0,True,100.0
qwen3_1_7b,w4a16,genie,80.3,,77.7,,,,,,,,,,,2026-10-05,main,qualcomm-snapdragon-x-elite,grace2,https://github.com/qualcomm/ai-hub-models/blob/main/tutorials/llm/grace.md,on-device prompt eval set,Grace2,%,Grading Response Accuracy Evaluation: percentage score from grading generated responses to the Grace2 prompt set with a grader LLM.,0.0,100.0,10.0,True,100.0
qwen3_4b_instruct_2507,w4a16,genie,96.1,,87.3,,,,,,,,,,,2026-10-05,main,qualcomm-snapdragon-x-elite,grace2,https://github.com/qualcomm/ai-hub-models/blob/main/tutorials/llm/grace.md,on-device prompt eval set,Grace2,%,Grading Response Accuracy Evaluation: percentage score from grading generated responses to the Grace2 prompt set with a grader LLM.,0.0,100.0,10.0,True,100.0
qwen3_4b,w4a16,genie,91.6,,65.9,,,,,,,,,,,2026-10-05,main,qualcomm-snapdragon-x-elite,grace2,https://github.com/qualcomm/ai-hub-models/blob/main/tutorials/llm/grace.md,on-device prompt eval set,Grace2,%,Grading Response Accuracy Evaluation: percentage score from grading generated responses to the Grace2 prompt set with a grader LLM.,0.0,100.0,10.0,True,100.0
qwen3_8b,w4a16,genie,96.4,,83.1,,,,,,,,,,,2026-10-05,main,qualcomm-snapdragon-x-elite,grace2,https://github.com/qualcomm/ai-hub-models/blob/main/tutorials/llm/grace.md,on-device prompt eval set,Grace2,%,Grading Response Accuracy Evaluation: percentage score from grading generated responses to the Grace2 prompt set with a grader LLM.,0.0,100.0,10.0,True,100.0
qwen3_vl_8b_instruct,w4a16,genie,93.6,,77.8,,,,,,,,,,,2026-10-05,main,qualcomm-snapdragon-x-elite,grace2,https://github.com/qualcomm/ai-hub-models/blob/main/tutorials/llm/grace.md,on-device prompt eval set,Grace2,%,Grading Response Accuracy Evaluation: percentage score from grading generated responses to the Grace2 prompt set with a grader LLM.,0.0,100.0,10.0,True,100.0
gemma_4_e2b_it,q4_0,geniex_llamacpp,97.0,,94.1,,,,,,,,,,,2026-10-04,main,qualcomm-snapdragon-x-elite,grace2,https://github.com/qualcomm/ai-hub-models/blob/main/tutorials/llm/grace.md,on-device prompt eval set,Grace2,%,Grading Response Accuracy Evaluation: percentage score from grading generated responses to the Grace2 prompt set with a grader LLM.,0.0,100.0,10.0,True,100.0
gemma_4_e4b_it,q4_0,geniex_llamacpp,98.2,,93.5,,,,,,,,,,,2026-10-04,main,qualcomm-snapdragon-x-elite,grace2,https://github.com/qualcomm/ai-hub-models/blob/main/tutorials/llm/grace.md,on-device prompt eval set,Grace2,%,Grading Response Accuracy Evaluation: percentage score from grading generated responses to the Grace2 prompt set with a grader LLM.,0.0,100.0,10.0,True,100.0
granite_4_0_micro,q4_0,geniex_llamacpp,,,88.6,,,,,,,,,,,2026-10-04,main,qualcomm-snapdragon-x-elite,grace2,https://github.com/qualcomm/ai-hub-models/blob/main/tutorials/llm/grace.md,on-device prompt eval set,Grace2,%,Grading Response Accuracy Evaluation: percentage score from grading generated responses to the Grace2 prompt set with a grader LLM.,0.0,100.0,10.0,True,100.0
ministral_3_3b_instruct_2512,q4_0,geniex_llamacpp,,,84.0,,,,,,,,,,,2026-10-04,main,qualcomm-snapdragon-x-elite,grace2,https://github.com/qualcomm/ai-hub-models/blob/main/tutorials/llm/grace.md,on-device prompt eval set,Grace2,%,Grading Response Accuracy Evaluation: percentage score from grading generated responses to the Grace2 prompt set with a grader LLM.,0.0,100.0,10.0,True,100.0
phi_4_mini_instruct,q4_0,geniex_llamacpp,91.1,,90.6,,,,,,,,,,,2026-10-04,main,qualcomm-snapdragon-x-elite,grace2,https://github.com/qualcomm/ai-hub-models/blob/main/tutorials/llm/grace.md,on-device prompt eval set,Grace2,%,Grading Response Accuracy Evaluation: percentage score from grading generated responses to the Grace2 prompt set with a grader LLM.,0.0,100.0,10.0,True,100.0
qwen2_5_vl_7b_instruct,q4_0,geniex_llamacpp,85.7,,88.4,,,,,,,,,,,2026-10-04,main,qualcomm-snapdragon-x-elite,grace2,https://github.com/qualcomm/ai-hub-models/blob/main/tutorials/llm/grace.md,on-device prompt eval set,Grace2,%,Grading Response Accuracy Evaluation: percentage score from grading generated responses to the Grace2 prompt set with a grader LLM.,0.0,100.0,10.0,True,100.0
qwen3_0_6b,q4_0,geniex_llamacpp,70.0,,62.4,,,,,,,,,,,2026-10-04,main,qualcomm-snapdragon-x-elite,grace2,https://github.com/qualcomm/ai-hub-models/blob/main/tutorials/llm/grace.md,on-device prompt eval set,Grace2,%,Grading Response Accuracy Evaluation: percentage score from grading generated responses to the Grace2 prompt set with a grader LLM.,0.0,100.0,10.0,True,100.0
qwen3_1_7b,q4_0,geniex_llamacpp,80.3,,80.0,,,,,,,,,,,2026-10-04,main,qualcomm-snapdragon-x-elite,grace2,https://github.com/qualcomm/ai-hub-models/blob/main/tutorials/llm/grace.md,on-device prompt eval set,Grace2,%,Grading Response Accuracy Evaluation: percentage score from grading generated responses to the Grace2 prompt set with a grader LLM.,0.0,100.0,10.0,True,100.0
qwen3_4b_instruct_2507,q4_0,geniex_llamacpp,96.1,,94.7,,,,,,,,,,,2026-10-04,main,qualcomm-snapdragon-x-elite,grace2,https://github.com/qualcomm/ai-hub-models/blob/main/tutorials/llm/grace.md,on-device prompt eval set,Grace2,%,Grading Response Accuracy Evaluation: percentage score from grading generated responses to the Grace2 prompt set with a grader LLM.,0.0,100.0,10.0,True,100.0
qwen3_4b,q4_0,geniex_llamacpp,91.6,,94.2,,,,,,,,,,,2026-10-04,main,qualcomm-snapdragon-x-elite,grace2,https://github.com/qualcomm/ai-hub-models/blob/main/tutorials/llm/grace.md,on-device prompt eval set,Grace2,%,Grading Response Accuracy Evaluation: percentage score from grading generated responses to the Grace2 prompt set with a grader LLM.,0.0,100.0,10.0,True,100.0
qwen3_5_0_8b,q4_0,geniex_llamacpp,63.2,,61.0,,,,,,,,,,,2026-10-04,main,qualcomm-snapdragon-x-elite,grace2,https://github.com/qualcomm/ai-hub-models/blob/main/tutorials/llm/grace.md,on-device prompt eval set,Grace2,%,Grading Response Accuracy Evaluation: percentage score from grading generated responses to the Grace2 prompt set with a grader LLM.,0.0,100.0,10.0,True,100.0
qwen3_5_2b,q4_0,geniex_llamacpp,79.5,,76.1,,,,,,,,,,,2026-10-04,main,qualcomm-snapdragon-x-elite,grace2,https://github.com/qualcomm/ai-hub-models/blob/main/tutorials/llm/grace.md,on-device prompt eval set,Grace2,%,Grading Response Accuracy Evaluation: percentage score from grading generated responses to the Grace2 prompt set with a grader LLM.,0.0,100.0,10.0,True,100.0
qwen3_vl_2b_instruct,q4_0,geniex_llamacpp,,,75.7,,,,,,,,,,,2026-10-04,main,qualcomm-snapdragon-x-elite,grace2,https://github.com/qualcomm/ai-hub-models/blob/main/tutorials/llm/grace.md,on-device prompt eval set,Grace2,%,Grading Response Accuracy Evaluation: percentage score from grading generated responses to the Grace2 prompt set with a grader LLM.,0.0,100.0,10.0,True,100.0
qwen3_vl_4b_instruct,q4_0,geniex_llamacpp,91.7,,91.5,,,,,,,,,,,2026-10-04,main,qualcomm-snapdragon-x-elite,grace2,https://github.com/qualcomm/ai-hub-models/blob/main/tutorials/llm/grace.md,on-device prompt eval set,Grace2,%,Grading Response Accuracy Evaluation: percentage score from grading generated responses to the Grace2 prompt set with a grader LLM.,0.0,100.0,10.0,True,100.0
smolvlm2_2_2b_instruct,q8_0,geniex_llamacpp,,,68.2,,,,,,,,,,,2026-10-04,main,qualcomm-snapdragon-x-elite,grace2,https://github.com/qualcomm/ai-hub-models/blob/main/tutorials/llm/grace.md,on-device prompt eval set,Grace2,%,Grading Response Accuracy Evaluation: percentage score from grading generated responses to the Grace2 prompt set with a grader LLM.,0.0,100.0,10.0,True,100.0
grootn15,mixed,qnn_context_binary,,,,28.77,52.91,55.81,55.08,54.83,53.94,55.37,53.71,55.4,55.34,2026-10-04,main,qualcomm-qcs9075,,,,,,,,,,,
grootn15,mixed,precompiled_qnn_onnx,,,,28.77,52.91,55.81,55.08,54.83,53.94,55.37,53.71,55.4,55.34,2026-10-04,main,qualcomm-qcs9075,,,,,,,,,,,
grootn15,float,qnn_context_binary,,,,37.1,82.19,66.26,68.07,68.18,68.0,67.17,67.54,67.32,67.06,2026-10-04,main,qualcomm-qcs9075,,,,,,,,,,,
grootn15,float,precompiled_qnn_onnx,,,,37.1,82.19,66.26,68.07,68.18,68.0,67.17,67.54,67.32,67.06,2026-10-04,main,qualcomm-qcs9075,,,,,,,,,,,
pi05,mixed,qnn_context_binary,,,,61.74,114.3,100.0,14.81,14.67,22.24,22.0,100.0,26.6,27.86,2026-10-04,main,qualcomm-qcs9075,,,,,,,,,,,
pi05,mixed,precompiled_qnn_onnx,,,,61.74,114.3,100.0,14.81,14.67,22.24,22.0,100.0,26.6,27.86,2026-10-04,main,qualcomm-qcs9075,,,,,,,,,,,
amt_torchscript,float,qnn_dlc,,,,40.71,,,,,,,,,,2026-10-04,main,qualcomm-snapdragon-8-elite-for-galaxy,,,,,,,,,,,
amt_torchscript,float,qnn_dlc_via_qnn_ep,,,,40.71,,,,,,,,,,2026-10-04,main,qualcomm-snapdragon-8-elite-for-galaxy,,,,,,,,,,,
amt_torchscript,float,onnx,,,,40.71,,,,,,,,,,2026-10-04,main,qualcomm-snapdragon-8-elite-for-galaxy,,,,,,,,,,,
cdcn_torchscript,float,tflite,,,,62.87,,,,,,,,,,2026-10-04,main,qualcomm-snapdragon-8-elite-for-galaxy,,,,,,,,,,,
cdcn_torchscript,float,qnn_dlc,,,,62.87,,,,,,,,,,2026-10-04,main,qualcomm-snapdragon-8-elite-for-galaxy,,,,,,,,,,,
cdcn_torchscript,float,qnn_dlc_via_qnn_ep,,,,62.87,,,,,,,,,,2026-10-04,main,qualcomm-snapdragon-8-elite-for-galaxy,,,,,,,,,,,
cdcn_torchscript,float,onnx,,,,62.84,,,,,,,,,,2026-10-04,main,qualcomm-snapdragon-8-elite-for-galaxy,,,,,,,,,,,
doc_enhancement_inpaint_torchscript,float,tflite,,,,12.5,,,,,,,,,,2026-10-04,main,qualcomm-snapdragon-8-elite-for-galaxy,,,,,,,,,,,
doc_enhancement_inpaint_torchscript,float,qnn_dlc,,,,37.98,,,,,,,,,,2026-10-04,main,qualcomm-snapdragon-8-elite-for-galaxy,,,,,,,,,,,
doc_enhancement_inpaint_torchscript,float,qnn_dlc_via_qnn_ep,,,,37.98,,,,,,,,,,2026-10-04,main,qualcomm-snapdragon-8-elite-for-galaxy,,,,,,,,,,,
doc_enhancement_inpaint_torchscript,float,onnx,,,,37.98,,,,,,,,,,2026-10-04,main,qualcomm-snapdragon-8-elite-for-galaxy,,,,,,,,,,,
doc_enhancement_object_removal_torchscript,float,tflite,,,,-17.87,,,,,,,,,,2026-10-04,main,qualcomm-snapdragon-8-elite-for-galaxy,,,,,,,,,,,
doc_enhancement_object_removal_torchscript,float,qnn_dlc,,,,-17.87,,,,,,,,,,2026-10-04,main,qualcomm-snapdragon-8-elite-for-galaxy,,,,,,,,,,,
doc_enhancement_object_removal_torchscript,float,qnn_dlc_via_qnn_ep,,,,-17.87,,,,,,,,,,2026-10-04,main,qualcomm-snapdragon-8-elite-for-galaxy,,,,,,,,,,,
doc_enhancement_object_removal_torchscript,float,onnx,,,,-17.87,,,,,,,,,,2026-10-04,main,qualcomm-snapdragon-8-elite-for-galaxy,,,,,,,,,,,
efficientformer_l1_onnx,float,tflite,,,,30.25,,,,,,,,,,2026-10-04,main,qualcomm-snapdragon-8-elite-for-galaxy,,,,,,,,,,,
efficientformer_l1_onnx,float,qnn_dlc,,,,30.25,,,,,,,,,,2026-10-04,main,qualcomm-snapdragon-8-elite-for-galaxy,,,,,,,,,,,
efficientformer_l1_onnx,float,qnn_dlc_via_qnn_ep,,,,30.25,,,,,,,,,,2026-10-04,main,qualcomm-snapdragon-8-elite-for-galaxy,,,,,,,,,,,
efficientformer_l1_onnx,float,onnx,,,,30.25,,,,,,,,,,2026-10-04,main,qualcomm-snapdragon-8-elite-for-galaxy,,,,,,,,,,,
efficientformer_onnx,float,tflite,,,,30.25,,,,,,,,,,2026-10-04,main,qualcomm-snapdragon-8-elite-for-galaxy,,,,,,,,,,,
efficientformer_onnx,float,qnn_dlc,,,,30.25,,,,,,,,,,2026-10-04,main,qualcomm-snapdragon-8-elite-for-galaxy,,,,,,,,,,,
efficientformer_onnx,float,qnn_dlc_via_qnn_ep,,,,30.25,,,,,,,,,,2026-10-04,main,qualcomm-snapdragon-8-elite-for-galaxy,,,,,,,,,,,
efficientformer_onnx,float,onnx,,,,30.25,,,,,,,,,,2026-10-04,main,qualcomm-snapdragon-8-elite-for-galaxy,,,,,,,,,,,
image_enhancement_cig_h_redrawing_torchscript,float,tflite,,,,22.78,,,,,,,,,,2026-10-04,main,qualcomm-snapdragon-8-elite-for-galaxy,,,,,,,,,,,
image_enhancement_cig_h_redrawing_torchscript,float,qnn_dlc,,,,22.78,,,,,,,,,,2026-10-04,main,qualcomm-snapdragon-8-elite-for-galaxy,,,,,,,,,,,
image_enhancement_cig_h_redrawing_torchscript,float,qnn_dlc_via_qnn_ep,,,,22.78,,,,,,,,,,2026-10-04,main,qualcomm-snapdragon-8-elite-for-galaxy,,,,,,,,,,,
image_enhancement_cig_h_redrawing_torchscript,float,onnx,,,,16.14,,,,,,,,,,2026-10-04,main,qualcomm-snapdragon-8-elite-for-galaxy,,,,,,,,,,,
image_enhancement_cig_i_redrawing_torchscript,float,tflite,,,,69.36,,,,,,,,,,2026-10-04,main,qualcomm-snapdragon-8-elite-for-galaxy,,,,,,,,,,,
image_enhancement_cig_i_redrawing_torchscript,float,qnn_dlc,,,,69.36,,,,,,,,,,2026-10-04,main,qualcomm-snapdragon-8-elite-for-galaxy,,,,,,,,,,,
image_enhancement_cig_i_redrawing_torchscript,float,qnn_dlc_via_qnn_ep,,,,69.36,,,,,,,,,,2026-10-04,main,qualcomm-snapdragon-8-elite-for-galaxy,,,,,,,,,,,
image_enhancement_cig_i_redrawing_torchscript,float,onnx,,,,69.36,,,,,,,,,,2026-10-04,main,qualcomm-snapdragon-8-elite-for-galaxy,,,,,,,,,,,
intern_image,float,qnn_dlc,,,,36.86,,,,,,,,,,2026-10-04,main,qualcomm-snapdragon-8-elite-for-galaxy,,,,,,,,,,,
nanotrackv3template_torchscript,float,tflite,,,,49.21,,,,,,,,,,2026-10-04,main,qualcomm-snapdragon-8-elite-for-galaxy,,,,,,,,,,,
nanotrackv3template_torchscript,float,qnn_dlc,,,,50.02,,,,,,,,,,2026-10-04,main,qualcomm-snapdragon-8-elite-for-galaxy,,,,,,,,,,,
nanotrackv3template_torchscript,float,qnn_dlc_via_qnn_ep,,,,50.02,,,,,,,,,,2026-10-04,main,qualcomm-snapdragon-8-elite-for-galaxy,,,,,,,,,,,
nanotrackv3template_torchscript,float,onnx,,,,50.02,,,,,,,,,,2026-10-04,main,qualcomm-snapdragon-8-elite-for-galaxy,,,,,,,,,,,
photo_remaster_aideblur_fpn_torchscript,float,tflite,,,,62.44,66.38,70.56,,,,,,,,2026-10-04,main,qualcomm-snapdragon-8-elite-for-galaxy,,,,,,,,,,,
photo_remaster_aideblur_fpn_torchscript,float,qnn_dlc,,,,62.44,66.38,70.56,,,,,,,,2026-10-04,main,qualcomm-snapdragon-8-elite-for-galaxy,,,,,,,,,,,
photo_remaster_aideblur_v140_torchscript,float,tflite,,,,62.08,,,,,,,,,,2026-10-04,main,qualcomm-snapdragon-8-elite-for-galaxy,,,,,,,,,,,
photo_remaster_aideblur_v140_torchscript,float,qnn_dlc,,,,62.08,,,,,,,,,,2026-10-04,main,qualcomm-snapdragon-8-elite-for-galaxy,,,,,,,,,,,
photo_remaster_aideblur_v140_torchscript,float,qnn_dlc_via_qnn_ep,,,,62.08,,,,,,,,,,2026-10-04,main,qualcomm-snapdragon-8-elite-for-galaxy,,,,,,,,,,,
photo_remaster_aideblur_v140_torchscript,float,onnx,,,,62.08,,,,,,,,,,2026-10-04,main,qualcomm-snapdragon-8-elite-for-galaxy,,,,,,,,,,,
tcchunkdetection_torchscript,float,tflite,,,,76.34,,,,,,,,,,2026-10-04,main,qualcomm-snapdragon-8-elite-for-galaxy,,,,,,,,,,,
tcchunkdetection_torchscript,float,qnn_dlc,,,,76.34,,,,,,,,,,2026-10-04,main,qualcomm-snapdragon-8-elite-for-galaxy,,,,,,,,,,,
tcchunkdetection_torchscript,float,qnn_dlc_via_qnn_ep,,,,76.34,,,,,,,,,,2026-10-04,main,qualcomm-snapdragon-8-elite-for-galaxy,,,,,,,,,,,
tcchunkdetection_torchscript,float,onnx,,,,76.34,,,,,,,,,,2026-10-04,main,qualcomm-snapdragon-8-elite-for-galaxy,,,,,,,,,,,
tcdcvcdmc_360p_torchscript,float,qnn_dlc,,,,24.71,,,,,,,,,,2026-10-04,main,qualcomm-snapdragon-8-elite-for-galaxy,,,,,,,,,,,
tcdcvcdmc_360p_torchscript,float,qnn_dlc_via_qnn_ep,,,,24.71,,,,,,,,,,2026-10-04,main,qualcomm-snapdragon-8-elite-for-galaxy,,,,,,,,,,,
tcdcvcdmc_360p_torchscript,float,onnx,,,,24.7,,,,,,,,,,2026-10-04,main,qualcomm-snapdragon-8-elite-for-galaxy,,,,,,,,,,,
tcdcvcintranoar_360p_torchscript,float,tflite,,,,38.38,,,,,,,,,,2026-10-04,main,qualcomm-snapdragon-8-elite-for-galaxy,,,,,,,,,,,
tcdcvcintranoar_360p_torchscript,float,qnn_dlc_via_qnn_ep,,,,38.38,,,,,,,,,,2026-10-04,main,qualcomm-snapdragon-8-elite-for-galaxy,,,,,,,,,,,
tcdcvcintranoar_360p_torchscript,float,onnx,,,,37.91,,,,,,,,,,2026-10-04,main,qualcomm-snapdragon-8-elite-for-galaxy,,,,,,,,,,,
tcfacemodel_torchscript,float,tflite,,,,77.07,,,,,,,,,,2026-10-04,main,qualcomm-snapdragon-8-elite-for-galaxy,,,,,,,,,,,
tcfacemodel_torchscript,float,qnn_dlc,,,,77.07,,,,,,,,,,2026-10-04,main,qualcomm-snapdragon-8-elite-for-galaxy,,,,,,,,,,,
tcfacemodel_torchscript,float,qnn_dlc_via_qnn_ep,,,,77.07,,,,,,,,,,2026-10-04,main,qualcomm-snapdragon-8-elite-for-galaxy,,,,,,,,,,,
tcfacemodel_torchscript,float,onnx,,,,77.14,,,,,,,,,,2026-10-04,main,qualcomm-snapdragon-8-elite-for-galaxy,,,,,,,,,,,
tcgandecoder_torchscript,float,tflite,,,,43.43,,,,,,,,,,2026-10-04,main,qualcomm-snapdragon-8-elite-for-galaxy,,,,,,,,,,,
tcgandecoder_torchscript,float,qnn_dlc,,,,43.44,,,,,,,,,,2026-10-04,main,qualcomm-snapdragon-8-elite-for-galaxy,,,,,,,,,,,
tcgandecoder_torchscript,float,qnn_dlc_via_qnn_ep,,,,43.44,,,,,,,,,,2026-10-04,main,qualcomm-snapdragon-8-elite-for-galaxy,,,,,,,,,,,
tcgandecoder_torchscript,float,onnx,,,,43.44,,,,,,,,,,2026-10-04,main,qualcomm-snapdragon-8-elite-for-galaxy,,,,,,,,,,,
tcganencoder_torchscript,float,tflite,,,,,,,,,,,,,,2026-10-04,main,qualcomm-snapdragon-8-elite-for-galaxy,,,,,,,,,,,
tcganencoder_torchscript,float,qnn_dlc,,,,,,,,,,,,,,2026-10-04,main,qualcomm-snapdragon-8-elite-for-galaxy,,,,,,,,,,,
tcimagesegmentationrtmi_torchscript,float,tflite,,,,46.52,,,,,,,,,,2026-10-04,main,qualcomm-snapdragon-8-elite-for-galaxy,,,,,,,,,,,
tcimagesegmentationrtmi_torchscript,float,qnn_dlc,,,,46.52,,,,,,,,,,2026-10-04,main,qualcomm-snapdragon-8-elite-for-galaxy,,,,,,,,,,,
tcimagesegmentationrtmi_torchscript,float,qnn_dlc_via_qnn_ep,,,,46.52,,,,,,,,,,2026-10-04,main,qualcomm-snapdragon-8-elite-for-galaxy,,,,,,,,,,,
tcimagesegmentationrtmi_torchscript,float,onnx,,,,46.52,,,,,,,,,,2026-10-04,main,qualcomm-snapdragon-8-elite-for-galaxy,,,,,,,,,,,
tcmaskclassifier_torchscript,float,tflite,,,,51.44,,,,,,,,,,2026-10-04,main,qualcomm-snapdragon-8-elite-for-galaxy,,,,,,,,,,,
tcmaskclassifier_torchscript,float,qnn_dlc,,,,51.44,,,,,,,,,,2026-10-04,main,qualcomm-snapdragon-8-elite-for-galaxy,,,,,,,,,,,
tcmaskclassifier_torchscript,float,qnn_dlc_via_qnn_ep,,,,51.44,,,,,,,,,,2026-10-04,main,qualcomm-snapdragon-8-elite-for-galaxy,,,,,,,,,,,
tcmaskclassifier_torchscript,float,onnx,,,,51.44,,,,,,,,,,2026-10-04,main,qualcomm-snapdragon-8-elite-for-galaxy,,,,,,,,,,,
tcmultihead_torchscript,float,tflite,,,,72.06,66.44,52.32,48.54,54.41,35.42,34.09,17.18,16.27,60.02,2026-10-04,main,qualcomm-snapdragon-8-elite-for-galaxy,,,,,,,,,,,
tcmultihead_torchscript,float,qnn_dlc,,,,72.06,66.44,52.32,48.54,54.41,35.42,34.09,17.18,16.27,11.35,2026-10-04,main,qualcomm-snapdragon-8-elite-for-galaxy,,,,,,,,,,,
tcpersonsegmentation_torchscript,float,tflite,,,,72.95,,,,,,,,,,2026-10-04,main,qualcomm-snapdragon-8-elite-for-galaxy,,,,,,,,,,,
tcpersonsegmentation_torchscript,float,qnn_dlc,,,,72.95,,,,,,,,,,2026-10-04,main,qualcomm-snapdragon-8-elite-for-galaxy,,,,,,,,,,,
tcpersonsegmentation_torchscript,float,qnn_dlc_via_qnn_ep,,,,72.95,,,,,,,,,,2026-10-04,main,qualcomm-snapdragon-8-elite-for-galaxy,,,,,,,,,,,
tcpersonsegmentation_torchscript,float,onnx,,,,72.95,,,,,,,,,,2026-10-04,main,qualcomm-snapdragon-8-elite-for-galaxy,,,,,,,,,,,
tcswifty_torchscript,float,tflite,,,,77.5,80.62,82.63,80.48,86.69,,,,,,2026-10-04,main,qualcomm-snapdragon-8-elite-for-galaxy,,,,,,,,,,,
tctc2convnet_torchscript,float,tflite,,,,86.9,,,,,,,,,,2026-10-04,main,qualcomm-snapdragon-8-elite-for-galaxy,,,,,,,,,,,
tctc2convnet_torchscript,float,qnn_dlc,,,,86.09,,,,,,,,,,2026-10-04,main,qualcomm-snapdragon-8-elite-for-galaxy,,,,,,,,,,,
tctc2convnet_torchscript,float,qnn_dlc_via_qnn_ep,,,,86.09,,,,,,,,,,2026-10-04,main,qualcomm-snapdragon-8-elite-for-galaxy,,,,,,,,,,,
tctc2convnet_torchscript,float,onnx,,,,86.09,,,,,,,,,,2026-10-04,main,qualcomm-snapdragon-8-elite-for-galaxy,,,,,,,,,,,
tctc2decoderstep_torchscript,float,tflite,,,,73.66,72.32,74.63,73.75,58.35,76.6,71.97,71.25,100.0,,2026-10-04,main,qualcomm-snapdragon-8-elite-for-galaxy,,,,,,,,,,,
tctc2encoderstep_torchscript,float,tflite,,,,72.56,72.32,72.4,73.37,73.04,72.9,,,,,2026-10-04,main,qualcomm-snapdragon-8-elite-for-galaxy,,,,,,,,,,,
tctc2encoderstep_torchscript,float,qnn_dlc,,,,12.37,7.359,8.47,24.68,2.168,24.8,,,,,2026-10-04,main,qualcomm-snapdragon-8-elite-for-galaxy,,,,,,,,,,,
tctc2encoderstep_torchscript,float,qnn_dlc_via_qnn_ep,,,,7.113,3.963,8.47,6.478,2.318,8.522,,,,,2026-10-04,main,qualcomm-snapdragon-8-elite-for-galaxy,,,,,,,,,,,
tctc2encoderstep_torchscript,float,onnx,,,,72.56,72.32,72.4,73.37,73.04,72.9,,,,,2026-10-04,main,qualcomm-snapdragon-8-elite-for-galaxy,,,,,,,,,,,
tctc2memorylayer_torchscript,float,tflite,,,,82.59,,,,,,,,,,2026-10-04,main,qualcomm-snapdragon-8-elite-for-galaxy,,,,,,,,,,,
tctc2memorylayer_torchscript,float,qnn_dlc,,,,82.59,,,,,,,,,,2026-10-04,main,qualcomm-snapdragon-8-elite-for-galaxy,,,,,,,,,,,
tctc2memorylayer_torchscript,float,qnn_dlc_via_qnn_ep,,,,82.59,,,,,,,,,,2026-10-04,main,qualcomm-snapdragon-8-elite-for-galaxy,,,,,,,,,,,
tctc2memorylayer_torchscript,float,onnx,,,,82.59,,,,,,,,,,2026-10-04,main,qualcomm-snapdragon-8-elite-for-galaxy,,,,,,,,,,,
tctc2postnet_torchscript,float,tflite,,,,65.66,,,,,,,,,,2026-10-04,main,qualcomm-snapdragon-8-elite-for-galaxy,,,,,,,,,,,
tctc2postnet_torchscript,float,qnn_dlc,,,,75.69,,,,,,,,,,2026-10-04,main,qualcomm-snapdragon-8-elite-for-galaxy,,,,,,,,,,,
tctc2postnet_torchscript,float,qnn_dlc_via_qnn_ep,,,,75.69,,,,,,,,,,2026-10-04,main,qualcomm-snapdragon-8-elite-for-galaxy,,,,,,,,,,,
tctc2postnet_torchscript,float,onnx,,,,75.69,,,,,,,,,,2026-10-04,main,qualcomm-snapdragon-8-elite-for-galaxy,,,,,,,,,,,
tctfv5_torchscript,float,tflite,,,,59.62,,,,,,,,,,2026-10-04,main,qualcomm-snapdragon-8-elite-for-galaxy,,,,,,,,,,,
tctfv5_torchscript,float,qnn_dlc,,,,59.75,,,,,,,,,,2026-10-04,main,qualcomm-snapdragon-8-elite-for-galaxy,,,,,,,,,,,
tctfv5_torchscript,float,qnn_dlc_via_qnn_ep,,,,59.18,,,,,,,,,,2026-10-04,main,qualcomm-snapdragon-8-elite-for-galaxy,,,,,,,,,,,
tctfv5_torchscript,float,onnx,,,,59.92,,,,,,,,,,2026-10-04,main,qualcomm-snapdragon-8-elite-for-galaxy,,,,,,,,,,,
tcvocoder_torchscript,float,tflite,,,,50.49,,,,,,,,,,2026-10-04,main,qualcomm-snapdragon-8-elite-for-galaxy,,,,,,,,,,,
tcvocoder_torchscript,float,qnn_dlc,,,,50.47,,,,,,,,,,2026-10-04,main,qualcomm-snapdragon-8-elite-for-galaxy,,,,,,,,,,,
tcvocoder_torchscript,float,qnn_dlc_via_qnn_ep,,,,50.47,,,,,,,,,,2026-10-04,main,qualcomm-snapdragon-8-elite-for-galaxy,,,,,,,,,,,
tcvocoder_torchscript,float,onnx,,,,50.47,,,,,,,,,,2026-10-04,main,qualcomm-snapdragon-8-elite-for-galaxy,,,,,,,,,,,
tcvoicealigncruse_torchscript,float,tflite,,,,80.09,,,,,,,,,,2026-10-04,main,qualcomm-snapdragon-8-elite-for-galaxy,,,,,,,,,,,
tcvoicealigncruse_torchscript,float,qnn_dlc,,,,73.58,,,,,,,,,,2026-10-04,main,qualcomm-snapdragon-8-elite-for-galaxy,,,,,,,,,,,
tcvoicealigncruse_torchscript,float,onnx,,,,80.36,,,,,,,,,,2026-10-04,main,qualcomm-snapdragon-8-elite-for-galaxy,,,,,,,,,,,
uniformer_torchscript,float,tflite,,,,10.01,,,,,,,,,,2026-10-04,main,qualcomm-snapdragon-8-elite-for-galaxy,,,,,,,,,,,
uniformer_torchscript,float,qnn_dlc,,,,40.62,,,,,,,,,,2026-10-04,main,qualcomm-snapdragon-8-elite-for-galaxy,,,,,,,,,,,
uniformer_torchscript,float,qnn_dlc_via_qnn_ep,,,,40.58,,,,,,,,,,2026-10-04,main,qualcomm-snapdragon-8-elite-for-galaxy,,,,,,,,,,,
uniformer_torchscript,float,onnx,,,,40.58,,,,,,,,,,2026-10-04,main,qualcomm-snapdragon-8-elite-for-galaxy,,,,,,,,,,,
zerodce_torchscript,float,tflite,,,,51.32,45.87,33.11,,,,,,,,2026-10-04,main,qualcomm-snapdragon-8-elite-for-galaxy,,,,,,,,,,,
zerodceplusplus_torchscript,float,tflite,,,,46.02,35.55,,,,,,,,,2026-10-04,main,qualcomm-snapdragon-8-elite-for-galaxy,,,,,,,,,,,
zerodceplusplus_torchscript,float,qnn_dlc,,,,-11.3,1.882,,,,,,,,,2026-10-04,main,qualcomm-snapdragon-8-elite-for-galaxy,,,,,,,,,,,
zerodceplusplus_torchscript,float,qnn_dlc_via_qnn_ep,,,,-11.3,1.882,,,,,,,,,2026-10-04,main,qualcomm-snapdragon-8-elite-for-galaxy,,,,,,,,,,,
zerodceplusplus_torchscript,float,onnx,,,,46.02,35.55,,,,,,,,,2026-10-04,main,qualcomm-snapdragon-8-elite-for-galaxy,,,,,,,,,,,
whisper_medium_quantized,w8a16,qnn_dlc_via_qnn_ep,,,,4.229,4.199,5.954,3.828,3.63,3.052,5.085,3.237,3.196,3.1,2026-10-04,main,qualcomm-snapdragon-8-elite-for-galaxy,,,,,,,,,,,
whisper_medium_quantized,w8a16,qnn_context_binary,,,,4.104,4.031,5.954,3.652,3.586,3.194,5.123,3.284,3.743,3.005,2026-10-04,main,qualcomm-snapdragon-8-elite-for-galaxy,,,,,,,,,,,
whisper_medium_quantized,w8a16,precompiled_qnn_onnx,,,,4.104,4.031,5.954,3.652,3.586,3.194,5.123,3.284,3.743,3.005,2026-10-04,main,qualcomm-snapdragon-8-elite-for-galaxy,,,,,,,,,,,
whisper_medium_quantized,w8a16,voice_ai,,,,4.104,4.031,5.954,3.652,3.586,3.194,5.123,3.284,3.743,3.005,2026-10-04,main,qualcomm-snapdragon-8-elite-for-galaxy,,,,,,,,,,,
whisper_small_quantized,w8a16,qnn_dlc_via_qnn_ep,,,,4.4,5.059,5.495,4.193,3.598,2.256,4.205,3.296,3.365,1.823,2026-10-04,main,qualcomm-snapdragon-8-elite-for-galaxy,,,,,,,,,,,
whisper_small_quantized,w8a16,qnn_context_binary,,,,4.4,5.098,5.459,4.194,3.598,2.308,4.206,3.296,3.365,1.823,2026-10-04,main,qualcomm-snapdragon-8-elite-for-galaxy,,,,,,,,,,,
whisper_small_quantized,w8a16,precompiled_qnn_onnx,,,,4.4,5.098,5.459,4.194,3.598,2.308,4.206,3.296,3.365,1.823,2026-10-04,main,qualcomm-snapdragon-8-elite-for-galaxy,,,,,,,,,,,
whisper_small_quantized,w8a16,voice_ai,,,,4.4,5.098,5.459,4.194,3.598,2.308,4.206,3.296,3.365,1.823,2026-10-04,main,qualcomm-snapdragon-8-elite-for-galaxy,,,,,,,,,,,
internimage,float,qnn_dlc_via_qnn_ep,81.0,,81.1,52.3,,,,,,,,,,2026-10-04,main,qualcomm-snapdragon-8-elite-for-galaxy,imagenet,https://www.image-net.org/,validation split,Top-1 Accuracy,%,Percentage of top 1 model predictions that are correct.,0.0,100.0,10.0,True,1000.0
internimage,float,qnn_context_binary,81.0,,81.1,52.3,,,,,,,,,,2026-10-04,main,qualcomm-snapdragon-8-elite-for-galaxy,imagenet,https://www.image-net.org/,validation split,Top-1 Accuracy,%,Percentage of top 1 model predictions that are correct.,0.0,100.0,10.0,True,1000.0
internimage,float,precompiled_qnn_onnx,81.0,,81.1,52.3,,,,,,,,,,2026-10-04,main,qualcomm-snapdragon-8-elite-for-galaxy,imagenet,https://www.image-net.org/,validation split,Top-1 Accuracy,%,Percentage of top 1 model predictions that are correct.,0.0,100.0,10.0,True,1000.0
internimage,w8a8,qnn_dlc_via_qnn_ep,81.0,81.5,80.7,6.281,,,,,,,,,,2026-10-04,main,qualcomm-snapdragon-8-elite-for-galaxy,imagenet,https://www.image-net.org/,validation split,Top-1 Accuracy,%,Percentage of top 1 model predictions that are correct.,0.0,100.0,10.0,True,1000.0
internimage,w8a8,qnn_context_binary,81.0,81.5,80.7,6.281,,,,,,,,,,2026-10-04,main,qualcomm-snapdragon-8-elite-for-galaxy,imagenet,https://www.image-net.org/,validation split,Top-1 Accuracy,%,Percentage of top 1 model predictions that are correct.,0.0,100.0,10.0,True,1000.0
internimage,w8a8,precompiled_qnn_onnx,81.0,81.5,80.7,6.281,,,,,,,,,,2026-10-04,main,qualcomm-snapdragon-8-elite-for-galaxy,imagenet,https://www.image-net.org/,validation split,Top-1 Accuracy,%,Percentage of top 1 model predictions that are correct.,0.0,100.0,10.0,True,1000.0
melotts_en,mixed_with_float,qnn_dlc_via_qnn_ep,,,,100.0,100.0,91.33,85.96,87.56,100.0,,0.5801,41.16,10.82,2026-10-04,main,qualcomm-snapdragon-8-elite-for-galaxy,,,,,,,,,,,
melotts_en,mixed_with_float,voice_ai,,,,100.0,100.0,91.33,85.96,87.56,100.0,,1.234,41.16,11.11,2026-10-04,main,qualcomm-snapdragon-8-elite-for-galaxy,,,,,,,,,,,
pipertts_en,float,qnn_dlc_via_qnn_ep,,,,107.4,118.3,111.2,200.0,49.25,36.12,,43.38,10.82,9.218,2026-10-04,main,qualcomm-snapdragon-8-elite-for-galaxy,,,,,,,,,,,
pipertts_en,float,voice_ai,,,,107.4,118.3,111.2,200.0,49.25,36.12,,43.38,11.11,9.521,2026-10-04,main,qualcomm-snapdragon-8-elite-for-galaxy,,,,,,,,,,,
pipertts_it,float,qnn_dlc_via_qnn_ep,,,,103.7,97.14,107.8,200.0,254.4,206.0,,43.02,10.82,9.218,2026-10-04,main,qualcomm-snapdragon-8-elite-for-galaxy,,,,,,,,,,,
pipertts_it,float,voice_ai,,,,103.7,97.14,107.8,200.0,254.4,206.0,,43.02,11.11,9.521,2026-10-04,main,qualcomm-snapdragon-8-elite-for-galaxy,,,,,,,,,,,
whisper_large_v3_turbo,float,qnn_context_binary,,,,23.85,24.67,20.43,18.48,17.97,18.23,14.51,23.29,11.12,7.831,2026-10-04,main,qualcomm-snapdragon-8-elite-for-galaxy,,,,,,,,,,,
whisper_large_v3_turbo,float,precompiled_qnn_onnx,,,,23.85,24.67,20.43,18.48,17.97,18.23,14.51,23.29,11.12,7.831,2026-10-04,main,qualcomm-snapdragon-8-elite-for-galaxy,,,,,,,,,,,
whisper_large_v3_turbo,float,voice_ai,,,,23.85,24.67,20.43,18.48,17.97,18.23,14.51,23.29,11.12,7.831,2026-10-04,main,qualcomm-snapdragon-8-elite-for-galaxy,,,,,,,,,,,
whisper_medium,float,qnn_dlc_via_qnn_ep,,,,18.75,19.71,23.17,18.9,17.74,19.52,22.1,19.64,23.13,19.89,2026-10-04,main,qualcomm-snapdragon-8-elite-for-galaxy,,,,,,,,,,,
whisper_medium,float,qnn_context_binary,,,,18.75,19.72,23.17,18.91,17.74,19.52,22.1,19.66,23.13,19.88,2026-10-04,main,qualcomm-snapdragon-8-elite-for-galaxy,,,,,,,,,,,
whisper_medium,float,precompiled_qnn_onnx,,,,18.75,19.72,23.17,18.91,17.74,19.52,22.1,19.66,23.13,19.88,2026-10-04,main,qualcomm-snapdragon-8-elite-for-galaxy,,,,,,,,,,,
whisper_medium,float,voice_ai,,,,18.75,19.72,23.17,18.91,17.74,19.52,22.1,19.66,23.13,19.88,2026-10-04,main,qualcomm-snapdragon-8-elite-for-galaxy,,,,,,,,,,,
zipformer,float,qnn_dlc_via_qnn_ep,,,,16.94,232.3,225.1,222.9,216.9,228.0,20.93,13.35,24.33,27.63,2026-10-04,main,qualcomm-snapdragon-8-elite-for-galaxy,,,,,,,,,,,
zipformer,float,qnn_context_binary,,,,21.15,232.3,225.1,222.9,216.9,228.0,20.93,17.19,30.59,34.38,2026-10-04,main,qualcomm-snapdragon-8-elite-for-galaxy,,,,,,,,,,,
zipformer,float,precompiled_qnn_onnx,,,,21.15,232.3,225.1,222.9,216.9,228.0,20.93,17.19,30.59,34.38,2026-10-04,main,qualcomm-snapdragon-8-elite-for-galaxy,,,,,,,,,,,
zipformer,mixed,qnn_dlc_via_qnn_ep,,,,11.84,232.3,225.1,222.9,216.9,228.0,17.34,15.75,17.51,12.93,2026-10-04,main,qualcomm-snapdragon-8-elite-for-galaxy,,,,,,,,,,,
zipformer,mixed,qnn_context_binary,,,,16.62,232.3,225.1,222.9,216.9,228.0,16.77,5.241,13.47,12.21,2026-10-04,main,qualcomm-snapdragon-8-elite-for-galaxy,,,,,,,,,,,
zipformer,mixed,precompiled_qnn_onnx,,,,16.62,232.3,225.1,222.9,216.9,228.0,16.77,5.241,13.47,12.21,2026-10-04,main,qualcomm-snapdragon-8-elite-for-galaxy,,,,,,,,,,,
act,float,tflite,,,,64.01,,,,,,,,,,2026-10-04,main,qualcomm-snapdragon-8-elite-for-galaxy,,,,,,,,,,,
act,float,qnn_dlc,,,,63.9,,,,,,,,,,2026-10-04,main,qualcomm-snapdragon-8-elite-for-galaxy,,,,,,,,,,,
act,float,qnn_dlc_via_qnn_ep,,,,63.9,,,,,,,,,,2026-10-04,main,qualcomm-snapdragon-8-elite-for-galaxy,,,,,,,,,,,
act,float,onnx,,,,68.06,,,,,,,,,,2026-10-04,main,qualcomm-snapdragon-8-elite-for-galaxy,,,,,,,,,,,
aotgan,float,tflite,0.951,,0.946,36.56,,,,,,,,,,2026-10-04,main,qualcomm-snapdragon-8-elite-for-galaxy,celeb_ahq,https://github.com/IIGROUP/MM-CelebA-HQ-Dataset,validation split,Structural Similarity,SSIM,A measure of the perceived quality difference between two images.,0.0,1.0,0.1,True,100.0
aotgan,float,qnn_dlc,0.951,,0.95,42.85,,,,,,,,,,2026-10-04,main,qualcomm-snapdragon-8-elite-for-galaxy,celeb_ahq,https://github.com/IIGROUP/MM-CelebA-HQ-Dataset,validation split,Structural Similarity,SSIM,A measure of the perceived quality difference between two images.,0.0,1.0,0.1,True,100.0
aotgan,float,qnn_dlc_via_qnn_ep,0.951,,0.95,42.85,,,,,,,,,,2026-10-04,main,qualcomm-snapdragon-8-elite-for-galaxy,celeb_ahq,https://github.com/IIGROUP/MM-CelebA-HQ-Dataset,validation split,Structural Similarity,SSIM,A measure of the perceived quality difference between two images.,0.0,1.0,0.1,True,100.0
aotgan,float,onnx,0.951,,0.95,42.85,,,,,,,,,,2026-10-04,main,qualcomm-snapdragon-8-elite-for-galaxy,celeb_ahq,https://github.com/IIGROUP/MM-CelebA-HQ-Dataset,validation split,Structural Similarity,SSIM,A measure of the perceived quality difference between two images.,0.0,1.0,0.1,True,100.0
bevdet,float,tflite,,,,73.1,66.07,110.0,88.81,89.81,90.47,85.15,87.48,56.26,,2026-10-04,main,qualcomm-snapdragon-8-elite-for-galaxy,,,,,,,,,,,
bevdet,float,qnn_dlc,,,,72.58,65.68,109.7,88.81,89.81,90.47,85.15,87.48,56.26,,2026-10-04,main,qualcomm-snapdragon-8-elite-for-galaxy,,,,,,,,,,,
bevdet,float,qnn_dlc_via_qnn_ep,,,,73.1,66.07,109.7,88.81,89.81,90.47,85.15,87.48,56.26,,2026-10-04,main,qualcomm-snapdragon-8-elite-for-galaxy,,,,,,,,,,,
bevdet,float,onnx,,,,70.38,63.03,110.0,88.81,89.81,90.47,85.15,87.48,56.26,,2026-10-04,main,qualcomm-snapdragon-8-elite-for-galaxy,,,,,,,,,,,
bevdet,mixed_with_float,qnn_dlc,,,,43.46,36.49,109.7,52.92,37.65,42.27,39.27,43.32,47.46,,2026-10-04,main,qualcomm-snapdragon-8-elite-for-galaxy,,,,,,,,,,,
bevdet,mixed_with_float,qnn_dlc_via_qnn_ep,,,,43.86,36.96,109.7,52.92,37.65,42.27,39.27,43.32,47.47,,2026-10-04,main,qualcomm-snapdragon-8-elite-for-galaxy,,,,,,,,,,,
bevdet,mixed_with_float,onnx,,,,43.86,36.96,110.0,52.32,35.83,41.06,38.19,42.13,47.68,,2026-10-04,main,qualcomm-snapdragon-8-elite-for-galaxy,,,,,,,,,,,
centerpoint,float,tflite,,,,138.3,98.43,,,,,,,,,2026-10-04,main,qualcomm-snapdragon-8-elite-for-galaxy,,,,,,,,,,,
centerpoint,float,qnn_dlc,,,,69.21,27.15,,,,,,,,,2026-10-04,main,qualcomm-snapdragon-8-elite-for-galaxy,,,,,,,,,,,
centerpoint,float,qnn_dlc_via_qnn_ep,,,,69.21,27.15,,,,,,,,,2026-10-04,main,qualcomm-snapdragon-8-elite-for-galaxy,,,,,,,,,,,
centerpoint,float,onnx,,,,70.06,16.02,,,,,,,,,2026-10-04,main,qualcomm-snapdragon-8-elite-for-galaxy,,,,,,,,,,,
convnext_base,float,tflite,84.6,,84.5,66.17,,,,,,,,,,2026-10-04,main,qualcomm-snapdragon-8-elite-for-galaxy,imagenet,https://www.image-net.org/,validation split,Top-1 Accuracy,%,Percentage of top 1 model predictions that are correct.,0.0,100.0,10.0,True,1000.0
convnext_base,float,qnn_dlc,84.6,,84.5,66.13,,,,,,,,,,2026-10-04,main,qualcomm-snapdragon-8-elite-for-galaxy,imagenet,https://www.image-net.org/,validation split,Top-1 Accuracy,%,Percentage of top 1 model predictions that are correct.,0.0,100.0,10.0,True,1000.0
convnext_base,float,qnn_dlc_via_qnn_ep,84.6,,84.5,66.13,,,,,,,,,,2026-10-04,main,qualcomm-snapdragon-8-elite-for-galaxy,imagenet,https://www.image-net.org/,validation split,Top-1 Accuracy,%,Percentage of top 1 model predictions that are correct.,0.0,100.0,10.0,True,1000.0
convnext_base,float,onnx,84.6,,84.5,65.88,,,,,,,,,,2026-10-04,main,qualcomm-snapdragon-8-elite-for-galaxy,imagenet,https://www.image-net.org/,validation split,Top-1 Accuracy,%,Percentage of top 1 model predictions that are correct.,0.0,100.0,10.0,True,1000.0
convnext_base,w8a16,qnn_dlc,84.6,84.5,84.4,10.68,,,,,,,,,,2026-10-04,main,qualcomm-snapdragon-8-elite-for-galaxy,imagenet,https://www.image-net.org/,validation split,Top-1 Accuracy,%,Percentage of top 1 model predictions that are correct.,0.0,100.0,10.0,True,1000.0
convnext_base,w8a16,qnn_dlc_via_qnn_ep,84.6,84.5,84.4,10.68,,,,,,,,,,2026-10-04,main,qualcomm-snapdragon-8-elite-for-galaxy,imagenet,https://www.image-net.org/,validation split,Top-1 Accuracy,%,Percentage of top 1 model predictions that are correct.,0.0,100.0,10.0,True,1000.0
convnext_base,w8a16,onnx,84.6,84.5,84.4,10.68,,,,,,,,,,2026-10-04,main,qualcomm-snapdragon-8-elite-for-galaxy,imagenet,https://www.image-net.org/,validation split,Top-1 Accuracy,%,Percentage of top 1 model predictions that are correct.,0.0,100.0,10.0,True,1000.0
convnext_v2_base,float,tflite,86.0,,85.5,44.76,,,,,,,,,,2026-10-04,main,qualcomm-snapdragon-8-elite-for-galaxy,imagenet_convnext_v2_base,https://www.image-net.org/,validation split,Top-1 Accuracy,%,Percentage of top 1 model predictions that are correct.,0.0,100.0,10.0,True,1000.0
convnext_v2_base,float,qnn_dlc,86.0,,85.5,44.76,,,,,,,,,,2026-10-04,main,qualcomm-snapdragon-8-elite-for-galaxy,imagenet_convnext_v2_base,https://www.image-net.org/,validation split,Top-1 Accuracy,%,Percentage of top 1 model predictions that are correct.,0.0,100.0,10.0,True,1000.0
convnext_v2_base,float,qnn_dlc_via_qnn_ep,86.0,,85.5,44.76,,,,,,,,,,2026-10-04,main,qualcomm-snapdragon-8-elite-for-galaxy,imagenet_convnext_v2_base,https://www.image-net.org/,validation split,Top-1 Accuracy,%,Percentage of top 1 model predictions that are correct.,0.0,100.0,10.0,True,1000.0
convnext_v2_base,float,onnx,86.0,,85.5,44.76,,,,,,,,,,2026-10-04,main,qualcomm-snapdragon-8-elite-for-galaxy,imagenet_convnext_v2_base,https://www.image-net.org/,validation split,Top-1 Accuracy,%,Percentage of top 1 model predictions that are correct.,0.0,100.0,10.0,True,1000.0
convnext_v2_base,w8a16,qnn_dlc,86.0,85.9,0.2,4.518,,,,,,,,,,2026-10-04,main,qualcomm-snapdragon-8-elite-for-galaxy,imagenet_convnext_v2_base,https://www.image-net.org/,validation split,Top-1 Accuracy,%,Percentage of top 1 model predictions that are correct.,0.0,100.0,10.0,True,1000.0
convnext_v2_base,w8a16,qnn_dlc_via_qnn_ep,86.0,85.9,85.9,13.78,,,,,,,,,,2026-10-04,main,qualcomm-snapdragon-8-elite-for-galaxy,imagenet_convnext_v2_base,https://www.image-net.org/,validation split,Top-1 Accuracy,%,Percentage of top 1 model predictions that are correct.,0.0,100.0,10.0,True,1000.0
convnext_v2_base,w8a16,onnx,86.0,85.9,85.9,13.78,,,,,,,,,,2026-10-04,main,qualcomm-snapdragon-8-elite-for-galaxy,imagenet_convnext_v2_base,https://www.image-net.org/,validation split,Top-1 Accuracy,%,Percentage of top 1 model predictions that are correct.,0.0,100.0,10.0,True,1000.0
crestereo,float,tflite,,,,,,,,,,,,,,2026-10-04,main,qualcomm-snapdragon-8-elite-for-galaxy,,,,,,,,,,,
crestereo,float,qnn_dlc,,,,47.13,,,,,,,,,,2026-10-04,main,qualcomm-snapdragon-8-elite-for-galaxy,,,,,,,,,,,
crestereo,float,qnn_dlc_via_qnn_ep,,,,47.13,,,,,,,,,,2026-10-04,main,qualcomm-snapdragon-8-elite-for-galaxy,,,,,,,,,,,
crestereo,float,onnx,,,,47.13,,,,,,,,,,2026-10-04,main,qualcomm-snapdragon-8-elite-for-galaxy,,,,,,,,,,,
ddrnet23_slim,float,tflite,77.6,,77.5,31.8,,,,,,,,,,2026-10-04,main,qualcomm-snapdragon-8-elite-for-galaxy,cityscapes,https://www.cityscapes-dataset.com/,validation split,Mean Intersection Over Union,mIOU,Overlap of predicted and expected segmentation divided by the union size.,0.0,100.0,10.0,True,50.0
ddrnet23_slim,float,qnn_dlc,77.6,,77.5,31.8,,,,,,,,,,2026-10-04,main,qualcomm-snapdragon-8-elite-for-galaxy,cityscapes,https://www.cityscapes-dataset.com/,validation split,Mean Intersection Over Union,mIOU,Overlap of predicted and expected segmentation divided by the union size.,0.0,100.0,10.0,True,50.0
ddrnet23_slim,float,qnn_dlc_via_qnn_ep,77.6,,77.5,31.8,,,,,,,,,,2026-10-04,main,qualcomm-snapdragon-8-elite-for-galaxy,cityscapes,https://www.cityscapes-dataset.com/,validation split,Mean Intersection Over Union,mIOU,Overlap of predicted and expected segmentation divided by the union size.,0.0,100.0,10.0,True,50.0
ddrnet23_slim,float,onnx,77.6,,77.5,31.81,,,,,,,,,,2026-10-04,main,qualcomm-snapdragon-8-elite-for-galaxy,cityscapes,https://www.cityscapes-dataset.com/,validation split,Mean Intersection Over Union,mIOU,Overlap of predicted and expected segmentation divided by the union size.,0.0,100.0,10.0,True,50.0
ddrnet23_slim,w8a8,tflite,77.6,77.5,40.6,9.071,,,,,,,,,,2026-10-04,main,qualcomm-snapdragon-8-elite-for-galaxy,cityscapes,https://www.cityscapes-dataset.com/,validation split,Mean Intersection Over Union,mIOU,Overlap of predicted and expected segmentation divided by the union size.,0.0,100.0,10.0,True,50.0
ddrnet23_slim,w8a8,qnn_dlc,77.6,77.5,77.3,9.913,,,,,,,,,,2026-10-04,main,qualcomm-snapdragon-8-elite-for-galaxy,cityscapes,https://www.cityscapes-dataset.com/,validation split,Mean Intersection Over Union,mIOU,Overlap of predicted and expected segmentation divided by the union size.,0.0,100.0,10.0,True,50.0
ddrnet23_slim,w8a8,qnn_dlc_via_qnn_ep,77.6,77.5,77.3,9.913,,,,,,,,,,2026-10-04,main,qualcomm-snapdragon-8-elite-for-galaxy,cityscapes,https://www.cityscapes-dataset.com/,validation split,Mean Intersection Over Union,mIOU,Overlap of predicted and expected segmentation divided by the union size.,0.0,100.0,10.0,True,50.0
ddrnet23_slim,w8a8,onnx,77.6,77.5,77.3,9.913,,,,,,,,,,2026-10-04,main,qualcomm-snapdragon-8-elite-for-galaxy,cityscapes,https://www.cityscapes-dataset.com/,validation split,Mean Intersection Over Union,mIOU,Overlap of predicted and expected segmentation divided by the union size.,0.0,100.0,10.0,True,50.0
deepbox,float,tflite,,,,59.27,49.4,4.16,59.15,41.43,79.48,,,,,2026-10-04,main,qualcomm-snapdragon-8-elite-for-galaxy,,,,,,,,,,,
deepbox,float,qnn_dlc,,,,59.27,49.4,4.16,59.97,41.43,79.48,,,,,2026-10-04,main,qualcomm-snapdragon-8-elite-for-galaxy,,,,,,,,,,,
deepbox,float,qnn_dlc_via_qnn_ep,,,,59.27,49.47,4.687,59.15,41.43,79.48,,,,,2026-10-04,main,qualcomm-snapdragon-8-elite-for-galaxy,,,,,,,,,,,
deepbox,float,onnx,,,,59.31,49.6,4.689,57.2,40.71,88.47,,,,,2026-10-04,main,qualcomm-snapdragon-8-elite-for-galaxy,,,,,,,,,,,
deepbox,w8a16,qnn_dlc,,,,5.493,21.1,5.186,1.782,0.09289,1.669,,,,,2026-10-04,main,qualcomm-snapdragon-8-elite-for-galaxy,,,,,,,,,,,
deepbox,w8a16,qnn_dlc_via_qnn_ep,,,,5.493,21.1,5.184,1.781,0.09289,1.669,,,,,2026-10-04,main,qualcomm-snapdragon-8-elite-for-galaxy,,,,,,,,,,,
deepbox,w8a16,onnx,,,,5.493,21.1,5.184,1.781,0.09289,1.669,,,,,2026-10-04,main,qualcomm-snapdragon-8-elite-for-galaxy,,,,,,,,,,,
densenet121,float,tflite,73.3,,73.3,74.9,,,,,,,,,,2026-10-04,main,qualcomm-snapdragon-8-elite-for-galaxy,imagenet,https://www.image-net.org/,validation split,Top-1 Accuracy,%,Percentage of top 1 model predictions that are correct.,0.0,100.0,10.0,True,1000.0
densenet121,float,qnn_dlc,73.3,,73.3,74.91,,,,,,,,,,2026-10-04,main,qualcomm-snapdragon-8-elite-for-galaxy,imagenet,https://www.image-net.org/,validation split,Top-1 Accuracy,%,Percentage of top 1 model predictions that are correct.,0.0,100.0,10.0,True,1000.0
densenet121,float,qnn_dlc_via_qnn_ep,73.3,,73.3,74.91,,,,,,,,,,2026-10-04,main,qualcomm-snapdragon-8-elite-for-galaxy,imagenet,https://www.image-net.org/,validation split,Top-1 Accuracy,%,Percentage of top 1 model predictions that are correct.,0.0,100.0,10.0,True,1000.0
densenet121,float,onnx,73.3,,73.3,74.06,,,,,,,,,,2026-10-04,main,qualcomm-snapdragon-8-elite-for-galaxy,imagenet,https://www.image-net.org/,validation split,Top-1 Accuracy,%,Percentage of top 1 model predictions that are correct.,0.0,100.0,10.0,True,1000.0
densenet121,w8a8_mixed_int16,qnn_dlc,73.3,73.1,,,,,,,,,,,,2026-10-04,main,qualcomm-snapdragon-8-elite-for-galaxy,imagenet,https://www.image-net.org/,validation split,Top-1 Accuracy,%,Percentage of top 1 model predictions that are correct.,0.0,100.0,10.0,True,1000.0
densenet121,w8a8_mixed_int16,qnn_dlc_via_qnn_ep,73.3,73.1,,,,,,,,,,,,2026-10-04,main,qualcomm-snapdragon-8-elite-for-galaxy,imagenet,https://www.image-net.org/,validation split,Top-1 Accuracy,%,Percentage of top 1 model predictions that are correct.,0.0,100.0,10.0,True,1000.0
densenet121,w8a8_mixed_int16,onnx,73.3,73.1,,,,,,,,,,,,2026-10-04,main,qualcomm-snapdragon-8-elite-for-galaxy,imagenet,https://www.image-net.org/,validation split,Top-1 Accuracy,%,Percentage of top 1 model predictions that are correct.,0.0,100.0,10.0,True,1000.0
densenet121,w8a16,qnn_dlc,73.3,73.8,73.7,10.57,,,,,,,,,,2026-10-04,main,qualcomm-snapdragon-8-elite-for-galaxy,imagenet,https://www.image-net.org/,validation split,Top-1 Accuracy,%,Percentage of top 1 model predictions that are correct.,0.0,100.0,10.0,True,1000.0
densenet121,w8a16,qnn_dlc_via_qnn_ep,73.3,73.8,73.7,10.57,,,,,,,,,,2026-10-04,main,qualcomm-snapdragon-8-elite-for-galaxy,imagenet,https://www.image-net.org/,validation split,Top-1 Accuracy,%,Percentage of top 1 model predictions that are correct.,0.0,100.0,10.0,True,1000.0
densenet121,w8a16,onnx,73.3,73.8,73.7,10.57,,,,,,,,,,2026-10-04,main,qualcomm-snapdragon-8-elite-for-galaxy,imagenet,https://www.image-net.org/,validation split,Top-1 Accuracy,%,Percentage of top 1 model predictions that are correct.,0.0,100.0,10.0,True,1000.0
densenet121,w8a8,tflite,73.3,73.2,0.2,2.79,,,,,,,,,,2026-10-04,main,qualcomm-snapdragon-8-elite-for-galaxy,imagenet,https://www.image-net.org/,validation split,Top-1 Accuracy,%,Percentage of top 1 model predictions that are correct.,0.0,100.0,10.0,True,1000.0
densenet121,w8a8,qnn_dlc,73.3,73.2,73.2,10.39,,,,,,,,,,2026-10-04,main,qualcomm-snapdragon-8-elite-for-galaxy,imagenet,https://www.image-net.org/,validation split,Top-1 Accuracy,%,Percentage of top 1 model predictions that are correct.,0.0,100.0,10.0,True,1000.0
densenet121,w8a8,qnn_dlc_via_qnn_ep,73.3,73.2,73.9,10.39,,,,,,,,,,2026-10-04,main,qualcomm-snapdragon-8-elite-for-galaxy,imagenet,https://www.image-net.org/,validation split,Top-1 Accuracy,%,Percentage of top 1 model predictions that are correct.,0.0,100.0,10.0,True,1000.0
densenet121,w8a8,onnx,73.3,73.2,73.9,10.39,,,,,,,,,,2026-10-04,main,qualcomm-snapdragon-8-elite-for-galaxy,imagenet,https://www.image-net.org/,validation split,Top-1 Accuracy,%,Percentage of top 1 model predictions that are correct.,0.0,100.0,10.0,True,1000.0
depth_anything,float,tflite,96.8,,96.8,54.54,,,,,,,,,,2026-10-04,main,qualcomm-snapdragon-8-elite-for-galaxy,nyuv2,https://cs.nyu.edu/~fergus/datasets/nyu_depth_v2.html,validation split,Delta Threshold Accuracy,δ1,The percentage of pixels where the predicted depth is within 25% of the expected.,0.0,100.0,10.0,True,100.0
depth_anything,float,qnn_dlc,96.8,,96.8,54.54,,,,,,,,,,2026-10-04,main,qualcomm-snapdragon-8-elite-for-galaxy,nyuv2,https://cs.nyu.edu/~fergus/datasets/nyu_depth_v2.html,validation split,Delta Threshold Accuracy,δ1,The percentage of pixels where the predicted depth is within 25% of the expected.,0.0,100.0,10.0,True,100.0
depth_anything,float,qnn_dlc_via_qnn_ep,96.8,,96.8,54.54,,,,,,,,,,2026-10-04,main,qualcomm-snapdragon-8-elite-for-galaxy,nyuv2,https://cs.nyu.edu/~fergus/datasets/nyu_depth_v2.html,validation split,Delta Threshold Accuracy,δ1,The percentage of pixels where the predicted depth is within 25% of the expected.,0.0,100.0,10.0,True,100.0
depth_anything,float,onnx,96.8,,96.8,54.51,,,,,,,,,,2026-10-04,main,qualcomm-snapdragon-8-elite-for-galaxy,nyuv2,https://cs.nyu.edu/~fergus/datasets/nyu_depth_v2.html,validation split,Delta Threshold Accuracy,δ1,The percentage of pixels where the predicted depth is within 25% of the expected.,0.0,100.0,10.0,True,100.0
detr_resnet101_dc5,float,tflite,46.2,,46.2,42.15,37.92,34.06,,,,,,,,2026-10-04,main,qualcomm-snapdragon-8-elite-for-galaxy,coco91_class,https://cocodataset.org/,val2017 split,Mean Average Precision,mAP@0.5:0.95,Mean Average Precision averaged over IOU thresholds 0.5 to 0.95 in 0.05 increments.,0.0,100.0,10.0,True,300.0
detr_resnet101_dc5,float,qnn_dlc,46.2,,46.2,42.15,37.92,34.06,,,,,,,,2026-10-04,main,qualcomm-snapdragon-8-elite-for-galaxy,coco91_class,https://cocodataset.org/,val2017 split,Mean Average Precision,mAP@0.5:0.95,Mean Average Precision averaged over IOU thresholds 0.5 to 0.95 in 0.05 increments.,0.0,100.0,10.0,True,300.0
detr_resnet101_dc5,float,qnn_dlc_via_qnn_ep,46.2,,46.2,42.15,37.92,34.06,,,,,,,,2026-10-04,main,qualcomm-snapdragon-8-elite-for-galaxy,coco91_class,https://cocodataset.org/,val2017 split,Mean Average Precision,mAP@0.5:0.95,Mean Average Precision averaged over IOU thresholds 0.5 to 0.95 in 0.05 increments.,0.0,100.0,10.0,True,300.0
detr_resnet101_dc5,float,onnx,46.2,,46.3,41.27,37.56,32.57,,,,,,,,2026-10-04,main,qualcomm-snapdragon-8-elite-for-galaxy,coco91_class,https://cocodataset.org/,val2017 split,Mean Average Precision,mAP@0.5:0.95,Mean Average Precision averaged over IOU thresholds 0.5 to 0.95 in 0.05 increments.,0.0,100.0,10.0,True,300.0
dfine,float,qnn_dlc,44.5,,43.5,12.8,22.1,10.83,,,,,,,,2026-10-04,main,qualcomm-snapdragon-8-elite-for-galaxy,coco,https://cocodataset.org/,val2017 split,Mean Average Precision,mAP@0.5:0.95,Mean Average Precision averaged over IOU thresholds 0.5 to 0.95 in 0.05 increments.,0.0,100.0,10.0,True,300.0
dfine,float,qnn_dlc_via_qnn_ep,44.5,,43.5,12.8,22.1,10.83,,,,,,,,2026-10-04,main,qualcomm-snapdragon-8-elite-for-galaxy,coco,https://cocodataset.org/,val2017 split,Mean Average Precision,mAP@0.5:0.95,Mean Average Precision averaged over IOU thresholds 0.5 to 0.95 in 0.05 increments.,0.0,100.0,10.0,True,300.0
dfine,float,onnx,44.5,,43.4,12.8,22.16,10.82,,,,,,,,2026-10-04,main,qualcomm-snapdragon-8-elite-for-galaxy,coco,https://cocodataset.org/,val2017 split,Mean Average Precision,mAP@0.5:0.95,Mean Average Precision averaged over IOU thresholds 0.5 to 0.95 in 0.05 increments.,0.0,100.0,10.0,True,300.0
distil_whisper,float,tflite,,,,18.09,16.72,18.49,14.23,17.46,17.22,14.98,16.82,73.43,102.6,2026-10-04,main,qualcomm-snapdragon-8-elite-for-galaxy,,,,,,,,,,,
distil_whisper,float,qnn_dlc,,,,40.61,41.91,43.05,41.98,45.98,40.74,41.22,42.23,73.43,102.6,2026-10-04,main,qualcomm-snapdragon-8-elite-for-galaxy,,,,,,,,,,,
distil_whisper,float,qnn_dlc_via_qnn_ep,,,,40.61,41.91,43.05,41.98,45.98,40.74,41.22,42.23,73.43,102.6,2026-10-04,main,qualcomm-snapdragon-8-elite-for-galaxy,,,,,,,,,,,
distil_whisper,float,onnx,,,,40.61,41.91,43.05,41.98,45.98,40.74,41.22,42.23,73.43,102.6,2026-10-04,main,qualcomm-snapdragon-8-elite-for-galaxy,,,,,,,,,,,
efficientnet_b0,float,tflite,77.1,,77.1,48.84,,,,,,,,,,2026-10-04,main,qualcomm-snapdragon-8-elite-for-galaxy,imagenet,https://www.image-net.org/,validation split,Top-1 Accuracy,%,Percentage of top 1 model predictions that are correct.,0.0,100.0,10.0,True,1000.0
efficientnet_b0,float,qnn_dlc,77.1,,77.1,48.84,,,,,,,,,,2026-10-04,main,qualcomm-snapdragon-8-elite-for-galaxy,imagenet,https://www.image-net.org/,validation split,Top-1 Accuracy,%,Percentage of top 1 model predictions that are correct.,0.0,100.0,10.0,True,1000.0
efficientnet_b0,float,qnn_dlc_via_qnn_ep,77.1,,77.1,48.84,,,,,,,,,,2026-10-04,main,qualcomm-snapdragon-8-elite-for-galaxy,imagenet,https://www.image-net.org/,validation split,Top-1 Accuracy,%,Percentage of top 1 model predictions that are correct.,0.0,100.0,10.0,True,1000.0
efficientnet_b0,float,onnx,77.1,,77.1,48.82,,,,,,,,,,2026-10-04,main,qualcomm-snapdragon-8-elite-for-galaxy,imagenet,https://www.image-net.org/,validation split,Top-1 Accuracy,%,Percentage of top 1 model predictions that are correct.,0.0,100.0,10.0,True,1000.0
efficientnet_b0,w8a16_mixed_int16,qnn_dlc,77.1,76.7,77.1,10.24,,,,,,,,,,2026-10-04,main,qualcomm-snapdragon-8-elite-for-galaxy,imagenet,https://www.image-net.org/,validation split,Top-1 Accuracy,%,Percentage of top 1 model predictions that are correct.,0.0,100.0,10.0,True,1000.0
efficientnet_b0,w8a16_mixed_int16,qnn_dlc_via_qnn_ep,77.1,76.7,77.1,10.24,,,,,,,,,,2026-10-04,main,qualcomm-snapdragon-8-elite-for-galaxy,imagenet,https://www.image-net.org/,validation split,Top-1 Accuracy,%,Percentage of top 1 model predictions that are correct.,0.0,100.0,10.0,True,1000.0
efficientnet_b0,w8a16_mixed_int16,onnx,77.1,76.7,77.1,10.24,,,,,,,,,,2026-10-04,main,qualcomm-snapdragon-8-elite-for-galaxy,imagenet,https://www.image-net.org/,validation split,Top-1 Accuracy,%,Percentage of top 1 model predictions that are correct.,0.0,100.0,10.0,True,1000.0
electra_bert_base_discrim_google,float,tflite,88.0,,8.8,15.77,,,,,,,,,,2026-10-04,main,qualcomm-snapdragon-8-elite-for-galaxy,electra_wikitext_masked,https://huggingface.co/datasets/wikitext,wikitext-2-raw-v1 validation split,Top-1 Accuracy,%,Percentage of [MASK] positions correctly predicted as fake/replaced by the Electra discriminator.,0.0,100.0,10.0,True,250.0
electra_bert_base_discrim_google,float,qnn_dlc,88.0,,88.4,32.26,,,,,,,,,,2026-10-04,main,qualcomm-snapdragon-8-elite-for-galaxy,electra_wikitext_masked,https://huggingface.co/datasets/wikitext,wikitext-2-raw-v1 validation split,Top-1 Accuracy,%,Percentage of [MASK] positions correctly predicted as fake/replaced by the Electra discriminator.,0.0,100.0,10.0,True,250.0
electra_bert_base_discrim_google,float,qnn_dlc_via_qnn_ep,88.0,,88.4,32.26,,,,,,,,,,2026-10-04,main,qualcomm-snapdragon-8-elite-for-galaxy,electra_wikitext_masked,https://huggingface.co/datasets/wikitext,wikitext-2-raw-v1 validation split,Top-1 Accuracy,%,Percentage of [MASK] positions correctly predicted as fake/replaced by the Electra discriminator.,0.0,100.0,10.0,True,250.0
electra_bert_base_discrim_google,float,onnx,88.0,,88.4,32.26,,,,,,,,,,2026-10-04,main,qualcomm-snapdragon-8-elite-for-galaxy,electra_wikitext_masked,https://huggingface.co/datasets/wikitext,wikitext-2-raw-v1 validation split,Top-1 Accuracy,%,Percentage of [MASK] positions correctly predicted as fake/replaced by the Electra discriminator.,0.0,100.0,10.0,True,250.0
face_attrib_net,float,tflite,100.0,,50.0,3.42,,,,,,,,,,2026-10-04,main,qualcomm-snapdragon-8-elite-for-galaxy,face_attrib,,,,,,,,,,500.0
face_attrib_net,float,qnn_dlc,100.0,,48.2,3.482,,,,,,,,,,2026-10-04,main,qualcomm-snapdragon-8-elite-for-galaxy,face_attrib,,,,,,,,,,500.0
face_attrib_net,float,qnn_dlc_via_qnn_ep,100.0,,51.4,5.517,,,,,,,,,,2026-10-04,main,qualcomm-snapdragon-8-elite-for-galaxy,face_attrib,,,,,,,,,,500.0
face_attrib_net,float,onnx,100.0,,50.0,3.416,,,,,,,,,,2026-10-04,main,qualcomm-snapdragon-8-elite-for-galaxy,face_attrib,,,,,,,,,,500.0
face_attrib_net,w8a8,tflite,100.0,100.0,97.2,4.965,,,,,,,,,,2026-10-04,main,qualcomm-snapdragon-8-elite-for-galaxy,face_attrib,,,,,,,,,,500.0
face_attrib_net,w8a8,qnn_dlc,100.0,100.0,97.2,4.963,,,,,,,,,,2026-10-04,main,qualcomm-snapdragon-8-elite-for-galaxy,face_attrib,,,,,,,,,,500.0
face_attrib_net,w8a8,qnn_dlc_via_qnn_ep,100.0,100.0,97.2,4.963,,,,,,,,,,2026-10-04,main,qualcomm-snapdragon-8-elite-for-galaxy,face_attrib,,,,,,,,,,500.0
face_attrib_net,w8a8,onnx,100.0,100.0,97.2,4.963,,,,,,,,,,2026-10-04,main,qualcomm-snapdragon-8-elite-for-galaxy,face_attrib,,,,,,,,,,500.0
fastsam_s,float,tflite,59.2,,58.7,56.67,48.37,62.72,56.53,,,,,,,2026-10-04,main,qualcomm-snapdragon-8-elite-for-galaxy,coco,https://cocodataset.org/,val2017 split,Average Recall,AR@1000,"Class-agnostic average recall over IoU thresholds 0.5 to 0.95 in 0.05 increments, with up to 1000 detections per image.",0.0,100.0,10.0,True,300.0
fastsam_s,float,qnn_dlc,59.2,,58.7,56.67,48.37,62.72,56.53,,,,,,,2026-10-04,main,qualcomm-snapdragon-8-elite-for-galaxy,coco,https://cocodataset.org/,val2017 split,Average Recall,AR@1000,"Class-agnostic average recall over IoU thresholds 0.5 to 0.95 in 0.05 increments, with up to 1000 detections per image.",0.0,100.0,10.0,True,300.0
fastsam_s,float,qnn_dlc_via_qnn_ep,59.2,,59.0,56.67,48.9,62.72,56.53,,,,,,,2026-10-04,main,qualcomm-snapdragon-8-elite-for-galaxy,coco,https://cocodataset.org/,val2017 split,Average Recall,AR@1000,"Class-agnostic average recall over IoU thresholds 0.5 to 0.95 in 0.05 increments, with up to 1000 detections per image.",0.0,100.0,10.0,True,300.0
fastsam_s,float,onnx,59.2,,59.0,56.67,48.9,62.73,56.53,,,,,,,2026-10-04,main,qualcomm-snapdragon-8-elite-for-galaxy,coco,https://cocodataset.org/,val2017 split,Average Recall,AR@1000,"Class-agnostic average recall over IoU thresholds 0.5 to 0.95 in 0.05 increments, with up to 1000 detections per image.",0.0,100.0,10.0,True,300.0
fastsam_s,w8a16_mixed_int16,qnn_dlc,59.2,59.1,0.0,5.113,18.07,3.183,16.01,,,,,,,2026-10-04,main,qualcomm-snapdragon-8-elite-for-galaxy,coco,https://cocodataset.org/,val2017 split,Average Recall,AR@1000,"Class-agnostic average recall over IoU thresholds 0.5 to 0.95 in 0.05 increments, with up to 1000 detections per image.",0.0,100.0,10.0,True,300.0
fastsam_s,w8a16_mixed_int16,qnn_dlc_via_qnn_ep,59.2,59.1,0.0,5.113,18.07,3.183,16.01,,,,,,,2026-10-04,main,qualcomm-snapdragon-8-elite-for-galaxy,coco,https://cocodataset.org/,val2017 split,Average Recall,AR@1000,"Class-agnostic average recall over IoU thresholds 0.5 to 0.95 in 0.05 increments, with up to 1000 detections per image.",0.0,100.0,10.0,True,300.0
fastsam_s,w8a16_mixed_int16,onnx,59.2,59.1,0.0,5.113,18.07,3.183,16.01,,,,,,,2026-10-04,main,qualcomm-snapdragon-8-elite-for-galaxy,coco,https://cocodataset.org/,val2017 split,Average Recall,AR@1000,"Class-agnostic average recall over IoU thresholds 0.5 to 0.95 in 0.05 increments, with up to 1000 detections per image.",0.0,100.0,10.0,True,300.0
fastsam_s,w8a16,qnn_dlc,59.2,58.0,0.0,5.136,18.2,3.437,16.27,,,,,,,2026-10-04,main,qualcomm-snapdragon-8-elite-for-galaxy,coco,https://cocodataset.org/,val2017 split,Average Recall,AR@1000,"Class-agnostic average recall over IoU thresholds 0.5 to 0.95 in 0.05 increments, with up to 1000 detections per image.",0.0,100.0,10.0,True,300.0
fastsam_s,w8a16,qnn_dlc_via_qnn_ep,59.2,58.0,0.0,5.136,18.2,3.437,16.27,,,,,,,2026-10-04,main,qualcomm-snapdragon-8-elite-for-galaxy,coco,https://cocodataset.org/,val2017 split,Average Recall,AR@1000,"Class-agnostic average recall over IoU thresholds 0.5 to 0.95 in 0.05 increments, with up to 1000 detections per image.",0.0,100.0,10.0,True,300.0
fastsam_s,w8a16,onnx,59.2,58.0,0.0,5.136,18.2,3.437,16.27,,,,,,,2026-10-04,main,qualcomm-snapdragon-8-elite-for-galaxy,coco,https://cocodataset.org/,val2017 split,Average Recall,AR@1000,"Class-agnostic average recall over IoU thresholds 0.5 to 0.95 in 0.05 increments, with up to 1000 detections per image.",0.0,100.0,10.0,True,300.0
fastsam_x,float,tflite,66.1,,65.5,55.2,40.11,54.39,55.94,,,,,,,2026-10-04,main,qualcomm-snapdragon-8-elite-for-galaxy,coco,https://cocodataset.org/,val2017 split,Average Recall,AR@1000,"Class-agnostic average recall over IoU thresholds 0.5 to 0.95 in 0.05 increments, with up to 1000 detections per image.",0.0,100.0,10.0,True,300.0
fastsam_x,float,qnn_dlc,66.1,,65.5,55.2,40.11,54.39,55.94,,,,,,,2026-10-04,main,qualcomm-snapdragon-8-elite-for-galaxy,coco,https://cocodataset.org/,val2017 split,Average Recall,AR@1000,"Class-agnostic average recall over IoU thresholds 0.5 to 0.95 in 0.05 increments, with up to 1000 detections per image.",0.0,100.0,10.0,True,300.0
fastsam_x,float,qnn_dlc_via_qnn_ep,66.1,,65.9,55.2,40.16,54.39,55.94,,,,,,,2026-10-04,main,qualcomm-snapdragon-8-elite-for-galaxy,coco,https://cocodataset.org/,val2017 split,Average Recall,AR@1000,"Class-agnostic average recall over IoU thresholds 0.5 to 0.95 in 0.05 increments, with up to 1000 detections per image.",0.0,100.0,10.0,True,300.0
fastsam_x,float,onnx,66.1,,65.9,55.2,40.15,54.39,55.88,,,,,,,2026-10-04,main,qualcomm-snapdragon-8-elite-for-galaxy,coco,https://cocodataset.org/,val2017 split,Average Recall,AR@1000,"Class-agnostic average recall over IoU thresholds 0.5 to 0.95 in 0.05 increments, with up to 1000 detections per image.",0.0,100.0,10.0,True,300.0
fastsam_x,w8a16_mixed_int16,qnn_dlc,66.1,66.2,0.0,5.378,16.02,4.807,15.43,,,,,,,2026-10-04,main,qualcomm-snapdragon-8-elite-for-galaxy,coco,https://cocodataset.org/,val2017 split,Average Recall,AR@1000,"Class-agnostic average recall over IoU thresholds 0.5 to 0.95 in 0.05 increments, with up to 1000 detections per image.",0.0,100.0,10.0,True,300.0
fastsam_x,w8a16_mixed_int16,qnn_dlc_via_qnn_ep,66.1,66.2,0.0,5.378,16.02,4.807,15.43,,,,,,,2026-10-04,main,qualcomm-snapdragon-8-elite-for-galaxy,coco,https://cocodataset.org/,val2017 split,Average Recall,AR@1000,"Class-agnostic average recall over IoU thresholds 0.5 to 0.95 in 0.05 increments, with up to 1000 detections per image.",0.0,100.0,10.0,True,300.0
fastsam_x,w8a16_mixed_int16,onnx,66.1,66.2,0.0,5.378,16.02,4.807,15.43,,,,,,,2026-10-04,main,qualcomm-snapdragon-8-elite-for-galaxy,coco,https://cocodataset.org/,val2017 split,Average Recall,AR@1000,"Class-agnostic average recall over IoU thresholds 0.5 to 0.95 in 0.05 increments, with up to 1000 detections per image.",0.0,100.0,10.0,True,300.0
fastsam_x,w8a16,qnn_dlc,66.1,64.1,0.0,5.395,16.06,4.726,15.38,,,,,,,2026-10-04,main,qualcomm-snapdragon-8-elite-for-galaxy,coco,https://cocodataset.org/,val2017 split,Average Recall,AR@1000,"Class-agnostic average recall over IoU thresholds 0.5 to 0.95 in 0.05 increments, with up to 1000 detections per image.",0.0,100.0,10.0,True,300.0
fastsam_x,w8a16,qnn_dlc_via_qnn_ep,66.1,64.1,0.0,5.395,16.06,4.726,15.38,,,,,,,2026-10-04,main,qualcomm-snapdragon-8-elite-for-galaxy,coco,https://cocodataset.org/,val2017 split,Average Recall,AR@1000,"Class-agnostic average recall over IoU thresholds 0.5 to 0.95 in 0.05 increments, with up to 1000 detections per image.",0.0,100.0,10.0,True,300.0
fastsam_x,w8a16,onnx,66.1,64.1,0.0,5.395,16.06,4.726,15.38,,,,,,,2026-10-04,main,qualcomm-snapdragon-8-elite-for-galaxy,coco,https://cocodataset.org/,val2017 split,Average Recall,AR@1000,"Class-agnostic average recall over IoU thresholds 0.5 to 0.95 in 0.05 increments, with up to 1000 detections per image.",0.0,100.0,10.0,True,300.0
ffnet_54s,float,tflite,78.1,,78.1,68.18,,,,,,,,,,2026-10-04,main,qualcomm-snapdragon-8-elite-for-galaxy,cityscapes,https://www.cityscapes-dataset.com/,validation split,Mean Intersection Over Union,mIOU,Overlap of predicted and expected segmentation divided by the union size.,0.0,100.0,10.0,True,50.0
ffnet_54s,float,qnn_dlc,78.1,,78.1,68.18,,,,,,,,,,2026-10-04,main,qualcomm-snapdragon-8-elite-for-galaxy,cityscapes,https://www.cityscapes-dataset.com/,validation split,Mean Intersection Over Union,mIOU,Overlap of predicted and expected segmentation divided by the union size.,0.0,100.0,10.0,True,50.0
ffnet_54s,float,qnn_dlc_via_qnn_ep,78.1,,78.1,68.18,,,,,,,,,,2026-10-04,main,qualcomm-snapdragon-8-elite-for-galaxy,cityscapes,https://www.cityscapes-dataset.com/,validation split,Mean Intersection Over Union,mIOU,Overlap of predicted and expected segmentation divided by the union size.,0.0,100.0,10.0,True,50.0
ffnet_54s,float,onnx,78.1,,78.1,67.96,,,,,,,,,,2026-10-04,main,qualcomm-snapdragon-8-elite-for-galaxy,cityscapes,https://www.cityscapes-dataset.com/,validation split,Mean Intersection Over Union,mIOU,Overlap of predicted and expected segmentation divided by the union size.,0.0,100.0,10.0,True,50.0
ffnet_54s,w8a8,tflite,78.1,78.0,78.0,4.64,,,,,,,,,,2026-10-04,main,qualcomm-snapdragon-8-elite-for-galaxy,cityscapes,https://www.cityscapes-dataset.com/,validation split,Mean Intersection Over Union,mIOU,Overlap of predicted and expected segmentation divided by the union size.,0.0,100.0,10.0,True,50.0
ffnet_54s,w8a8,qnn_dlc,78.1,78.0,77.9,4.641,,,,,,,,,,2026-10-04,main,qualcomm-snapdragon-8-elite-for-galaxy,cityscapes,https://www.cityscapes-dataset.com/,validation split,Mean Intersection Over Union,mIOU,Overlap of predicted and expected segmentation divided by the union size.,0.0,100.0,10.0,True,50.0
ffnet_54s,w8a8,qnn_dlc_via_qnn_ep,78.1,78.0,77.9,4.641,,,,,,,,,,2026-10-04,main,qualcomm-snapdragon-8-elite-for-galaxy,cityscapes,https://www.cityscapes-dataset.com/,validation split,Mean Intersection Over Union,mIOU,Overlap of predicted and expected segmentation divided by the union size.,0.0,100.0,10.0,True,50.0
ffnet_54s,w8a8,onnx,78.1,78.0,77.9,4.641,,,,,,,,,,2026-10-04,main,qualcomm-snapdragon-8-elite-for-galaxy,cityscapes,https://www.cityscapes-dataset.com/,validation split,Mean Intersection Over Union,mIOU,Overlap of predicted and expected segmentation divided by the union size.,0.0,100.0,10.0,True,50.0
ffnet_78s,float,tflite,79.9,,79.9,66.44,,,,,,,,,,2026-10-04,main,qualcomm-snapdragon-8-elite-for-galaxy,cityscapes,https://www.cityscapes-dataset.com/,validation split,Mean Intersection Over Union,mIOU,Overlap of predicted and expected segmentation divided by the union size.,0.0,100.0,10.0,True,50.0
ffnet_78s,float,qnn_dlc,79.9,,79.9,66.44,,,,,,,,,,2026-10-04,main,qualcomm-snapdragon-8-elite-for-galaxy,cityscapes,https://www.cityscapes-dataset.com/,validation split,Mean Intersection Over Union,mIOU,Overlap of predicted and expected segmentation divided by the union size.,0.0,100.0,10.0,True,50.0
ffnet_78s,float,qnn_dlc_via_qnn_ep,79.9,,79.9,66.44,,,,,,,,,,2026-10-04,main,qualcomm-snapdragon-8-elite-for-galaxy,cityscapes,https://www.cityscapes-dataset.com/,validation split,Mean Intersection Over Union,mIOU,Overlap of predicted and expected segmentation divided by the union size.,0.0,100.0,10.0,True,50.0
ffnet_78s,float,onnx,79.9,,79.9,65.89,,,,,,,,,,2026-10-04,main,qualcomm-snapdragon-8-elite-for-galaxy,cityscapes,https://www.cityscapes-dataset.com/,validation split,Mean Intersection Over Union,mIOU,Overlap of predicted and expected segmentation divided by the union size.,0.0,100.0,10.0,True,50.0
ffnet_78s,w8a8,tflite,79.9,79.5,79.9,5.608,,,,,,,,,,2026-10-04,main,qualcomm-snapdragon-8-elite-for-galaxy,cityscapes,https://www.cityscapes-dataset.com/,validation split,Mean Intersection Over Union,mIOU,Overlap of predicted and expected segmentation divided by the union size.,0.0,100.0,10.0,True,50.0
ffnet_78s,w8a8,qnn_dlc,79.9,79.5,79.6,5.609,,,,,,,,,,2026-10-04,main,qualcomm-snapdragon-8-elite-for-galaxy,cityscapes,https://www.cityscapes-dataset.com/,validation split,Mean Intersection Over Union,mIOU,Overlap of predicted and expected segmentation divided by the union size.,0.0,100.0,10.0,True,50.0
ffnet_78s,w8a8,qnn_dlc_via_qnn_ep,79.9,79.5,79.6,5.609,,,,,,,,,,2026-10-04,main,qualcomm-snapdragon-8-elite-for-galaxy,cityscapes,https://www.cityscapes-dataset.com/,validation split,Mean Intersection Over Union,mIOU,Overlap of predicted and expected segmentation divided by the union size.,0.0,100.0,10.0,True,50.0
ffnet_78s,w8a8,onnx,79.9,79.5,79.6,5.609,,,,,,,,,,2026-10-04,main,qualcomm-snapdragon-8-elite-for-galaxy,cityscapes,https://www.cityscapes-dataset.com/,validation split,Mean Intersection Over Union,mIOU,Overlap of predicted and expected segmentation divided by the union size.,0.0,100.0,10.0,True,50.0
googlenet,float,tflite,68.0,,68.0,75.49,,,,,,,,,,2026-10-04,main,qualcomm-snapdragon-8-elite-for-galaxy,imagenet,https://www.image-net.org/,validation split,Top-1 Accuracy,%,Percentage of top 1 model predictions that are correct.,0.0,100.0,10.0,True,1000.0
googlenet,float,qnn_dlc,68.0,,68.0,75.49,,,,,,,,,,2026-10-04,main,qualcomm-snapdragon-8-elite-for-galaxy,imagenet,https://www.image-net.org/,validation split,Top-1 Accuracy,%,Percentage of top 1 model predictions that are correct.,0.0,100.0,10.0,True,1000.0
googlenet,float,qnn_dlc_via_qnn_ep,68.0,,68.0,75.49,,,,,,,,,,2026-10-04,main,qualcomm-snapdragon-8-elite-for-galaxy,imagenet,https://www.image-net.org/,validation split,Top-1 Accuracy,%,Percentage of top 1 model predictions that are correct.,0.0,100.0,10.0,True,1000.0
googlenet,float,onnx,68.0,,68.0,75.49,,,,,,,,,,2026-10-04,main,qualcomm-snapdragon-8-elite-for-galaxy,imagenet,https://www.image-net.org/,validation split,Top-1 Accuracy,%,Percentage of top 1 model predictions that are correct.,0.0,100.0,10.0,True,1000.0
googlenet,w8a8,tflite,68.0,68.2,68.5,11.83,,,,,,,,,,2026-10-04,main,qualcomm-snapdragon-8-elite-for-galaxy,imagenet,https://www.image-net.org/,validation split,Top-1 Accuracy,%,Percentage of top 1 model predictions that are correct.,0.0,100.0,10.0,True,1000.0
googlenet,w8a8,qnn_dlc,68.0,68.2,68.5,11.84,,,,,,,,,,2026-10-04,main,qualcomm-snapdragon-8-elite-for-galaxy,imagenet,https://www.image-net.org/,validation split,Top-1 Accuracy,%,Percentage of top 1 model predictions that are correct.,0.0,100.0,10.0,True,1000.0
googlenet,w8a8,qnn_dlc_via_qnn_ep,68.0,68.2,68.5,11.84,,,,,,,,,,2026-10-04,main,qualcomm-snapdragon-8-elite-for-galaxy,imagenet,https://www.image-net.org/,validation split,Top-1 Accuracy,%,Percentage of top 1 model predictions that are correct.,0.0,100.0,10.0,True,1000.0
googlenet,w8a8,onnx,68.0,68.2,68.5,11.84,,,,,,,,,,2026-10-04,main,qualcomm-snapdragon-8-elite-for-galaxy,imagenet,https://www.image-net.org/,validation split,Top-1 Accuracy,%,Percentage of top 1 model predictions that are correct.,0.0,100.0,10.0,True,1000.0
mediapipe_hand_gesture,w8a8,tflite,,,,18.62,25.0,13.61,0.02484,0.03564,4.466,9.0,,,,2026-10-04,main,qualcomm-snapdragon-8-elite-for-galaxy,,,,,,,,,,,
mediapipe_hand_gesture,w8a8,qnn_dlc,,,,18.62,25.0,13.51,0.02484,0.03466,4.221,9.0,,,,2026-10-04,main,qualcomm-snapdragon-8-elite-for-galaxy,,,,,,,,,,,
mediapipe_hand_gesture,w8a8,qnn_dlc_via_qnn_ep,,,,18.62,25.0,13.51,0.02484,0.03466,4.221,9.0,,,,2026-10-04,main,qualcomm-snapdragon-8-elite-for-galaxy,,,,,,,,,,,
mediapipe_hand_gesture,w8a8,onnx,,,,18.62,25.0,13.51,0.02484,0.03466,4.221,9.0,,,,2026-10-04,main,qualcomm-snapdragon-8-elite-for-galaxy,,,,,,,,,,,
mediapipe_hand_gesture,float,tflite,,,,78.7,83.85,74.9,11.94,46.68,61.19,82.36,,,,2026-10-04,main,qualcomm-snapdragon-8-elite-for-galaxy,,,,,,,,,,,
mediapipe_hand_gesture,float,qnn_dlc,,,,78.7,83.85,74.9,11.94,46.68,61.19,82.36,,,,2026-10-04,main,qualcomm-snapdragon-8-elite-for-galaxy,,,,,,,,,,,
mediapipe_hand_gesture,float,qnn_dlc_via_qnn_ep,,,,78.7,83.85,74.9,11.94,46.68,61.19,82.36,,,,2026-10-04,main,qualcomm-snapdragon-8-elite-for-galaxy,,,,,,,,,,,
mediapipe_hand_gesture,float,onnx,,,,78.67,80.5,74.21,12.01,45.21,56.44,82.36,,,,2026-10-04,main,qualcomm-snapdragon-8-elite-for-galaxy,,,,,,,,,,,
mobilenet_v3_small,float,tflite,67.4,,67.3,58.7,,,,,,,,,,2026-10-04,main,qualcomm-snapdragon-8-elite-for-galaxy,imagenet,https://www.image-net.org/,validation split,Top-1 Accuracy,%,Percentage of top 1 model predictions that are correct.,0.0,100.0,10.0,True,1000.0
mobilenet_v3_small,float,qnn_dlc,67.4,,67.3,58.92,,,,,,,,,,2026-10-04,main,qualcomm-snapdragon-8-elite-for-galaxy,imagenet,https://www.image-net.org/,validation split,Top-1 Accuracy,%,Percentage of top 1 model predictions that are correct.,0.0,100.0,10.0,True,1000.0
mobilenet_v3_small,float,qnn_dlc_via_qnn_ep,67.4,,67.3,58.92,,,,,,,,,,2026-10-04,main,qualcomm-snapdragon-8-elite-for-galaxy,imagenet,https://www.image-net.org/,validation split,Top-1 Accuracy,%,Percentage of top 1 model predictions that are correct.,0.0,100.0,10.0,True,1000.0
mobilenet_v3_small,float,onnx,67.4,,67.3,58.82,,,,,,,,,,2026-10-04,main,qualcomm-snapdragon-8-elite-for-galaxy,imagenet,https://www.image-net.org/,validation split,Top-1 Accuracy,%,Percentage of top 1 model predictions that are correct.,0.0,100.0,10.0,True,1000.0
mobilenet_v3_small,w8a16_mixed_int16,qnn_dlc,67.4,66.6,65.7,8.249,,,,,,,,,,2026-10-04,main,qualcomm-snapdragon-8-elite-for-galaxy,imagenet,https://www.image-net.org/,validation split,Top-1 Accuracy,%,Percentage of top 1 model predictions that are correct.,0.0,100.0,10.0,True,1000.0
mobilenet_v3_small,w8a16_mixed_int16,qnn_dlc_via_qnn_ep,67.4,66.6,65.7,8.249,,,,,,,,,,2026-10-04,main,qualcomm-snapdragon-8-elite-for-galaxy,imagenet,https://www.image-net.org/,validation split,Top-1 Accuracy,%,Percentage of top 1 model predictions that are correct.,0.0,100.0,10.0,True,1000.0
mobilenet_v3_small,w8a16_mixed_int16,onnx,67.4,66.6,65.7,8.249,,,,,,,,,,2026-10-04,main,qualcomm-snapdragon-8-elite-for-galaxy,imagenet,https://www.image-net.org/,validation split,Top-1 Accuracy,%,Percentage of top 1 model predictions that are correct.,0.0,100.0,10.0,True,1000.0
osnet,float,tflite,84.5,,84.2,39.2,,,,,,,,,,2026-10-04,main,qualcomm-snapdragon-8-elite-for-galaxy,market1501,https://zheng-lab-anu.github.io/Project/project_reid.html,Evaluation split using bounding_box_test/ (gallery) and query/ from Market-1501-v15.09.15 (max 1000 images by default).,Mean Average Precision,mAP,Mean Average Precision for person re-identification retrieval.,0.0,100.0,10.0,True,1000.0
osnet,float,qnn_dlc,84.5,,84.2,39.2,,,,,,,,,,2026-10-04,main,qualcomm-snapdragon-8-elite-for-galaxy,market1501,https://zheng-lab-anu.github.io/Project/project_reid.html,Evaluation split using bounding_box_test/ (gallery) and query/ from Market-1501-v15.09.15 (max 1000 images by default).,Mean Average Precision,mAP,Mean Average Precision for person re-identification retrieval.,0.0,100.0,10.0,True,1000.0
osnet,float,qnn_dlc_via_qnn_ep,84.5,,84.2,39.2,,,,,,,,,,2026-10-04,main,qualcomm-snapdragon-8-elite-for-galaxy,market1501,https://zheng-lab-anu.github.io/Project/project_reid.html,Evaluation split using bounding_box_test/ (gallery) and query/ from Market-1501-v15.09.15 (max 1000 images by default).,Mean Average Precision,mAP,Mean Average Precision for person re-identification retrieval.,0.0,100.0,10.0,True,1000.0
osnet,float,onnx,84.5,,84.1,39.32,,,,,,,,,,2026-10-04,main,qualcomm-snapdragon-8-elite-for-galaxy,market1501,https://zheng-lab-anu.github.io/Project/project_reid.html,Evaluation split using bounding_box_test/ (gallery) and query/ from Market-1501-v15.09.15 (max 1000 images by default).,Mean Average Precision,mAP,Mean Average Precision for person re-identification retrieval.,0.0,100.0,10.0,True,1000.0
pointnet,float,tflite,,,,68.43,78.48,79.55,,,,,,,,2026-10-04,main,qualcomm-snapdragon-8-elite-for-galaxy,,,,,,,,,,,
pointnet,float,qnn_dlc,,,,76.13,79.44,80.67,,,,,,,,2026-10-04,main,qualcomm-snapdragon-8-elite-for-galaxy,,,,,,,,,,,
pointnet,float,qnn_dlc_via_qnn_ep,,,,76.13,79.44,80.67,,,,,,,,2026-10-04,main,qualcomm-snapdragon-8-elite-for-galaxy,,,,,,,,,,,
pointnet,float,onnx,,,,76.13,79.44,80.67,,,,,,,,2026-10-04,main,qualcomm-snapdragon-8-elite-for-galaxy,,,,,,,,,,,
quicksrnetsmall,float,tflite,28.7,,28.7,68.44,,,,,,,,,,2026-10-04,main,qualcomm-snapdragon-8-elite-for-galaxy,set14,https://huggingface.co/datasets/eugenesiow/Set14,all 14 standard SR benchmark images,Peak Signal-to-Noise Ratio (PSNR),dB,A measure of how similar two images are.,0.0,,10.0,True,14.0
quicksrnetsmall,float,qnn_dlc,28.7,,28.7,68.44,,,,,,,,,,2026-10-04,main,qualcomm-snapdragon-8-elite-for-galaxy,set14,https://huggingface.co/datasets/eugenesiow/Set14,all 14 standard SR benchmark images,Peak Signal-to-Noise Ratio (PSNR),dB,A measure of how similar two images are.,0.0,,10.0,True,14.0
quicksrnetsmall,float,qnn_dlc_via_qnn_ep,28.7,,28.7,68.44,,,,,,,,,,2026-10-04,main,qualcomm-snapdragon-8-elite-for-galaxy,set14,https://huggingface.co/datasets/eugenesiow/Set14,all 14 standard SR benchmark images,Peak Signal-to-Noise Ratio (PSNR),dB,A measure of how similar two images are.,0.0,,10.0,True,14.0
quicksrnetsmall,float,onnx,28.7,,28.7,68.44,,,,,,,,,,2026-10-04,main,qualcomm-snapdragon-8-elite-for-galaxy,set14,https://huggingface.co/datasets/eugenesiow/Set14,all 14 standard SR benchmark images,Peak Signal-to-Noise Ratio (PSNR),dB,A measure of how similar two images are.,0.0,,10.0,True,14.0
quicksrnetsmall,w8a8,tflite,28.7,28.1,-40.6,5.734,,,,,,,,,,2026-10-04,main,qualcomm-snapdragon-8-elite-for-galaxy,set14,https://huggingface.co/datasets/eugenesiow/Set14,all 14 standard SR benchmark images,Peak Signal-to-Noise Ratio (PSNR),dB,A measure of how similar two images are.,0.0,,10.0,True,14.0
quicksrnetsmall,w8a8,qnn_dlc,28.7,28.1,-40.6,5.734,,,,,,,,,,2026-10-04,main,qualcomm-snapdragon-8-elite-for-galaxy,set14,https://huggingface.co/datasets/eugenesiow/Set14,all 14 standard SR benchmark images,Peak Signal-to-Noise Ratio (PSNR),dB,A measure of how similar two images are.,0.0,,10.0,True,14.0
quicksrnetsmall,w8a8,qnn_dlc_via_qnn_ep,28.7,28.1,-40.6,5.734,,,,,,,,,,2026-10-04,main,qualcomm-snapdragon-8-elite-for-galaxy,set14,https://huggingface.co/datasets/eugenesiow/Set14,all 14 standard SR benchmark images,Peak Signal-to-Noise Ratio (PSNR),dB,A measure of how similar two images are.,0.0,,10.0,True,14.0
quicksrnetsmall,w8a8,onnx,28.7,28.1,-40.6,5.734,,,,,,,,,,2026-10-04,main,qualcomm-snapdragon-8-elite-for-galaxy,set14,https://huggingface.co/datasets/eugenesiow/Set14,all 14 standard SR benchmark images,Peak Signal-to-Noise Ratio (PSNR),dB,A measure of how similar two images are.,0.0,,10.0,True,14.0
real_esrgan_general_x4v3,float,tflite,25.8,,25.8,74.97,,,,,,,,,,2026-10-04,main,qualcomm-snapdragon-8-elite-for-galaxy,set14,https://huggingface.co/datasets/eugenesiow/Set14,all 14 standard SR benchmark images,Peak Signal-to-Noise Ratio (PSNR),dB,A measure of how similar two images are.,0.0,,10.0,True,14.0
real_esrgan_general_x4v3,float,qnn_dlc,25.8,,25.8,74.97,,,,,,,,,,2026-10-04,main,qualcomm-snapdragon-8-elite-for-galaxy,set14,https://huggingface.co/datasets/eugenesiow/Set14,all 14 standard SR benchmark images,Peak Signal-to-Noise Ratio (PSNR),dB,A measure of how similar two images are.,0.0,,10.0,True,14.0
real_esrgan_general_x4v3,float,qnn_dlc_via_qnn_ep,25.8,,25.8,74.97,,,,,,,,,,2026-10-04,main,qualcomm-snapdragon-8-elite-for-galaxy,set14,https://huggingface.co/datasets/eugenesiow/Set14,all 14 standard SR benchmark images,Peak Signal-to-Noise Ratio (PSNR),dB,A measure of how similar two images are.,0.0,,10.0,True,14.0
real_esrgan_general_x4v3,float,onnx,25.8,,25.8,74.95,,,,,,,,,,2026-10-04,main,qualcomm-snapdragon-8-elite-for-galaxy,set14,https://huggingface.co/datasets/eugenesiow/Set14,all 14 standard SR benchmark images,Peak Signal-to-Noise Ratio (PSNR),dB,A measure of how similar two images are.,0.0,,10.0,True,14.0
real_esrgan_general_x4v3,w8a8,tflite,25.8,26.0,-40.6,5.894,,,,,,,,,,2026-10-04,main,qualcomm-snapdragon-8-elite-for-galaxy,set14,https://huggingface.co/datasets/eugenesiow/Set14,all 14 standard SR benchmark images,Peak Signal-to-Noise Ratio (PSNR),dB,A measure of how similar two images are.,0.0,,10.0,True,14.0
real_esrgan_general_x4v3,w8a8,qnn_dlc,25.8,26.0,-40.6,5.904,,,,,,,,,,2026-10-04,main,qualcomm-snapdragon-8-elite-for-galaxy,set14,https://huggingface.co/datasets/eugenesiow/Set14,all 14 standard SR benchmark images,Peak Signal-to-Noise Ratio (PSNR),dB,A measure of how similar two images are.,0.0,,10.0,True,14.0
real_esrgan_general_x4v3,w8a8,qnn_dlc_via_qnn_ep,25.8,26.0,-40.6,5.904,,,,,,,,,,2026-10-04,main,qualcomm-snapdragon-8-elite-for-galaxy,set14,https://huggingface.co/datasets/eugenesiow/Set14,all 14 standard SR benchmark images,Peak Signal-to-Noise Ratio (PSNR),dB,A measure of how similar two images are.,0.0,,10.0,True,14.0
real_esrgan_general_x4v3,w8a8,onnx,25.8,26.0,-40.6,5.904,,,,,,,,,,2026-10-04,main,qualcomm-snapdragon-8-elite-for-galaxy,set14,https://huggingface.co/datasets/eugenesiow/Set14,all 14 standard SR benchmark images,Peak Signal-to-Noise Ratio (PSNR),dB,A measure of how similar two images are.,0.0,,10.0,True,14.0
real_esrgan_x4plus,float,tflite,25.9,,25.9,67.03,,,,,,,,,,2026-10-04,main,qualcomm-snapdragon-8-elite-for-galaxy,set14,https://huggingface.co/datasets/eugenesiow/Set14,all 14 standard SR benchmark images,Peak Signal-to-Noise Ratio (PSNR),dB,A measure of how similar two images are.,0.0,,10.0,True,14.0
real_esrgan_x4plus,float,qnn_dlc,25.9,,25.9,67.03,,,,,,,,,,2026-10-04,main,qualcomm-snapdragon-8-elite-for-galaxy,set14,https://huggingface.co/datasets/eugenesiow/Set14,all 14 standard SR benchmark images,Peak Signal-to-Noise Ratio (PSNR),dB,A measure of how similar two images are.,0.0,,10.0,True,14.0
real_esrgan_x4plus,float,qnn_dlc_via_qnn_ep,25.9,,25.9,67.03,,,,,,,,,,2026-10-04,main,qualcomm-snapdragon-8-elite-for-galaxy,set14,https://huggingface.co/datasets/eugenesiow/Set14,all 14 standard SR benchmark images,Peak Signal-to-Noise Ratio (PSNR),dB,A measure of how similar two images are.,0.0,,10.0,True,14.0
real_esrgan_x4plus,float,onnx,25.9,,25.9,66.95,,,,,,,,,,2026-10-04,main,qualcomm-snapdragon-8-elite-for-galaxy,set14,https://huggingface.co/datasets/eugenesiow/Set14,all 14 standard SR benchmark images,Peak Signal-to-Noise Ratio (PSNR),dB,A measure of how similar two images are.,0.0,,10.0,True,14.0
real_esrgan_x4plus,w8a8,tflite,25.9,25.6,-40.8,5.475,,,,,,,,,,2026-10-04,main,qualcomm-snapdragon-8-elite-for-galaxy,set14,https://huggingface.co/datasets/eugenesiow/Set14,all 14 standard SR benchmark images,Peak Signal-to-Noise Ratio (PSNR),dB,A measure of how similar two images are.,0.0,,10.0,True,14.0
real_esrgan_x4plus,w8a8,qnn_dlc,25.9,25.6,-40.8,5.487,,,,,,,,,,2026-10-04,main,qualcomm-snapdragon-8-elite-for-galaxy,set14,https://huggingface.co/datasets/eugenesiow/Set14,all 14 standard SR benchmark images,Peak Signal-to-Noise Ratio (PSNR),dB,A measure of how similar two images are.,0.0,,10.0,True,14.0
real_esrgan_x4plus,w8a8,qnn_dlc_via_qnn_ep,25.9,25.6,-40.8,5.487,,,,,,,,,,2026-10-04,main,qualcomm-snapdragon-8-elite-for-galaxy,set14,https://huggingface.co/datasets/eugenesiow/Set14,all 14 standard SR benchmark images,Peak Signal-to-Noise Ratio (PSNR),dB,A measure of how similar two images are.,0.0,,10.0,True,14.0
real_esrgan_x4plus,w8a8,onnx,25.9,25.6,-40.8,5.487,,,,,,,,,,2026-10-04,main,qualcomm-snapdragon-8-elite-for-galaxy,set14,https://huggingface.co/datasets/eugenesiow/Set14,all 14 standard SR benchmark images,Peak Signal-to-Noise Ratio (PSNR),dB,A measure of how similar two images are.,0.0,,10.0,True,14.0
regnet,float,tflite,77.5,,77.6,77.8,,,,,,,,,,2026-10-04,main,qualcomm-snapdragon-8-elite-for-galaxy,imagenet,https://www.image-net.org/,validation split,Top-1 Accuracy,%,Percentage of top 1 model predictions that are correct.,0.0,100.0,10.0,True,1000.0
regnet,float,qnn_dlc,77.5,,77.6,77.8,,,,,,,,,,2026-10-04,main,qualcomm-snapdragon-8-elite-for-galaxy,imagenet,https://www.image-net.org/,validation split,Top-1 Accuracy,%,Percentage of top 1 model predictions that are correct.,0.0,100.0,10.0,True,1000.0
regnet,float,qnn_dlc_via_qnn_ep,77.5,,77.6,77.8,,,,,,,,,,2026-10-04,main,qualcomm-snapdragon-8-elite-for-galaxy,imagenet,https://www.image-net.org/,validation split,Top-1 Accuracy,%,Percentage of top 1 model predictions that are correct.,0.0,100.0,10.0,True,1000.0
regnet,float,onnx,77.5,,77.6,76.68,,,,,,,,,,2026-10-04,main,qualcomm-snapdragon-8-elite-for-galaxy,imagenet,https://www.image-net.org/,validation split,Top-1 Accuracy,%,Percentage of top 1 model predictions that are correct.,0.0,100.0,10.0,True,1000.0
regnet,w8a8,tflite,77.5,77.1,76.7,11.82,,,,,,,,,,2026-10-04,main,qualcomm-snapdragon-8-elite-for-galaxy,imagenet,https://www.image-net.org/,validation split,Top-1 Accuracy,%,Percentage of top 1 model predictions that are correct.,0.0,100.0,10.0,True,1000.0
regnet,w8a8,qnn_dlc,77.5,77.1,76.9,11.83,,,,,,,,,,2026-10-04,main,qualcomm-snapdragon-8-elite-for-galaxy,imagenet,https://www.image-net.org/,validation split,Top-1 Accuracy,%,Percentage of top 1 model predictions that are correct.,0.0,100.0,10.0,True,1000.0
regnet,w8a8,qnn_dlc_via_qnn_ep,77.5,77.1,76.9,11.83,,,,,,,,,,2026-10-04,main,qualcomm-snapdragon-8-elite-for-galaxy,imagenet,https://www.image-net.org/,validation split,Top-1 Accuracy,%,Percentage of top 1 model predictions that are correct.,0.0,100.0,10.0,True,1000.0
regnet,w8a8,onnx,77.5,77.1,76.9,11.83,,,,,,,,,,2026-10-04,main,qualcomm-snapdragon-8-elite-for-galaxy,imagenet,https://www.image-net.org/,validation split,Top-1 Accuracy,%,Percentage of top 1 model predictions that are correct.,0.0,100.0,10.0,True,1000.0
resnet34_ssd1200,float,tflite,21.4,,,,,,,,,,,,,2026-10-04,main,qualcomm-snapdragon-8-elite-for-galaxy,coco_180,https://cocodataset.org/,val2017 split,Mean Average Precision,mAP@0.5:0.95,Mean Average Precision averaged over IOU thresholds 0.5 to 0.95 in 0.05 increments.,0.0,100.0,10.0,True,180.0
resnet34_ssd1200,float,qnn_dlc,21.4,,,,,,,,,,,,,2026-10-04,main,qualcomm-snapdragon-8-elite-for-galaxy,coco_180,https://cocodataset.org/,val2017 split,Mean Average Precision,mAP@0.5:0.95,Mean Average Precision averaged over IOU thresholds 0.5 to 0.95 in 0.05 increments.,0.0,100.0,10.0,True,180.0
resnet34_ssd1200,float,qnn_dlc_via_qnn_ep,21.4,,,,,,,,,,,,,2026-10-04,main,qualcomm-snapdragon-8-elite-for-galaxy,coco_180,https://cocodataset.org/,val2017 split,Mean Average Precision,mAP@0.5:0.95,Mean Average Precision averaged over IOU thresholds 0.5 to 0.95 in 0.05 increments.,0.0,100.0,10.0,True,180.0
resnet34_ssd1200,float,onnx,21.4,,,,,,,,,,,,,2026-10-04,main,qualcomm-snapdragon-8-elite-for-galaxy,coco_180,https://cocodataset.org/,val2017 split,Mean Average Precision,mAP@0.5:0.95,Mean Average Precision averaged over IOU thresholds 0.5 to 0.95 in 0.05 increments.,0.0,100.0,10.0,True,180.0
resnet50,float,tflite,75.7,,75.7,77.29,,,,,,,,,,2026-10-04,main,qualcomm-snapdragon-8-elite-for-galaxy,imagenet,https://www.image-net.org/,validation split,Top-1 Accuracy,%,Percentage of top 1 model predictions that are correct.,0.0,100.0,10.0,True,1000.0
resnet50,float,qnn_dlc,75.7,,75.7,77.29,,,,,,,,,,2026-10-04,main,qualcomm-snapdragon-8-elite-for-galaxy,imagenet,https://www.image-net.org/,validation split,Top-1 Accuracy,%,Percentage of top 1 model predictions that are correct.,0.0,100.0,10.0,True,1000.0
resnet50,float,qnn_dlc_via_qnn_ep,75.7,,75.7,77.29,,,,,,,,,,2026-10-04,main,qualcomm-snapdragon-8-elite-for-galaxy,imagenet,https://www.image-net.org/,validation split,Top-1 Accuracy,%,Percentage of top 1 model predictions that are correct.,0.0,100.0,10.0,True,1000.0
resnet50,float,onnx,75.7,,75.7,76.28,,,,,,,,,,2026-10-04,main,qualcomm-snapdragon-8-elite-for-galaxy,imagenet,https://www.image-net.org/,validation split,Top-1 Accuracy,%,Percentage of top 1 model predictions that are correct.,0.0,100.0,10.0,True,1000.0
resnet50,w8a8,tflite,75.7,75.4,75.6,13.3,,,,,,,,,,2026-10-04,main,qualcomm-snapdragon-8-elite-for-galaxy,imagenet,https://www.image-net.org/,validation split,Top-1 Accuracy,%,Percentage of top 1 model predictions that are correct.,0.0,100.0,10.0,True,1000.0
resnet50,w8a8,qnn_dlc,75.7,75.4,75.7,13.31,,,,,,,,,,2026-10-04,main,qualcomm-snapdragon-8-elite-for-galaxy,imagenet,https://www.image-net.org/,validation split,Top-1 Accuracy,%,Percentage of top 1 model predictions that are correct.,0.0,100.0,10.0,True,1000.0
resnet50,w8a8,qnn_dlc_via_qnn_ep,75.7,75.4,75.7,13.31,,,,,,,,,,2026-10-04,main,qualcomm-snapdragon-8-elite-for-galaxy,imagenet,https://www.image-net.org/,validation split,Top-1 Accuracy,%,Percentage of top 1 model predictions that are correct.,0.0,100.0,10.0,True,1000.0
resnet50,w8a8,onnx,75.7,75.4,75.7,13.31,,,,,,,,,,2026-10-04,main,qualcomm-snapdragon-8-elite-for-galaxy,imagenet,https://www.image-net.org/,validation split,Top-1 Accuracy,%,Percentage of top 1 model predictions that are correct.,0.0,100.0,10.0,True,1000.0
rtmpose_body2d,float,tflite,51.7,,47.6,33.15,34.96,,,,,,,,,2026-10-04,main,qualcomm-snapdragon-8-elite-for-galaxy,coco_whole_body,http://images.cocodataset.org/,val2017 split,Mean Average Precision,mAP,Mean Average Precision (across predicted classes).,0.0,100.0,10.0,True,500.0
rtmpose_body2d,float,qnn_dlc,51.7,,47.6,33.16,34.98,,,,,,,,,2026-10-04,main,qualcomm-snapdragon-8-elite-for-galaxy,coco_whole_body,http://images.cocodataset.org/,val2017 split,Mean Average Precision,mAP,Mean Average Precision (across predicted classes).,0.0,100.0,10.0,True,500.0
rtmpose_body2d,float,qnn_dlc_via_qnn_ep,51.7,,47.6,33.16,34.98,,,,,,,,,2026-10-04,main,qualcomm-snapdragon-8-elite-for-galaxy,coco_whole_body,http://images.cocodataset.org/,val2017 split,Mean Average Precision,mAP,Mean Average Precision (across predicted classes).,0.0,100.0,10.0,True,500.0
rtmpose_body2d,float,onnx,51.7,,47.6,33.16,34.98,,,,,,,,,2026-10-04,main,qualcomm-snapdragon-8-elite-for-galaxy,coco_whole_body,http://images.cocodataset.org/,val2017 split,Mean Average Precision,mAP,Mean Average Precision (across predicted classes).,0.0,100.0,10.0,True,500.0
rtmpose_body2d,w8a16,qnn_dlc,51.7,51.5,0.215,7.183,6.191,,,,,,,,,2026-10-04,main,qualcomm-snapdragon-8-elite-for-galaxy,coco_whole_body,http://images.cocodataset.org/,val2017 split,Mean Average Precision,mAP,Mean Average Precision (across predicted classes).,0.0,100.0,10.0,True,500.0
rtmpose_body2d,w8a16,qnn_dlc_via_qnn_ep,51.7,51.5,51.8,7.768,6.525,,,,,,,,,2026-10-04,main,qualcomm-snapdragon-8-elite-for-galaxy,coco_whole_body,http://images.cocodataset.org/,val2017 split,Mean Average Precision,mAP,Mean Average Precision (across predicted classes).,0.0,100.0,10.0,True,500.0
rtmpose_body2d,w8a16,onnx,51.7,51.5,51.8,7.767,6.526,,,,,,,,,2026-10-04,main,qualcomm-snapdragon-8-elite-for-galaxy,coco_whole_body,http://images.cocodataset.org/,val2017 split,Mean Average Precision,mAP,Mean Average Precision (across predicted classes).,0.0,100.0,10.0,True,500.0
siglip2,float,tflite,,,,56.79,60.97,,,,,,,,,2026-10-04,main,qualcomm-snapdragon-8-elite-for-galaxy,,,,,,,,,,,
siglip2,float,qnn_dlc,,,,56.74,60.96,,,,,,,,,2026-10-04,main,qualcomm-snapdragon-8-elite-for-galaxy,,,,,,,,,,,
siglip2,float,qnn_dlc_via_qnn_ep,,,,56.72,60.97,,,,,,,,,2026-10-04,main,qualcomm-snapdragon-8-elite-for-galaxy,,,,,,,,,,,
siglip2,float,onnx,,,,56.72,60.97,,,,,,,,,2026-10-04,main,qualcomm-snapdragon-8-elite-for-galaxy,,,,,,,,,,,
siglip2,w8a16,qnn_dlc,,,,11.88,3.847,,,,,,,,,2026-10-04,main,qualcomm-snapdragon-8-elite-for-galaxy,,,,,,,,,,,
siglip2,w8a16,qnn_dlc_via_qnn_ep,,,,11.88,3.847,,,,,,,,,2026-10-04,main,qualcomm-snapdragon-8-elite-for-galaxy,,,,,,,,,,,
siglip2,w8a16,onnx,,,,11.89,3.847,,,,,,,,,2026-10-04,main,qualcomm-snapdragon-8-elite-for-galaxy,,,,,,,,,,,
sixd_repnet,float,tflite,,,,56.96,58.66,59.01,54.56,,,,,,,2026-10-04,main,qualcomm-snapdragon-8-elite-for-galaxy,,,,,,,,,,,
sixd_repnet,float,qnn_dlc,,,,56.96,58.66,59.01,54.56,,,,,,,2026-10-04,main,qualcomm-snapdragon-8-elite-for-galaxy,,,,,,,,,,,
sixd_repnet,float,qnn_dlc_via_qnn_ep,,,,56.96,58.66,59.01,54.56,,,,,,,2026-10-04,main,qualcomm-snapdragon-8-elite-for-galaxy,,,,,,,,,,,
sixd_repnet,float,onnx,,,,56.96,58.66,59.01,49.49,,,,,,,2026-10-04,main,qualcomm-snapdragon-8-elite-for-galaxy,,,,,,,,,,,
u2net_segmentation,float,tflite,0.0612,,0.0612,55.08,,,,,,,,,,2026-10-04,main,qualcomm-snapdragon-8-elite-for-galaxy,duts,http://saliencydetection.net/duts/,DUTS-TE test split (5019 images) / DUTS-TR train split (10553 images),Mean Absolute Error,MAE,Per-pixel mean absolute error between predicted saliency map and binary ground truth mask.,0.0,1.0,0.01,False,100.0
u2net_segmentation,float,qnn_dlc,0.0612,,0.0612,55.08,,,,,,,,,,2026-10-04,main,qualcomm-snapdragon-8-elite-for-galaxy,duts,http://saliencydetection.net/duts/,DUTS-TE test split (5019 images) / DUTS-TR train split (10553 images),Mean Absolute Error,MAE,Per-pixel mean absolute error between predicted saliency map and binary ground truth mask.,0.0,1.0,0.01,False,100.0
u2net_segmentation,float,qnn_dlc_via_qnn_ep,0.0612,,0.0612,55.08,,,,,,,,,,2026-10-04,main,qualcomm-snapdragon-8-elite-for-galaxy,duts,http://saliencydetection.net/duts/,DUTS-TE test split (5019 images) / DUTS-TR train split (10553 images),Mean Absolute Error,MAE,Per-pixel mean absolute error between predicted saliency map and binary ground truth mask.,0.0,1.0,0.01,False,100.0
u2net_segmentation,float,onnx,0.0612,,0.0612,54.62,,,,,,,,,,2026-10-04,main,qualcomm-snapdragon-8-elite-for-galaxy,duts,http://saliencydetection.net/duts/,DUTS-TE test split (5019 images) / DUTS-TR train split (10553 images),Mean Absolute Error,MAE,Per-pixel mean absolute error between predicted saliency map and binary ground truth mask.,0.0,1.0,0.01,False,100.0
u2net_segmentation,w8a8,tflite,0.0612,0.0614,44.2,7.878,,,,,,,,,,2026-10-04,main,qualcomm-snapdragon-8-elite-for-galaxy,duts,http://saliencydetection.net/duts/,DUTS-TE test split (5019 images) / DUTS-TR train split (10553 images),Mean Absolute Error,MAE,Per-pixel mean absolute error between predicted saliency map and binary ground truth mask.,0.0,1.0,0.01,False,100.0
u2net_segmentation,w8a8,qnn_dlc,0.0612,0.0614,44.1,7.89,,,,,,,,,,2026-10-04,main,qualcomm-snapdragon-8-elite-for-galaxy,duts,http://saliencydetection.net/duts/,DUTS-TE test split (5019 images) / DUTS-TR train split (10553 images),Mean Absolute Error,MAE,Per-pixel mean absolute error between predicted saliency map and binary ground truth mask.,0.0,1.0,0.01,False,100.0
u2net_segmentation,w8a8,qnn_dlc_via_qnn_ep,0.0612,0.0614,44.2,7.885,,,,,,,,,,2026-10-04,main,qualcomm-snapdragon-8-elite-for-galaxy,duts,http://saliencydetection.net/duts/,DUTS-TE test split (5019 images) / DUTS-TR train split (10553 images),Mean Absolute Error,MAE,Per-pixel mean absolute error between predicted saliency map and binary ground truth mask.,0.0,1.0,0.01,False,100.0
u2net_segmentation,w8a8,onnx,0.0612,0.0614,44.2,7.885,,,,,,,,,,2026-10-04,main,qualcomm-snapdragon-8-elite-for-galaxy,duts,http://saliencydetection.net/duts/,DUTS-TE test split (5019 images) / DUTS-TR train split (10553 images),Mean Absolute Error,MAE,Per-pixel mean absolute error between predicted saliency map and binary ground truth mask.,0.0,1.0,0.01,False,100.0
yolor,float,tflite,47.2,,47.0,59.97,62.87,9.651,,,,,,,,2026-10-04,main,qualcomm-snapdragon-8-elite-for-galaxy,coco,https://cocodataset.org/,val2017 split,Mean Average Precision,mAP@0.5:0.95,Mean Average Precision averaged over IOU thresholds 0.5 to 0.95 in 0.05 increments.,0.0,100.0,10.0,True,300.0
yolor,float,qnn_dlc,47.2,,0.0254,,,6.149,,,,,,,,2026-10-04,main,qualcomm-snapdragon-8-elite-for-galaxy,coco,https://cocodataset.org/,val2017 split,Mean Average Precision,mAP@0.5:0.95,Mean Average Precision averaged over IOU thresholds 0.5 to 0.95 in 0.05 increments.,0.0,100.0,10.0,True,300.0
yolor,float,qnn_dlc_via_qnn_ep,47.2,,47.0,61.93,64.79,10.59,,,,,,,,2026-10-04,main,qualcomm-snapdragon-8-elite-for-galaxy,coco,https://cocodataset.org/,val2017 split,Mean Average Precision,mAP@0.5:0.95,Mean Average Precision averaged over IOU thresholds 0.5 to 0.95 in 0.05 increments.,0.0,100.0,10.0,True,300.0
yolor,float,onnx,47.2,,0.0212,,,5.929,,,,,,,,2026-10-04,main,qualcomm-snapdragon-8-elite-for-galaxy,coco,https://cocodataset.org/,val2017 split,Mean Average Precision,mAP@0.5:0.95,Mean Average Precision averaged over IOU thresholds 0.5 to 0.95 in 0.05 increments.,0.0,100.0,10.0,True,300.0
yolor,w8a16,qnn_dlc,47.2,47.0,0.0,5.792,27.67,9.587,,,,,,,,2026-10-04,main,qualcomm-snapdragon-8-elite-for-galaxy,coco,https://cocodataset.org/,val2017 split,Mean Average Precision,mAP@0.5:0.95,Mean Average Precision averaged over IOU thresholds 0.5 to 0.95 in 0.05 increments.,0.0,100.0,10.0,True,300.0
yolor,w8a16,qnn_dlc_via_qnn_ep,47.2,47.0,0.0,5.792,27.67,9.587,,,,,,,,2026-10-04,main,qualcomm-snapdragon-8-elite-for-galaxy,coco,https://cocodataset.org/,val2017 split,Mean Average Precision,mAP@0.5:0.95,Mean Average Precision averaged over IOU thresholds 0.5 to 0.95 in 0.05 increments.,0.0,100.0,10.0,True,300.0
yolor,w8a16,onnx,47.2,47.0,0.0,5.792,27.68,9.587,,,,,,,,2026-10-04,main,qualcomm-snapdragon-8-elite-for-galaxy,coco,https://cocodataset.org/,val2017 split,Mean Average Precision,mAP@0.5:0.95,Mean Average Precision averaged over IOU thresholds 0.5 to 0.95 in 0.05 increments.,0.0,100.0,10.0,True,300.0
yolov3,float,tflite,31.1,,30.5,56.11,53.77,,,,,,,,,2026-10-04,main,qualcomm-snapdragon-8-elite-for-galaxy,coco,https://cocodataset.org/,val2017 split,Mean Average Precision,mAP@0.5:0.95,Mean Average Precision averaged over IOU thresholds 0.5 to 0.95 in 0.05 increments.,0.0,100.0,10.0,True,300.0
yolov3,float,qnn_dlc,31.1,,30.5,56.11,53.77,,,,,,,,,2026-10-04,main,qualcomm-snapdragon-8-elite-for-galaxy,coco,https://cocodataset.org/,val2017 split,Mean Average Precision,mAP@0.5:0.95,Mean Average Precision averaged over IOU thresholds 0.5 to 0.95 in 0.05 increments.,0.0,100.0,10.0,True,300.0
yolov3,float,qnn_dlc_via_qnn_ep,31.1,,30.4,41.55,48.56,,,,,,,,,2026-10-04,main,qualcomm-snapdragon-8-elite-for-galaxy,coco,https://cocodataset.org/,val2017 split,Mean Average Precision,mAP@0.5:0.95,Mean Average Precision averaged over IOU thresholds 0.5 to 0.95 in 0.05 increments.,0.0,100.0,10.0,True,300.0
yolov3,float,onnx,31.1,,30.4,41.55,48.56,,,,,,,,,2026-10-04,main,qualcomm-snapdragon-8-elite-for-galaxy,coco,https://cocodataset.org/,val2017 split,Mean Average Precision,mAP@0.5:0.95,Mean Average Precision averaged over IOU thresholds 0.5 to 0.95 in 0.05 increments.,0.0,100.0,10.0,True,300.0
yolov3,w8a16,qnn_dlc,31.1,30.4,0.0,4.966,22.66,,,,,,,,,2026-10-04,main,qualcomm-snapdragon-8-elite-for-galaxy,coco,https://cocodataset.org/,val2017 split,Mean Average Precision,mAP@0.5:0.95,Mean Average Precision averaged over IOU thresholds 0.5 to 0.95 in 0.05 increments.,0.0,100.0,10.0,True,300.0
yolov3,w8a16,qnn_dlc_via_qnn_ep,31.1,30.4,0.0,4.966,22.66,,,,,,,,,2026-10-04,main,qualcomm-snapdragon-8-elite-for-galaxy,coco,https://cocodataset.org/,val2017 split,Mean Average Precision,mAP@0.5:0.95,Mean Average Precision averaged over IOU thresholds 0.5 to 0.95 in 0.05 increments.,0.0,100.0,10.0,True,300.0
yolov3,w8a16,onnx,31.1,30.4,0.0,4.966,22.66,,,,,,,,,2026-10-04,main,qualcomm-snapdragon-8-elite-for-galaxy,coco,https://cocodataset.org/,val2017 split,Mean Average Precision,mAP@0.5:0.95,Mean Average Precision averaged over IOU thresholds 0.5 to 0.95 in 0.05 increments.,0.0,100.0,10.0,True,300.0
controlnet_canny,w8a16,qnn_context_binary,,,,6.79,2.811,5.066,4.018,1.649,0.6291,0.9025,1.094,2.078,2.389,2026-10-04,main,qualcomm-snapdragon-8-elite-for-galaxy,,,,,,,,,,,
controlnet_canny,w8a16,precompiled_qnn_onnx,,,,6.79,2.811,5.066,4.018,1.649,0.6291,0.9025,1.094,2.078,2.389,2026-10-04,main,qualcomm-snapdragon-8-elite-for-galaxy,,,,,,,,,,,
centernet_2d,float,qnn_dlc_via_qnn_ep,42.0,,41.7,63.64,46.15,53.21,,,,,,,,2026-10-04,main,qualcomm-snapdragon-8-elite-for-galaxy,coco,https://cocodataset.org/,val2017 split,Mean Average Precision,mAP@0.5:0.95,Mean Average Precision averaged over IOU thresholds 0.5 to 0.95 in 0.05 increments.,0.0,100.0,10.0,True,300.0
centernet_2d,float,qnn_context_binary,42.0,,41.7,63.64,46.15,53.21,,,,,,,,2026-10-04,main,qualcomm-snapdragon-8-elite-for-galaxy,coco,https://cocodataset.org/,val2017 split,Mean Average Precision,mAP@0.5:0.95,Mean Average Precision averaged over IOU thresholds 0.5 to 0.95 in 0.05 increments.,0.0,100.0,10.0,True,300.0
centernet_2d,float,precompiled_qnn_onnx,42.0,,41.7,63.64,46.15,53.21,,,,,,,,2026-10-04,main,qualcomm-snapdragon-8-elite-for-galaxy,coco,https://cocodataset.org/,val2017 split,Mean Average Precision,mAP@0.5:0.95,Mean Average Precision averaged over IOU thresholds 0.5 to 0.95 in 0.05 increments.,0.0,100.0,10.0,True,300.0
gkt,float,qnn_dlc_via_qnn_ep,0.424,,0.0,15.85,,,,,,,,,,2026-10-04,main,qualcomm-snapdragon-8-elite-for-galaxy,nuscenes_bev_gkt,,,,,,,,,,50.0
gkt,float,qnn_context_binary,0.424,,0.398,38.05,,,,,,,,,,2026-10-04,main,qualcomm-snapdragon-8-elite-for-galaxy,nuscenes_bev_gkt,,,,,,,,,,50.0
gkt,float,precompiled_qnn_onnx,0.424,,0.398,38.05,,,,,,,,,,2026-10-04,main,qualcomm-snapdragon-8-elite-for-galaxy,nuscenes_bev_gkt,,,,,,,,,,50.0
gkt,w8a16_mixed_fp16,qnn_dlc_via_qnn_ep,0.424,0.418,0.0183,5.189,,,,,,,,,,2026-10-04,main,qualcomm-snapdragon-8-elite-for-galaxy,nuscenes_bev_gkt,,,,,,,,,,50.0
gkt,w8a16_mixed_fp16,qnn_context_binary,0.424,0.418,0.0183,5.189,,,,,,,,,,2026-10-04,main,qualcomm-snapdragon-8-elite-for-galaxy,nuscenes_bev_gkt,,,,,,,,,,50.0
gkt,w8a16_mixed_fp16,precompiled_qnn_onnx,0.424,0.418,0.0183,5.189,,,,,,,,,,2026-10-04,main,qualcomm-snapdragon-8-elite-for-galaxy,nuscenes_bev_gkt,,,,,,,,,,50.0
mask2former,float,qnn_dlc_via_qnn_ep,0.423,,0.419,28.57,23.04,35.63,,,,,,,,2026-10-04,main,qualcomm-snapdragon-8-elite-for-galaxy,coco_panoptic_segmentation,https://cocodataset.org/#home,val2017 split,Panoptic Quality,PQ,A measure of how well all objects in the image were correctly identified and segmented.,0.0,1.0,0.1,True,100.0
mask2former,float,qnn_context_binary,0.423,,0.419,28.57,23.04,35.63,,,,,,,,2026-10-04,main,qualcomm-snapdragon-8-elite-for-galaxy,coco_panoptic_segmentation,https://cocodataset.org/#home,val2017 split,Panoptic Quality,PQ,A measure of how well all objects in the image were correctly identified and segmented.,0.0,1.0,0.1,True,100.0
mask2former,float,precompiled_qnn_onnx,0.423,,0.419,28.57,23.04,35.63,,,,,,,,2026-10-04,main,qualcomm-snapdragon-8-elite-for-galaxy,coco_panoptic_segmentation,https://cocodataset.org/#home,val2017 split,Panoptic Quality,PQ,A measure of how well all objects in the image were correctly identified and segmented.,0.0,1.0,0.1,True,100.0
melotts_es,mixed_with_float,qnn_dlc_via_qnn_ep,,,,100.0,100.0,94.08,81.31,82.97,100.0,,0.9921,10.82,9.218,2026-10-04,main,qualcomm-snapdragon-8-elite-for-galaxy,,,,,,,,,,,
melotts_es,mixed_with_float,voice_ai,,,,100.0,100.0,94.08,81.31,82.97,100.0,,1.641,11.11,9.521,2026-10-04,main,qualcomm-snapdragon-8-elite-for-galaxy,,,,,,,,,,,
opus_mt_en_es,float,qnn_dlc_via_qnn_ep,,,,15.96,20.91,15.02,15.18,16.02,15.39,15.45,14.74,14.04,14.72,2026-10-04,main,qualcomm-snapdragon-8-elite-for-galaxy,,,,,,,,,,,
opus_mt_en_es,float,voice_ai,,,,15.96,20.91,15.02,15.18,16.02,15.39,15.45,14.74,14.04,14.72,2026-10-04,main,qualcomm-snapdragon-8-elite-for-galaxy,,,,,,,,,,,
pipertts_de,float,qnn_dlc_via_qnn_ep,,,,107.1,113.2,108.5,200.0,254.4,206.0,,40.3,10.82,9.218,2026-10-04,main,qualcomm-snapdragon-8-elite-for-galaxy,,,,,,,,,,,
pipertts_de,float,voice_ai,,,,107.1,113.2,108.5,200.0,254.4,206.0,,40.3,11.11,9.521,2026-10-04,main,qualcomm-snapdragon-8-elite-for-galaxy,,,,,,,,,,,
pyannote_speaker_diarization,mixed_with_float,voice_ai,,,,14.48,28.86,,,,,,,,,2026-10-04,main,qualcomm-snapdragon-8-elite-for-galaxy,,,,,,,,,,,
wav2vec2_conformer,float,qnn_dlc_via_qnn_ep,20.9,,,,,,,,,,,,,2026-10-04,main,qualcomm-snapdragon-8-elite-for-galaxy,wav2_vec2_conformer_libri_speech,https://www.openslr.org/12,test-clean,Word Error Rate,WER,The percentage of words incorrectly predicted.,0.0,100.0,10.0,False,50.0
wav2vec2_conformer,float,qnn_context_binary,20.9,,21.0,36.8,,,,,,,,,,2026-10-04,main,qualcomm-snapdragon-8-elite-for-galaxy,wav2_vec2_conformer_libri_speech,https://www.openslr.org/12,test-clean,Word Error Rate,WER,The percentage of words incorrectly predicted.,0.0,100.0,10.0,False,50.0
wav2vec2_conformer,float,precompiled_qnn_onnx,20.9,,21.0,36.8,,,,,,,,,,2026-10-04,main,qualcomm-snapdragon-8-elite-for-galaxy,wav2_vec2_conformer_libri_speech,https://www.openslr.org/12,test-clean,Word Error Rate,WER,The percentage of words incorrectly predicted.,0.0,100.0,10.0,False,50.0
whisper_base,float,qnn_dlc_via_qnn_ep,,,,15.35,19.21,11.63,14.95,16.22,16.18,16.75,18.16,15.78,16.22,2026-10-04,main,qualcomm-snapdragon-8-elite-for-galaxy,,,,,,,,,,,
whisper_base,float,qnn_context_binary,,,,15.35,19.21,11.63,14.95,16.22,16.18,16.75,18.17,15.79,16.21,2026-10-04,main,qualcomm-snapdragon-8-elite-for-galaxy,,,,,,,,,,,
whisper_base,float,precompiled_qnn_onnx,,,,15.35,19.21,11.63,14.95,16.22,16.18,16.75,18.17,15.79,16.21,2026-10-04,main,qualcomm-snapdragon-8-elite-for-galaxy,,,,,,,,,,,
whisper_base,float,voice_ai,,,,15.35,19.21,11.63,14.95,16.22,16.18,16.75,18.17,15.79,16.21,2026-10-04,main,qualcomm-snapdragon-8-elite-for-galaxy,,,,,,,,,,,
cavaface,float,tflite,,,,40.56,,,,,,,,,,2026-10-04,main,qualcomm-snapdragon-8-elite-for-galaxy,,,,,,,,,,,
cavaface,float,qnn_dlc,,,,40.59,,,,,,,,,,2026-10-04,main,qualcomm-snapdragon-8-elite-for-galaxy,,,,,,,,,,,
cavaface,float,qnn_dlc_via_qnn_ep,,,,40.59,,,,,,,,,,2026-10-04,main,qualcomm-snapdragon-8-elite-for-galaxy,,,,,,,,,,,
cavaface,float,onnx,,,,40.59,,,,,,,,,,2026-10-04,main,qualcomm-snapdragon-8-elite-for-galaxy,,,,,,,,,,,
convnext_tiny,float,tflite,82.2,,82.2,64.48,,,,,,,,,,2026-10-04,main,qualcomm-snapdragon-8-elite-for-galaxy,imagenet,https://www.image-net.org/,validation split,Top-1 Accuracy,%,Percentage of top 1 model predictions that are correct.,0.0,100.0,10.0,True,1000.0
convnext_tiny,float,qnn_dlc,82.2,,82.1,64.5,,,,,,,,,,2026-10-04,main,qualcomm-snapdragon-8-elite-for-galaxy,imagenet,https://www.image-net.org/,validation split,Top-1 Accuracy,%,Percentage of top 1 model predictions that are correct.,0.0,100.0,10.0,True,1000.0
convnext_tiny,float,qnn_dlc_via_qnn_ep,82.2,,82.1,64.5,,,,,,,,,,2026-10-04,main,qualcomm-snapdragon-8-elite-for-galaxy,imagenet,https://www.image-net.org/,validation split,Top-1 Accuracy,%,Percentage of top 1 model predictions that are correct.,0.0,100.0,10.0,True,1000.0
convnext_tiny,float,onnx,82.2,,82.1,64.38,,,,,,,,,,2026-10-04,main,qualcomm-snapdragon-8-elite-for-galaxy,imagenet,https://www.image-net.org/,validation split,Top-1 Accuracy,%,Percentage of top 1 model predictions that are correct.,0.0,100.0,10.0,True,1000.0
convnext_tiny,w8a16,qnn_dlc,82.2,82.1,82.2,12.18,,,,,,,,,,2026-10-04,main,qualcomm-snapdragon-8-elite-for-galaxy,imagenet,https://www.image-net.org/,validation split,Top-1 Accuracy,%,Percentage of top 1 model predictions that are correct.,0.0,100.0,10.0,True,1000.0
convnext_tiny,w8a16,qnn_dlc_via_qnn_ep,82.2,82.1,82.2,12.18,,,,,,,,,,2026-10-04,main,qualcomm-snapdragon-8-elite-for-galaxy,imagenet,https://www.image-net.org/,validation split,Top-1 Accuracy,%,Percentage of top 1 model predictions that are correct.,0.0,100.0,10.0,True,1000.0
convnext_tiny,w8a16,onnx,82.2,82.1,82.2,12.18,,,,,,,,,,2026-10-04,main,qualcomm-snapdragon-8-elite-for-galaxy,imagenet,https://www.image-net.org/,validation split,Top-1 Accuracy,%,Percentage of top 1 model predictions that are correct.,0.0,100.0,10.0,True,1000.0
convnext_tiny,w8a8,tflite,82.2,81.5,80.9,12.04,,,,,,,,,,2026-10-04,main,qualcomm-snapdragon-8-elite-for-galaxy,imagenet,https://www.image-net.org/,validation split,Top-1 Accuracy,%,Percentage of top 1 model predictions that are correct.,0.0,100.0,10.0,True,1000.0
convnext_tiny,w8a8,qnn_dlc,82.2,81.5,81.9,12.02,,,,,,,,,,2026-10-04,main,qualcomm-snapdragon-8-elite-for-galaxy,imagenet,https://www.image-net.org/,validation split,Top-1 Accuracy,%,Percentage of top 1 model predictions that are correct.,0.0,100.0,10.0,True,1000.0
convnext_tiny,w8a8,qnn_dlc_via_qnn_ep,82.2,81.5,81.9,12.02,,,,,,,,,,2026-10-04,main,qualcomm-snapdragon-8-elite-for-galaxy,imagenet,https://www.image-net.org/,validation split,Top-1 Accuracy,%,Percentage of top 1 model predictions that are correct.,0.0,100.0,10.0,True,1000.0
convnext_tiny,w8a8,onnx,82.2,81.5,81.9,12.02,,,,,,,,,,2026-10-04,main,qualcomm-snapdragon-8-elite-for-galaxy,imagenet,https://www.image-net.org/,validation split,Top-1 Accuracy,%,Percentage of top 1 model predictions that are correct.,0.0,100.0,10.0,True,1000.0
ddcolor,float,tflite,38.3,,38.5,61.57,,,,,,,,,,2026-10-04,main,qualcomm-snapdragon-8-elite-for-galaxy,imagenet_colorization,https://www.image-net.org/,validation split,Colorfulness,,A measure of how varied the colors are in the image.,0.0,,10.0,True,500.0
ddcolor,float,qnn_dlc,38.3,,38.5,61.59,,,,,,,,,,2026-10-04,main,qualcomm-snapdragon-8-elite-for-galaxy,imagenet_colorization,https://www.image-net.org/,validation split,Colorfulness,,A measure of how varied the colors are in the image.,0.0,,10.0,True,500.0
ddcolor,float,qnn_dlc_via_qnn_ep,38.3,,38.5,61.59,,,,,,,,,,2026-10-04,main,qualcomm-snapdragon-8-elite-for-galaxy,imagenet_colorization,https://www.image-net.org/,validation split,Colorfulness,,A measure of how varied the colors are in the image.,0.0,,10.0,True,500.0
ddcolor,float,onnx,38.3,,38.5,61.29,,,,,,,,,,2026-10-04,main,qualcomm-snapdragon-8-elite-for-galaxy,imagenet_colorization,https://www.image-net.org/,validation split,Colorfulness,,A measure of how varied the colors are in the image.,0.0,,10.0,True,500.0
deformable_detr,float,tflite,41.4,,,,,,,,,,,,,2026-10-04,main,qualcomm-snapdragon-8-elite-for-galaxy,coco91_class,https://cocodataset.org/,val2017 split,Mean Average Precision,mAP@0.5:0.95,Mean Average Precision averaged over IOU thresholds 0.5 to 0.95 in 0.05 increments.,0.0,100.0,10.0,True,300.0
deformable_detr,float,qnn_dlc,41.4,,,,,,,,,,,,,2026-10-04,main,qualcomm-snapdragon-8-elite-for-galaxy,coco91_class,https://cocodataset.org/,val2017 split,Mean Average Precision,mAP@0.5:0.95,Mean Average Precision averaged over IOU thresholds 0.5 to 0.95 in 0.05 increments.,0.0,100.0,10.0,True,300.0
deformable_detr,float,qnn_dlc_via_qnn_ep,41.4,,,,,,,,,,,,,2026-10-04,main,qualcomm-snapdragon-8-elite-for-galaxy,coco91_class,https://cocodataset.org/,val2017 split,Mean Average Precision,mAP@0.5:0.95,Mean Average Precision averaged over IOU thresholds 0.5 to 0.95 in 0.05 increments.,0.0,100.0,10.0,True,300.0
deformable_detr,float,onnx,41.4,,,,,,,,,,,,,2026-10-04,main,qualcomm-snapdragon-8-elite-for-galaxy,coco91_class,https://cocodataset.org/,val2017 split,Mean Average Precision,mAP@0.5:0.95,Mean Average Precision averaged over IOU thresholds 0.5 to 0.95 in 0.05 increments.,0.0,100.0,10.0,True,300.0
deformable_detr,w8a16,qnn_dlc,41.4,41.1,,,,,,,,,,,,2026-10-04,main,qualcomm-snapdragon-8-elite-for-galaxy,coco91_class,https://cocodataset.org/,val2017 split,Mean Average Precision,mAP@0.5:0.95,Mean Average Precision averaged over IOU thresholds 0.5 to 0.95 in 0.05 increments.,0.0,100.0,10.0,True,300.0
deformable_detr,w8a16,qnn_dlc_via_qnn_ep,41.4,41.1,,,,,,,,,,,,2026-10-04,main,qualcomm-snapdragon-8-elite-for-galaxy,coco91_class,https://cocodataset.org/,val2017 split,Mean Average Precision,mAP@0.5:0.95,Mean Average Precision averaged over IOU thresholds 0.5 to 0.95 in 0.05 increments.,0.0,100.0,10.0,True,300.0
deformable_detr,w8a16,onnx,41.4,41.1,,,,,,,,,,,,2026-10-04,main,qualcomm-snapdragon-8-elite-for-galaxy,coco91_class,https://cocodataset.org/,val2017 split,Mean Average Precision,mAP@0.5:0.95,Mean Average Precision averaged over IOU thresholds 0.5 to 0.95 in 0.05 increments.,0.0,100.0,10.0,True,300.0
detr_resnet101,float,tflite,41.8,,41.9,42.14,45.96,32.5,,,,,,,,2026-10-04,main,qualcomm-snapdragon-8-elite-for-galaxy,coco91_class,https://cocodataset.org/,val2017 split,Mean Average Precision,mAP@0.5:0.95,Mean Average Precision averaged over IOU thresholds 0.5 to 0.95 in 0.05 increments.,0.0,100.0,10.0,True,300.0
detr_resnet101,float,qnn_dlc,41.8,,41.9,42.14,45.96,32.5,,,,,,,,2026-10-04,main,qualcomm-snapdragon-8-elite-for-galaxy,coco91_class,https://cocodataset.org/,val2017 split,Mean Average Precision,mAP@0.5:0.95,Mean Average Precision averaged over IOU thresholds 0.5 to 0.95 in 0.05 increments.,0.0,100.0,10.0,True,300.0
detr_resnet101,float,qnn_dlc_via_qnn_ep,41.8,,41.9,42.14,45.96,32.5,,,,,,,,2026-10-04,main,qualcomm-snapdragon-8-elite-for-galaxy,coco91_class,https://cocodataset.org/,val2017 split,Mean Average Precision,mAP@0.5:0.95,Mean Average Precision averaged over IOU thresholds 0.5 to 0.95 in 0.05 increments.,0.0,100.0,10.0,True,300.0
detr_resnet101,float,onnx,41.8,,41.9,43.43,38.44,30.85,,,,,,,,2026-10-04,main,qualcomm-snapdragon-8-elite-for-galaxy,coco91_class,https://cocodataset.org/,val2017 split,Mean Average Precision,mAP@0.5:0.95,Mean Average Precision averaged over IOU thresholds 0.5 to 0.95 in 0.05 increments.,0.0,100.0,10.0,True,300.0
detr_resnet101,w8a16_mixed_int16,qnn_dlc,41.8,41.4,0.0,4.954,10.6,19.63,,,,,,,,2026-10-04,main,qualcomm-snapdragon-8-elite-for-galaxy,coco91_class,https://cocodataset.org/,val2017 split,Mean Average Precision,mAP@0.5:0.95,Mean Average Precision averaged over IOU thresholds 0.5 to 0.95 in 0.05 increments.,0.0,100.0,10.0,True,300.0
detr_resnet101,w8a16_mixed_int16,qnn_dlc_via_qnn_ep,41.8,41.4,0.0,4.954,10.6,19.66,,,,,,,,2026-10-04,main,qualcomm-snapdragon-8-elite-for-galaxy,coco91_class,https://cocodataset.org/,val2017 split,Mean Average Precision,mAP@0.5:0.95,Mean Average Precision averaged over IOU thresholds 0.5 to 0.95 in 0.05 increments.,0.0,100.0,10.0,True,300.0
detr_resnet101,w8a16_mixed_int16,onnx,41.8,41.4,0.0,4.954,10.61,19.19,,,,,,,,2026-10-04,main,qualcomm-snapdragon-8-elite-for-galaxy,coco91_class,https://cocodataset.org/,val2017 split,Mean Average Precision,mAP@0.5:0.95,Mean Average Precision averaged over IOU thresholds 0.5 to 0.95 in 0.05 increments.,0.0,100.0,10.0,True,300.0
distil_bert_base_uncased_hf,float,tflite,60.0,,60.0,28.26,,,,,,,,,,2026-10-04,main,qualcomm-snapdragon-8-elite-for-galaxy,wikitext_masked_distilbert_distilbert_base_uncased,https://huggingface.co/datasets/wikitext,wikitext-2-raw-v1 validation split,Top-1 Accuracy,%,Percentage of masked tokens correctly predicted (highest-probability token).,0.0,100.0,10.0,True,250.0
distil_bert_base_uncased_hf,float,qnn_dlc,60.0,,60.0,28.26,,,,,,,,,,2026-10-04,main,qualcomm-snapdragon-8-elite-for-galaxy,wikitext_masked_distilbert_distilbert_base_uncased,https://huggingface.co/datasets/wikitext,wikitext-2-raw-v1 validation split,Top-1 Accuracy,%,Percentage of masked tokens correctly predicted (highest-probability token).,0.0,100.0,10.0,True,250.0
distil_bert_base_uncased_hf,float,qnn_dlc_via_qnn_ep,60.0,,0.4,10.61,,,,,,,,,,2026-10-04,main,qualcomm-snapdragon-8-elite-for-galaxy,wikitext_masked_distilbert_distilbert_base_uncased,https://huggingface.co/datasets/wikitext,wikitext-2-raw-v1 validation split,Top-1 Accuracy,%,Percentage of masked tokens correctly predicted (highest-probability token).,0.0,100.0,10.0,True,250.0
distil_bert_base_uncased_hf,float,onnx,60.0,,60.0,28.26,,,,,,,,,,2026-10-04,main,qualcomm-snapdragon-8-elite-for-galaxy,wikitext_masked_distilbert_distilbert_base_uncased,https://huggingface.co/datasets/wikitext,wikitext-2-raw-v1 validation split,Top-1 Accuracy,%,Percentage of masked tokens correctly predicted (highest-probability token).,0.0,100.0,10.0,True,250.0
distil_bert_base_uncased_hf,w8a16,qnn_dlc,60.0,60.4,60.4,25.61,,,,,,,,,,2026-10-04,main,qualcomm-snapdragon-8-elite-for-galaxy,wikitext_masked_distilbert_distilbert_base_uncased,https://huggingface.co/datasets/wikitext,wikitext-2-raw-v1 validation split,Top-1 Accuracy,%,Percentage of masked tokens correctly predicted (highest-probability token).,0.0,100.0,10.0,True,250.0
distil_bert_base_uncased_hf,w8a16,qnn_dlc_via_qnn_ep,60.0,60.4,60.4,25.61,,,,,,,,,,2026-10-04,main,qualcomm-snapdragon-8-elite-for-galaxy,wikitext_masked_distilbert_distilbert_base_uncased,https://huggingface.co/datasets/wikitext,wikitext-2-raw-v1 validation split,Top-1 Accuracy,%,Percentage of masked tokens correctly predicted (highest-probability token).,0.0,100.0,10.0,True,250.0
distil_bert_base_uncased_hf,w8a16,onnx,60.0,60.4,60.4,32.06,,,,,,,,,,2026-10-04,main,qualcomm-snapdragon-8-elite-for-galaxy,wikitext_masked_distilbert_distilbert_base_uncased,https://huggingface.co/datasets/wikitext,wikitext-2-raw-v1 validation split,Top-1 Accuracy,%,Percentage of masked tokens correctly predicted (highest-probability token).,0.0,100.0,10.0,True,250.0
dla102x,float,tflite,76.3,,76.5,77.06,,,,,,,,,,2026-10-04,main,qualcomm-snapdragon-8-elite-for-galaxy,imagenet,https://www.image-net.org/,validation split,Top-1 Accuracy,%,Percentage of top 1 model predictions that are correct.,0.0,100.0,10.0,True,1000.0
dla102x,float,qnn_dlc,76.3,,76.5,77.06,,,,,,,,,,2026-10-04,main,qualcomm-snapdragon-8-elite-for-galaxy,imagenet,https://www.image-net.org/,validation split,Top-1 Accuracy,%,Percentage of top 1 model predictions that are correct.,0.0,100.0,10.0,True,1000.0
dla102x,float,qnn_dlc_via_qnn_ep,76.3,,76.5,77.06,,,,,,,,,,2026-10-04,main,qualcomm-snapdragon-8-elite-for-galaxy,imagenet,https://www.image-net.org/,validation split,Top-1 Accuracy,%,Percentage of top 1 model predictions that are correct.,0.0,100.0,10.0,True,1000.0
dla102x,float,onnx,76.3,,76.4,76.12,,,,,,,,,,2026-10-04,main,qualcomm-snapdragon-8-elite-for-galaxy,imagenet,https://www.image-net.org/,validation split,Top-1 Accuracy,%,Percentage of top 1 model predictions that are correct.,0.0,100.0,10.0,True,1000.0
dla102x,w8a8,tflite,76.3,76.2,76.5,12.18,,,,,,,,,,2026-10-04,main,qualcomm-snapdragon-8-elite-for-galaxy,imagenet,https://www.image-net.org/,validation split,Top-1 Accuracy,%,Percentage of top 1 model predictions that are correct.,0.0,100.0,10.0,True,1000.0
dla102x,w8a8,qnn_dlc,76.3,76.2,76.7,12.18,,,,,,,,,,2026-10-04,main,qualcomm-snapdragon-8-elite-for-galaxy,imagenet,https://www.image-net.org/,validation split,Top-1 Accuracy,%,Percentage of top 1 model predictions that are correct.,0.0,100.0,10.0,True,1000.0
dla102x,w8a8,qnn_dlc_via_qnn_ep,76.3,76.2,76.7,12.18,,,,,,,,,,2026-10-04,main,qualcomm-snapdragon-8-elite-for-galaxy,imagenet,https://www.image-net.org/,validation split,Top-1 Accuracy,%,Percentage of top 1 model predictions that are correct.,0.0,100.0,10.0,True,1000.0
dla102x,w8a8,onnx,76.3,76.2,76.7,12.18,,,,,,,,,,2026-10-04,main,qualcomm-snapdragon-8-elite-for-galaxy,imagenet,https://www.image-net.org/,validation split,Top-1 Accuracy,%,Percentage of top 1 model predictions that are correct.,0.0,100.0,10.0,True,1000.0
dncnn,float,tflite,27.5,,27.5,75.21,,,,,,,,,,2026-10-04,main,qualcomm-snapdragon-8-elite-for-galaxy,bsd300_denoising,https://www2.eecs.berkeley.edu/Research/Projects/CS/vision/bsds/,test split (100 grayscale images with Gaussian noise sigma=25),Peak Signal-to-Noise Ratio (PSNR),dB,A measure of how similar the denoised image is to the clean original.,0.0,,10.0,True,100.0
dncnn,float,qnn_dlc,27.5,,27.5,75.26,,,,,,,,,,2026-10-04,main,qualcomm-snapdragon-8-elite-for-galaxy,bsd300_denoising,https://www2.eecs.berkeley.edu/Research/Projects/CS/vision/bsds/,test split (100 grayscale images with Gaussian noise sigma=25),Peak Signal-to-Noise Ratio (PSNR),dB,A measure of how similar the denoised image is to the clean original.,0.0,,10.0,True,100.0
dncnn,float,qnn_dlc_via_qnn_ep,27.5,,27.5,75.26,,,,,,,,,,2026-10-04,main,qualcomm-snapdragon-8-elite-for-galaxy,bsd300_denoising,https://www2.eecs.berkeley.edu/Research/Projects/CS/vision/bsds/,test split (100 grayscale images with Gaussian noise sigma=25),Peak Signal-to-Noise Ratio (PSNR),dB,A measure of how similar the denoised image is to the clean original.,0.0,,10.0,True,100.0
dncnn,float,onnx,27.5,,27.5,75.27,,,,,,,,,,2026-10-04,main,qualcomm-snapdragon-8-elite-for-galaxy,bsd300_denoising,https://www2.eecs.berkeley.edu/Research/Projects/CS/vision/bsds/,test split (100 grayscale images with Gaussian noise sigma=25),Peak Signal-to-Noise Ratio (PSNR),dB,A measure of how similar the denoised image is to the clean original.,0.0,,10.0,True,100.0
dncnn,w8a8,tflite,27.5,27.5,-39.5,8.215,,,,,,,,,,2026-10-04,main,qualcomm-snapdragon-8-elite-for-galaxy,bsd300_denoising,https://www2.eecs.berkeley.edu/Research/Projects/CS/vision/bsds/,test split (100 grayscale images with Gaussian noise sigma=25),Peak Signal-to-Noise Ratio (PSNR),dB,A measure of how similar the denoised image is to the clean original.,0.0,,10.0,True,100.0
dncnn,w8a8,qnn_dlc,27.5,27.5,-39.5,8.213,,,,,,,,,,2026-10-04,main,qualcomm-snapdragon-8-elite-for-galaxy,bsd300_denoising,https://www2.eecs.berkeley.edu/Research/Projects/CS/vision/bsds/,test split (100 grayscale images with Gaussian noise sigma=25),Peak Signal-to-Noise Ratio (PSNR),dB,A measure of how similar the denoised image is to the clean original.,0.0,,10.0,True,100.0
dncnn,w8a8,qnn_dlc_via_qnn_ep,27.5,27.5,-39.5,8.215,,,,,,,,,,2026-10-04,main,qualcomm-snapdragon-8-elite-for-galaxy,bsd300_denoising,https://www2.eecs.berkeley.edu/Research/Projects/CS/vision/bsds/,test split (100 grayscale images with Gaussian noise sigma=25),Peak Signal-to-Noise Ratio (PSNR),dB,A measure of how similar the denoised image is to the clean original.,0.0,,10.0,True,100.0
dncnn,w8a8,onnx,27.5,27.5,-39.5,8.215,,,,,,,,,,2026-10-04,main,qualcomm-snapdragon-8-elite-for-galaxy,bsd300_denoising,https://www2.eecs.berkeley.edu/Research/Projects/CS/vision/bsds/,test split (100 grayscale images with Gaussian noise sigma=25),Peak Signal-to-Noise Ratio (PSNR),dB,A measure of how similar the denoised image is to the clean original.,0.0,,10.0,True,100.0
efficientformer,float,tflite,77.1,,77.3,55.08,,,,,,,,,,2026-10-04,main,qualcomm-snapdragon-8-elite-for-galaxy,imagenet,https://www.image-net.org/,validation split,Top-1 Accuracy,%,Percentage of top 1 model predictions that are correct.,0.0,100.0,10.0,True,1000.0
efficientformer,float,qnn_dlc,77.1,,77.3,55.08,,,,,,,,,,2026-10-04,main,qualcomm-snapdragon-8-elite-for-galaxy,imagenet,https://www.image-net.org/,validation split,Top-1 Accuracy,%,Percentage of top 1 model predictions that are correct.,0.0,100.0,10.0,True,1000.0
efficientformer,float,qnn_dlc_via_qnn_ep,77.1,,77.3,55.08,,,,,,,,,,2026-10-04,main,qualcomm-snapdragon-8-elite-for-galaxy,imagenet,https://www.image-net.org/,validation split,Top-1 Accuracy,%,Percentage of top 1 model predictions that are correct.,0.0,100.0,10.0,True,1000.0
efficientformer,float,onnx,77.1,,77.2,55.07,,,,,,,,,,2026-10-04,main,qualcomm-snapdragon-8-elite-for-galaxy,imagenet,https://www.image-net.org/,validation split,Top-1 Accuracy,%,Percentage of top 1 model predictions that are correct.,0.0,100.0,10.0,True,1000.0
efficientformer,w8a16,qnn_dlc,77.1,76.9,76.8,11.31,,,,,,,,,,2026-10-04,main,qualcomm-snapdragon-8-elite-for-galaxy,imagenet,https://www.image-net.org/,validation split,Top-1 Accuracy,%,Percentage of top 1 model predictions that are correct.,0.0,100.0,10.0,True,1000.0
efficientformer,w8a16,qnn_dlc_via_qnn_ep,77.1,76.9,76.9,11.31,,,,,,,,,,2026-10-04,main,qualcomm-snapdragon-8-elite-for-galaxy,imagenet,https://www.image-net.org/,validation split,Top-1 Accuracy,%,Percentage of top 1 model predictions that are correct.,0.0,100.0,10.0,True,1000.0
efficientformer,w8a16,onnx,77.1,76.9,76.9,11.31,,,,,,,,,,2026-10-04,main,qualcomm-snapdragon-8-elite-for-galaxy,imagenet,https://www.image-net.org/,validation split,Top-1 Accuracy,%,Percentage of top 1 model predictions that are correct.,0.0,100.0,10.0,True,1000.0
efficientnet_lite4,float,tflite,79.7,,79.6,75.69,,,,,,,,,,2026-10-04,main,qualcomm-snapdragon-8-elite-for-galaxy,imagenet_efficientnet_lite4,https://www.image-net.org/,validation split,Top-1 Accuracy,%,Percentage of top 1 model predictions that are correct.,0.0,100.0,10.0,True,1000.0
efficientnet_lite4,float,qnn_dlc,79.7,,79.6,75.69,,,,,,,,,,2026-10-04,main,qualcomm-snapdragon-8-elite-for-galaxy,imagenet_efficientnet_lite4,https://www.image-net.org/,validation split,Top-1 Accuracy,%,Percentage of top 1 model predictions that are correct.,0.0,100.0,10.0,True,1000.0
efficientnet_lite4,float,qnn_dlc_via_qnn_ep,79.7,,79.6,75.69,,,,,,,,,,2026-10-04,main,qualcomm-snapdragon-8-elite-for-galaxy,imagenet_efficientnet_lite4,https://www.image-net.org/,validation split,Top-1 Accuracy,%,Percentage of top 1 model predictions that are correct.,0.0,100.0,10.0,True,1000.0
efficientnet_lite4,float,onnx,79.7,,79.6,75.69,,,,,,,,,,2026-10-04,main,qualcomm-snapdragon-8-elite-for-galaxy,imagenet_efficientnet_lite4,https://www.image-net.org/,validation split,Top-1 Accuracy,%,Percentage of top 1 model predictions that are correct.,0.0,100.0,10.0,True,1000.0
efficientnet_lite4,w8a8,tflite,79.7,78.7,79.5,12.7,,,,,,,,,,2026-10-04,main,qualcomm-snapdragon-8-elite-for-galaxy,imagenet_efficientnet_lite4,https://www.image-net.org/,validation split,Top-1 Accuracy,%,Percentage of top 1 model predictions that are correct.,0.0,100.0,10.0,True,1000.0
efficientnet_lite4,w8a8,qnn_dlc,79.7,78.7,79.5,12.69,,,,,,,,,,2026-10-04,main,qualcomm-snapdragon-8-elite-for-galaxy,imagenet_efficientnet_lite4,https://www.image-net.org/,validation split,Top-1 Accuracy,%,Percentage of top 1 model predictions that are correct.,0.0,100.0,10.0,True,1000.0
efficientnet_lite4,w8a8,qnn_dlc_via_qnn_ep,79.7,78.7,79.6,12.69,,,,,,,,,,2026-10-04,main,qualcomm-snapdragon-8-elite-for-galaxy,imagenet_efficientnet_lite4,https://www.image-net.org/,validation split,Top-1 Accuracy,%,Percentage of top 1 model predictions that are correct.,0.0,100.0,10.0,True,1000.0
efficientnet_lite4,w8a8,onnx,79.7,78.7,79.6,12.69,,,,,,,,,,2026-10-04,main,qualcomm-snapdragon-8-elite-for-galaxy,imagenet_efficientnet_lite4,https://www.image-net.org/,validation split,Top-1 Accuracy,%,Percentage of top 1 model predictions that are correct.,0.0,100.0,10.0,True,1000.0
efficientvit_b2_cls,float,tflite,80.1,,79.9,45.21,,,,,,,,,,2026-10-04,main,qualcomm-snapdragon-8-elite-for-galaxy,imagenet,https://www.image-net.org/,validation split,Top-1 Accuracy,%,Percentage of top 1 model predictions that are correct.,0.0,100.0,10.0,True,1000.0
efficientvit_b2_cls,float,qnn_dlc,80.1,,79.9,45.21,,,,,,,,,,2026-10-04,main,qualcomm-snapdragon-8-elite-for-galaxy,imagenet,https://www.image-net.org/,validation split,Top-1 Accuracy,%,Percentage of top 1 model predictions that are correct.,0.0,100.0,10.0,True,1000.0
efficientvit_b2_cls,float,qnn_dlc_via_qnn_ep,80.1,,79.9,45.21,,,,,,,,,,2026-10-04,main,qualcomm-snapdragon-8-elite-for-galaxy,imagenet,https://www.image-net.org/,validation split,Top-1 Accuracy,%,Percentage of top 1 model predictions that are correct.,0.0,100.0,10.0,True,1000.0
efficientvit_b2_cls,float,onnx,80.1,,80.0,45.96,,,,,,,,,,2026-10-04,main,qualcomm-snapdragon-8-elite-for-galaxy,imagenet,https://www.image-net.org/,validation split,Top-1 Accuracy,%,Percentage of top 1 model predictions that are correct.,0.0,100.0,10.0,True,1000.0
efficientvit_b2_cls,w8a16,qnn_dlc,80.1,79.8,79.5,13.21,,,,,,,,,,2026-10-04,main,qualcomm-snapdragon-8-elite-for-galaxy,imagenet,https://www.image-net.org/,validation split,Top-1 Accuracy,%,Percentage of top 1 model predictions that are correct.,0.0,100.0,10.0,True,1000.0
efficientvit_b2_cls,w8a16,qnn_dlc_via_qnn_ep,80.1,79.8,79.5,13.21,,,,,,,,,,2026-10-04,main,qualcomm-snapdragon-8-elite-for-galaxy,imagenet,https://www.image-net.org/,validation split,Top-1 Accuracy,%,Percentage of top 1 model predictions that are correct.,0.0,100.0,10.0,True,1000.0
efficientvit_b2_cls,w8a16,onnx,80.1,79.8,79.4,13.2,,,,,,,,,,2026-10-04,main,qualcomm-snapdragon-8-elite-for-galaxy,imagenet,https://www.image-net.org/,validation split,Top-1 Accuracy,%,Percentage of top 1 model predictions that are correct.,0.0,100.0,10.0,True,1000.0
facemap_3dmm,float,tflite,0.0304,,0.0304,85.62,,,,,,,,,,2026-10-04,main,qualcomm-snapdragon-8-elite-for-galaxy,face_map3_dmm,,,,,,,,,,400.0
facemap_3dmm,float,qnn_dlc,0.0304,,0.0304,86.14,,,,,,,,,,2026-10-04,main,qualcomm-snapdragon-8-elite-for-galaxy,face_map3_dmm,,,,,,,,,,400.0
facemap_3dmm,float,qnn_dlc_via_qnn_ep,0.0304,,0.0304,86.14,,,,,,,,,,2026-10-04,main,qualcomm-snapdragon-8-elite-for-galaxy,face_map3_dmm,,,,,,,,,,400.0
facemap_3dmm,float,onnx,0.0304,,0.0304,86.14,,,,,,,,,,2026-10-04,main,qualcomm-snapdragon-8-elite-for-galaxy,face_map3_dmm,,,,,,,,,,400.0
ffnet_122ns_lowres,float,tflite,76.2,,76.2,66.33,,,,,,,,,,2026-10-04,main,qualcomm-snapdragon-8-elite-for-galaxy,cityscapes_low_res,https://www.cityscapes-dataset.com/,validation split,Mean Intersection Over Union,mIOU,Overlap of predicted and expected segmentation divided by the union size.,0.0,100.0,10.0,True,50.0
ffnet_122ns_lowres,float,qnn_dlc,76.2,,76.2,66.33,,,,,,,,,,2026-10-04,main,qualcomm-snapdragon-8-elite-for-galaxy,cityscapes_low_res,https://www.cityscapes-dataset.com/,validation split,Mean Intersection Over Union,mIOU,Overlap of predicted and expected segmentation divided by the union size.,0.0,100.0,10.0,True,50.0
ffnet_122ns_lowres,float,qnn_dlc_via_qnn_ep,76.2,,76.2,66.33,,,,,,,,,,2026-10-04,main,qualcomm-snapdragon-8-elite-for-galaxy,cityscapes_low_res,https://www.cityscapes-dataset.com/,validation split,Mean Intersection Over Union,mIOU,Overlap of predicted and expected segmentation divided by the union size.,0.0,100.0,10.0,True,50.0
ffnet_122ns_lowres,float,onnx,76.2,,76.2,65.83,,,,,,,,,,2026-10-04,main,qualcomm-snapdragon-8-elite-for-galaxy,cityscapes_low_res,https://www.cityscapes-dataset.com/,validation split,Mean Intersection Over Union,mIOU,Overlap of predicted and expected segmentation divided by the union size.,0.0,100.0,10.0,True,50.0
ffnet_122ns_lowres,w8a8,tflite,76.2,76.2,76.2,7.063,,,,,,,,,,2026-10-04,main,qualcomm-snapdragon-8-elite-for-galaxy,cityscapes_low_res,https://www.cityscapes-dataset.com/,validation split,Mean Intersection Over Union,mIOU,Overlap of predicted and expected segmentation divided by the union size.,0.0,100.0,10.0,True,50.0
ffnet_122ns_lowres,w8a8,qnn_dlc,76.2,76.2,76.0,7.063,,,,,,,,,,2026-10-04,main,qualcomm-snapdragon-8-elite-for-galaxy,cityscapes_low_res,https://www.cityscapes-dataset.com/,validation split,Mean Intersection Over Union,mIOU,Overlap of predicted and expected segmentation divided by the union size.,0.0,100.0,10.0,True,50.0
ffnet_122ns_lowres,w8a8,qnn_dlc_via_qnn_ep,76.2,76.2,76.2,7.064,,,,,,,,,,2026-10-04,main,qualcomm-snapdragon-8-elite-for-galaxy,cityscapes_low_res,https://www.cityscapes-dataset.com/,validation split,Mean Intersection Over Union,mIOU,Overlap of predicted and expected segmentation divided by the union size.,0.0,100.0,10.0,True,50.0
ffnet_122ns_lowres,w8a8,onnx,76.2,76.2,76.2,7.064,,,,,,,,,,2026-10-04,main,qualcomm-snapdragon-8-elite-for-galaxy,cityscapes_low_res,https://www.cityscapes-dataset.com/,validation split,Mean Intersection Over Union,mIOU,Overlap of predicted and expected segmentation divided by the union size.,0.0,100.0,10.0,True,50.0
ffnet_78s_lowres,float,tflite,77.3,,77.3,66.87,,,,,,,,,,2026-10-04,main,qualcomm-snapdragon-8-elite-for-galaxy,cityscapes_low_res,https://www.cityscapes-dataset.com/,validation split,Mean Intersection Over Union,mIOU,Overlap of predicted and expected segmentation divided by the union size.,0.0,100.0,10.0,True,50.0
ffnet_78s_lowres,float,qnn_dlc,77.3,,77.3,66.87,,,,,,,,,,2026-10-04,main,qualcomm-snapdragon-8-elite-for-galaxy,cityscapes_low_res,https://www.cityscapes-dataset.com/,validation split,Mean Intersection Over Union,mIOU,Overlap of predicted and expected segmentation divided by the union size.,0.0,100.0,10.0,True,50.0
ffnet_78s_lowres,float,qnn_dlc_via_qnn_ep,77.3,,77.3,66.87,,,,,,,,,,2026-10-04,main,qualcomm-snapdragon-8-elite-for-galaxy,cityscapes_low_res,https://www.cityscapes-dataset.com/,validation split,Mean Intersection Over Union,mIOU,Overlap of predicted and expected segmentation divided by the union size.,0.0,100.0,10.0,True,50.0
ffnet_78s_lowres,float,onnx,77.3,,77.3,66.49,,,,,,,,,,2026-10-04,main,qualcomm-snapdragon-8-elite-for-galaxy,cityscapes_low_res,https://www.cityscapes-dataset.com/,validation split,Mean Intersection Over Union,mIOU,Overlap of predicted and expected segmentation divided by the union size.,0.0,100.0,10.0,True,50.0
ffnet_78s_lowres,w8a8,tflite,77.3,77.2,77.3,6.003,,,,,,,,,,2026-10-04,main,qualcomm-snapdragon-8-elite-for-galaxy,cityscapes_low_res,https://www.cityscapes-dataset.com/,validation split,Mean Intersection Over Union,mIOU,Overlap of predicted and expected segmentation divided by the union size.,0.0,100.0,10.0,True,50.0
ffnet_78s_lowres,w8a8,qnn_dlc,77.3,77.2,77.4,6.004,,,,,,,,,,2026-10-04,main,qualcomm-snapdragon-8-elite-for-galaxy,cityscapes_low_res,https://www.cityscapes-dataset.com/,validation split,Mean Intersection Over Union,mIOU,Overlap of predicted and expected segmentation divided by the union size.,0.0,100.0,10.0,True,50.0
ffnet_78s_lowres,w8a8,qnn_dlc_via_qnn_ep,77.3,77.2,77.4,6.004,,,,,,,,,,2026-10-04,main,qualcomm-snapdragon-8-elite-for-galaxy,cityscapes_low_res,https://www.cityscapes-dataset.com/,validation split,Mean Intersection Over Union,mIOU,Overlap of predicted and expected segmentation divided by the union size.,0.0,100.0,10.0,True,50.0
ffnet_78s_lowres,w8a8,onnx,77.3,77.2,77.4,6.004,,,,,,,,,,2026-10-04,main,qualcomm-snapdragon-8-elite-for-galaxy,cityscapes_low_res,https://www.cityscapes-dataset.com/,validation split,Mean Intersection Over Union,mIOU,Overlap of predicted and expected segmentation divided by the union size.,0.0,100.0,10.0,True,50.0
foot_track_net,float,tflite,62.7,,,,,,,,,,,,,2026-10-04,main,qualcomm-snapdragon-8-elite-for-galaxy,foot_track,,,,,,,,,,
foot_track_net,float,qnn_dlc,62.7,,,,,,,,,,,,,2026-10-04,main,qualcomm-snapdragon-8-elite-for-galaxy,foot_track,,,,,,,,,,
foot_track_net,float,qnn_dlc_via_qnn_ep,62.7,,,,,,,,,,,,,2026-10-04,main,qualcomm-snapdragon-8-elite-for-galaxy,foot_track,,,,,,,,,,
foot_track_net,float,onnx,62.7,,,,,,,,,,,,,2026-10-04,main,qualcomm-snapdragon-8-elite-for-galaxy,foot_track,,,,,,,,,,
foot_track_net,w8a16,qnn_dlc,62.7,62.8,,,,,,,,,,,,2026-10-04,main,qualcomm-snapdragon-8-elite-for-galaxy,foot_track,,,,,,,,,,
foot_track_net,w8a16,qnn_dlc_via_qnn_ep,62.7,62.8,,,,,,,,,,,,2026-10-04,main,qualcomm-snapdragon-8-elite-for-galaxy,foot_track,,,,,,,,,,
foot_track_net,w8a16,onnx,62.7,62.8,,,,,,,,,,,,2026-10-04,main,qualcomm-snapdragon-8-elite-for-galaxy,foot_track,,,,,,,,,,
foot_track_net,w8a8,tflite,62.7,61.2,,,,,,,,,,,,2026-10-04,main,qualcomm-snapdragon-8-elite-for-galaxy,foot_track,,,,,,,,,,
foot_track_net,w8a8,qnn_dlc,62.7,61.2,,,,,,,,,,,,2026-10-04,main,qualcomm-snapdragon-8-elite-for-galaxy,foot_track,,,,,,,,,,
foot_track_net,w8a8,qnn_dlc_via_qnn_ep,62.7,61.2,,,,,,,,,,,,2026-10-04,main,qualcomm-snapdragon-8-elite-for-galaxy,foot_track,,,,,,,,,,
foot_track_net,w8a8,onnx,62.7,61.2,,,,,,,,,,,,2026-10-04,main,qualcomm-snapdragon-8-elite-for-galaxy,foot_track,,,,,,,,,,
hrnet_face,float,tflite,0.0335,,0.0335,84.23,,,,,,,,,,2026-10-04,main,qualcomm-snapdragon-8-elite-for-galaxy,cofw,https://1drv.ms/u/s!AiWjZ1LamlxzdmYbSkHpPYhI8Ms,COFW train or test split,Normalized Mean Error,NME,Average keypoint error normalized by inter-ocular distance (COFW dataset).,0.0,,0.01,False,507.0
hrnet_face,float,qnn_dlc,0.0335,,0.0335,84.23,,,,,,,,,,2026-10-04,main,qualcomm-snapdragon-8-elite-for-galaxy,cofw,https://1drv.ms/u/s!AiWjZ1LamlxzdmYbSkHpPYhI8Ms,COFW train or test split,Normalized Mean Error,NME,Average keypoint error normalized by inter-ocular distance (COFW dataset).,0.0,,0.01,False,507.0
hrnet_face,float,qnn_dlc_via_qnn_ep,0.0335,,0.0335,84.23,,,,,,,,,,2026-10-04,main,qualcomm-snapdragon-8-elite-for-galaxy,cofw,https://1drv.ms/u/s!AiWjZ1LamlxzdmYbSkHpPYhI8Ms,COFW train or test split,Normalized Mean Error,NME,Average keypoint error normalized by inter-ocular distance (COFW dataset).,0.0,,0.01,False,507.0
hrnet_face,float,onnx,0.0335,,0.0335,83.84,,,,,,,,,,2026-10-04,main,qualcomm-snapdragon-8-elite-for-galaxy,cofw,https://1drv.ms/u/s!AiWjZ1LamlxzdmYbSkHpPYhI8Ms,COFW train or test split,Normalized Mean Error,NME,Average keypoint error normalized by inter-ocular distance (COFW dataset).,0.0,,0.01,False,507.0
hrnet_face,w8a8,tflite,0.0335,0.0335,0.0348,23.95,,,,,,,,,,2026-10-04,main,qualcomm-snapdragon-8-elite-for-galaxy,cofw,https://1drv.ms/u/s!AiWjZ1LamlxzdmYbSkHpPYhI8Ms,COFW train or test split,Normalized Mean Error,NME,Average keypoint error normalized by inter-ocular distance (COFW dataset).,0.0,,0.01,False,507.0
hrnet_face,w8a8,qnn_dlc,0.0335,0.0335,0.0348,23.95,,,,,,,,,,2026-10-04,main,qualcomm-snapdragon-8-elite-for-galaxy,cofw,https://1drv.ms/u/s!AiWjZ1LamlxzdmYbSkHpPYhI8Ms,COFW train or test split,Normalized Mean Error,NME,Average keypoint error normalized by inter-ocular distance (COFW dataset).,0.0,,0.01,False,507.0
hrnet_face,w8a8,qnn_dlc_via_qnn_ep,0.0335,0.0335,0.0348,23.95,,,,,,,,,,2026-10-04,main,qualcomm-snapdragon-8-elite-for-galaxy,cofw,https://1drv.ms/u/s!AiWjZ1LamlxzdmYbSkHpPYhI8Ms,COFW train or test split,Normalized Mean Error,NME,Average keypoint error normalized by inter-ocular distance (COFW dataset).,0.0,,0.01,False,507.0
hrnet_face,w8a8,onnx,0.0335,0.0335,0.0348,23.95,,,,,,,,,,2026-10-04,main,qualcomm-snapdragon-8-elite-for-galaxy,cofw,https://1drv.ms/u/s!AiWjZ1LamlxzdmYbSkHpPYhI8Ms,COFW train or test split,Normalized Mean Error,NME,Average keypoint error normalized by inter-ocular distance (COFW dataset).,0.0,,0.01,False,507.0
hrnet_pose,float,tflite,68.6,,68.5,79.14,,,,,,,,,,2026-10-04,main,qualcomm-snapdragon-8-elite-for-galaxy,coco_detector_keypoints,http://images.cocodataset.org/,val2017 split,Mean Average Precision,mAP,Mean Average Precision (across predicted classes).,0.0,100.0,10.0,True,1000.0
hrnet_pose,float,qnn_dlc,68.6,,68.5,79.14,,,,,,,,,,2026-10-04,main,qualcomm-snapdragon-8-elite-for-galaxy,coco_detector_keypoints,http://images.cocodataset.org/,val2017 split,Mean Average Precision,mAP,Mean Average Precision (across predicted classes).,0.0,100.0,10.0,True,1000.0
hrnet_pose,float,qnn_dlc_via_qnn_ep,68.6,,68.5,79.14,,,,,,,,,,2026-10-04,main,qualcomm-snapdragon-8-elite-for-galaxy,coco_detector_keypoints,http://images.cocodataset.org/,val2017 split,Mean Average Precision,mAP,Mean Average Precision (across predicted classes).,0.0,100.0,10.0,True,1000.0
hrnet_pose,float,onnx,68.6,,68.6,78.13,,,,,,,,,,2026-10-04,main,qualcomm-snapdragon-8-elite-for-galaxy,coco_detector_keypoints,http://images.cocodataset.org/,val2017 split,Mean Average Precision,mAP,Mean Average Precision (across predicted classes).,0.0,100.0,10.0,True,1000.0
hrnet_pose,w8a16,qnn_dlc,68.6,68.6,63.1,25.73,,,,,,,,,,2026-10-04,main,qualcomm-snapdragon-8-elite-for-galaxy,coco_detector_keypoints,http://images.cocodataset.org/,val2017 split,Mean Average Precision,mAP,Mean Average Precision (across predicted classes).,0.0,100.0,10.0,True,1000.0
hrnet_pose,w8a16,qnn_dlc_via_qnn_ep,68.6,68.6,63.1,25.73,,,,,,,,,,2026-10-04,main,qualcomm-snapdragon-8-elite-for-galaxy,coco_detector_keypoints,http://images.cocodataset.org/,val2017 split,Mean Average Precision,mAP,Mean Average Precision (across predicted classes).,0.0,100.0,10.0,True,1000.0
hrnet_pose,w8a16,onnx,68.6,68.6,63.1,25.73,,,,,,,,,,2026-10-04,main,qualcomm-snapdragon-8-elite-for-galaxy,coco_detector_keypoints,http://images.cocodataset.org/,val2017 split,Mean Average Precision,mAP,Mean Average Precision (across predicted classes).,0.0,100.0,10.0,True,1000.0
hrnet_pose,w8a8,tflite,68.6,68.3,63.6,24.64,,,,,,,,,,2026-10-04,main,qualcomm-snapdragon-8-elite-for-galaxy,coco_detector_keypoints,http://images.cocodataset.org/,val2017 split,Mean Average Precision,mAP,Mean Average Precision (across predicted classes).,0.0,100.0,10.0,True,1000.0
hrnet_pose,w8a8,qnn_dlc,68.6,68.3,63.9,24.64,,,,,,,,,,2026-10-04,main,qualcomm-snapdragon-8-elite-for-galaxy,coco_detector_keypoints,http://images.cocodataset.org/,val2017 split,Mean Average Precision,mAP,Mean Average Precision (across predicted classes).,0.0,100.0,10.0,True,1000.0
hrnet_pose,w8a8,qnn_dlc_via_qnn_ep,68.6,68.3,63.9,24.64,,,,,,,,,,2026-10-04,main,qualcomm-snapdragon-8-elite-for-galaxy,coco_detector_keypoints,http://images.cocodataset.org/,val2017 split,Mean Average Precision,mAP,Mean Average Precision (across predicted classes).,0.0,100.0,10.0,True,1000.0
hrnet_pose,w8a8,onnx,68.6,68.3,63.9,24.64,,,,,,,,,,2026-10-04,main,qualcomm-snapdragon-8-elite-for-galaxy,coco_detector_keypoints,http://images.cocodataset.org/,val2017 split,Mean Average Precision,mAP,Mean Average Precision (across predicted classes).,0.0,100.0,10.0,True,1000.0
hrnet_w48_ocr,float,tflite,80.0,,80.0,111.4,,,,,,,,,,2026-10-04,main,qualcomm-snapdragon-8-elite-for-galaxy,cityscapes,https://www.cityscapes-dataset.com/,validation split,Mean Intersection Over Union,mIOU,Overlap of predicted and expected segmentation divided by the union size.,0.0,100.0,10.0,True,50.0
hrnet_w48_ocr,float,qnn_dlc,80.0,,,,,,,,,,,,,2026-10-04,main,qualcomm-snapdragon-8-elite-for-galaxy,cityscapes,https://www.cityscapes-dataset.com/,validation split,Mean Intersection Over Union,mIOU,Overlap of predicted and expected segmentation divided by the union size.,0.0,100.0,10.0,True,50.0
hrnet_w48_ocr,float,qnn_dlc_via_qnn_ep,80.0,,79.9,43.62,,,,,,,,,,2026-10-04,main,qualcomm-snapdragon-8-elite-for-galaxy,cityscapes,https://www.cityscapes-dataset.com/,validation split,Mean Intersection Over Union,mIOU,Overlap of predicted and expected segmentation divided by the union size.,0.0,100.0,10.0,True,50.0
hrnet_w48_ocr,float,onnx,80.0,,79.9,43.6,,,,,,,,,,2026-10-04,main,qualcomm-snapdragon-8-elite-for-galaxy,cityscapes,https://www.cityscapes-dataset.com/,validation split,Mean Intersection Over Union,mIOU,Overlap of predicted and expected segmentation divided by the union size.,0.0,100.0,10.0,True,50.0
hrnet_w48_ocr,w8a16,qnn_dlc,80.0,80.0,,,,,,,,,,,,2026-10-04,main,qualcomm-snapdragon-8-elite-for-galaxy,cityscapes,https://www.cityscapes-dataset.com/,validation split,Mean Intersection Over Union,mIOU,Overlap of predicted and expected segmentation divided by the union size.,0.0,100.0,10.0,True,50.0
hrnet_w48_ocr,w8a16,qnn_dlc_via_qnn_ep,80.0,80.0,,,,,,,,,,,,2026-10-04,main,qualcomm-snapdragon-8-elite-for-galaxy,cityscapes,https://www.cityscapes-dataset.com/,validation split,Mean Intersection Over Union,mIOU,Overlap of predicted and expected segmentation divided by the union size.,0.0,100.0,10.0,True,50.0
inception_v4,float,tflite,79.0,,79.0,80.26,,,,,,,,,,2026-10-04,main,qualcomm-snapdragon-8-elite-for-galaxy,imagenet_inception_v4,https://www.image-net.org/,validation split,Top-1 Accuracy,%,Percentage of top 1 model predictions that are correct.,0.0,100.0,10.0,True,1000.0
inception_v4,float,qnn_dlc,79.0,,78.9,82.07,,,,,,,,,,2026-10-04,main,qualcomm-snapdragon-8-elite-for-galaxy,imagenet_inception_v4,https://www.image-net.org/,validation split,Top-1 Accuracy,%,Percentage of top 1 model predictions that are correct.,0.0,100.0,10.0,True,1000.0
inception_v4,float,qnn_dlc_via_qnn_ep,79.0,,78.9,82.07,,,,,,,,,,2026-10-04,main,qualcomm-snapdragon-8-elite-for-galaxy,imagenet_inception_v4,https://www.image-net.org/,validation split,Top-1 Accuracy,%,Percentage of top 1 model predictions that are correct.,0.0,100.0,10.0,True,1000.0
inception_v4,float,onnx,79.0,,79.0,80.85,,,,,,,,,,2026-10-04,main,qualcomm-snapdragon-8-elite-for-galaxy,imagenet_inception_v4,https://www.image-net.org/,validation split,Top-1 Accuracy,%,Percentage of top 1 model predictions that are correct.,0.0,100.0,10.0,True,1000.0
inception_v4,w8a8,tflite,79.0,79.3,78.8,15.03,,,,,,,,,,2026-10-04,main,qualcomm-snapdragon-8-elite-for-galaxy,imagenet_inception_v4,https://www.image-net.org/,validation split,Top-1 Accuracy,%,Percentage of top 1 model predictions that are correct.,0.0,100.0,10.0,True,1000.0
inception_v4,w8a8,qnn_dlc,79.0,79.3,78.9,15.04,,,,,,,,,,2026-10-04,main,qualcomm-snapdragon-8-elite-for-galaxy,imagenet_inception_v4,https://www.image-net.org/,validation split,Top-1 Accuracy,%,Percentage of top 1 model predictions that are correct.,0.0,100.0,10.0,True,1000.0
inception_v4,w8a8,qnn_dlc_via_qnn_ep,79.0,79.3,78.9,15.04,,,,,,,,,,2026-10-04,main,qualcomm-snapdragon-8-elite-for-galaxy,imagenet_inception_v4,https://www.image-net.org/,validation split,Top-1 Accuracy,%,Percentage of top 1 model predictions that are correct.,0.0,100.0,10.0,True,1000.0
inception_v4,w8a8,onnx,79.0,79.3,78.9,15.04,,,,,,,,,,2026-10-04,main,qualcomm-snapdragon-8-elite-for-galaxy,imagenet_inception_v4,https://www.image-net.org/,validation split,Top-1 Accuracy,%,Percentage of top 1 model predictions that are correct.,0.0,100.0,10.0,True,1000.0
levit,float,tflite,73.7,,73.9,59.4,,,,,,,,,,2026-10-04,main,qualcomm-snapdragon-8-elite-for-galaxy,imagenet,https://www.image-net.org/,validation split,Top-1 Accuracy,%,Percentage of top 1 model predictions that are correct.,0.0,100.0,10.0,True,1000.0
levit,float,qnn_dlc,73.7,,73.8,58.75,,,,,,,,,,2026-10-04,main,qualcomm-snapdragon-8-elite-for-galaxy,imagenet,https://www.image-net.org/,validation split,Top-1 Accuracy,%,Percentage of top 1 model predictions that are correct.,0.0,100.0,10.0,True,1000.0
levit,float,qnn_dlc_via_qnn_ep,73.7,,73.8,58.75,,,,,,,,,,2026-10-04,main,qualcomm-snapdragon-8-elite-for-galaxy,imagenet,https://www.image-net.org/,validation split,Top-1 Accuracy,%,Percentage of top 1 model predictions that are correct.,0.0,100.0,10.0,True,1000.0
levit,float,onnx,73.7,,73.9,58.88,,,,,,,,,,2026-10-04,main,qualcomm-snapdragon-8-elite-for-galaxy,imagenet,https://www.image-net.org/,validation split,Top-1 Accuracy,%,Percentage of top 1 model predictions that are correct.,0.0,100.0,10.0,True,1000.0
levit,w8a8_mixed_int16,qnn_dlc,73.7,73.4,0.2,8.739,,,,,,,,,,2026-10-04,main,qualcomm-snapdragon-8-elite-for-galaxy,imagenet,https://www.image-net.org/,validation split,Top-1 Accuracy,%,Percentage of top 1 model predictions that are correct.,0.0,100.0,10.0,True,1000.0
levit,w8a8_mixed_int16,qnn_dlc_via_qnn_ep,73.7,73.4,,,,,,,,,,,,2026-10-04,main,qualcomm-snapdragon-8-elite-for-galaxy,imagenet,https://www.image-net.org/,validation split,Top-1 Accuracy,%,Percentage of top 1 model predictions that are correct.,0.0,100.0,10.0,True,1000.0
levit,w8a8_mixed_int16,onnx,73.7,73.4,73.3,11.09,,,,,,,,,,2026-10-04,main,qualcomm-snapdragon-8-elite-for-galaxy,imagenet,https://www.image-net.org/,validation split,Top-1 Accuracy,%,Percentage of top 1 model predictions that are correct.,0.0,100.0,10.0,True,1000.0
levit,w8a16,qnn_dlc,73.7,72.9,72.7,10.58,,,,,,,,,,2026-10-04,main,qualcomm-snapdragon-8-elite-for-galaxy,imagenet,https://www.image-net.org/,validation split,Top-1 Accuracy,%,Percentage of top 1 model predictions that are correct.,0.0,100.0,10.0,True,1000.0
levit,w8a16,qnn_dlc_via_qnn_ep,73.7,72.9,72.8,10.58,,,,,,,,,,2026-10-04,main,qualcomm-snapdragon-8-elite-for-galaxy,imagenet,https://www.image-net.org/,validation split,Top-1 Accuracy,%,Percentage of top 1 model predictions that are correct.,0.0,100.0,10.0,True,1000.0
levit,w8a16,onnx,73.7,72.9,73.6,10.58,,,,,,,,,,2026-10-04,main,qualcomm-snapdragon-8-elite-for-galaxy,imagenet,https://www.image-net.org/,validation split,Top-1 Accuracy,%,Percentage of top 1 model predictions that are correct.,0.0,100.0,10.0,True,1000.0
litehrnet,float,tflite,58.0,,58.3,34.1,45.77,63.79,,,,,,,,2026-10-04,main,qualcomm-snapdragon-8-elite-for-galaxy,coco_whole_body,http://images.cocodataset.org/,val2017 split,Mean Average Precision,mAP,Mean Average Precision (across predicted classes).,0.0,100.0,10.0,True,500.0
litehrnet,float,qnn_dlc,58.0,,58.3,34.1,45.77,63.79,,,,,,,,2026-10-04,main,qualcomm-snapdragon-8-elite-for-galaxy,coco_whole_body,http://images.cocodataset.org/,val2017 split,Mean Average Precision,mAP,Mean Average Precision (across predicted classes).,0.0,100.0,10.0,True,500.0
litehrnet,float,qnn_dlc_via_qnn_ep,58.0,,58.1,32.44,45.77,63.79,,,,,,,,2026-10-04,main,qualcomm-snapdragon-8-elite-for-galaxy,coco_whole_body,http://images.cocodataset.org/,val2017 split,Mean Average Precision,mAP,Mean Average Precision (across predicted classes).,0.0,100.0,10.0,True,500.0
litehrnet,float,onnx,58.0,,58.1,32.44,45.77,63.79,,,,,,,,2026-10-04,main,qualcomm-snapdragon-8-elite-for-galaxy,coco_whole_body,http://images.cocodataset.org/,val2017 split,Mean Average Precision,mAP,Mean Average Precision (across predicted classes).,0.0,100.0,10.0,True,500.0
mediapipe_hand,float,tflite,,,,77.74,75.76,200.0,19.98,79.38,,,,,,2026-10-04,main,qualcomm-snapdragon-8-elite-for-galaxy,,,,,,,,,,,
mediapipe_hand,float,qnn_dlc,,,,77.74,75.76,200.0,19.98,79.42,,,,,,2026-10-04,main,qualcomm-snapdragon-8-elite-for-galaxy,,,,,,,,,,,
mediapipe_hand,float,qnn_dlc_via_qnn_ep,,,,77.74,75.76,200.0,19.98,79.42,,,,,,2026-10-04,main,qualcomm-snapdragon-8-elite-for-galaxy,,,,,,,,,,,
mediapipe_hand,float,onnx,,,,77.56,75.63,200.0,19.53,79.24,,,,,,2026-10-04,main,qualcomm-snapdragon-8-elite-for-galaxy,,,,,,,,,,,
minilm_v2,float,tflite,80.0,,80.0,53.98,,,,,,,,,,2026-10-04,main,qualcomm-snapdragon-8-elite-for-galaxy,mini_lm_amazon_counterfactual,,,,,,,,,,100.0
minilm_v2,float,qnn_dlc,80.0,,80.0,53.99,,,,,,,,,,2026-10-04,main,qualcomm-snapdragon-8-elite-for-galaxy,mini_lm_amazon_counterfactual,,,,,,,,,,100.0
minilm_v2,float,qnn_dlc_via_qnn_ep,80.0,,80.0,23.83,,,,,,,,,,2026-10-04,main,qualcomm-snapdragon-8-elite-for-galaxy,mini_lm_amazon_counterfactual,,,,,,,,,,100.0
minilm_v2,float,onnx,80.0,,80.0,53.98,,,,,,,,,,2026-10-04,main,qualcomm-snapdragon-8-elite-for-galaxy,mini_lm_amazon_counterfactual,,,,,,,,,,100.0
minilm_v2,w8a8,tflite,80.0,80.0,75.0,4.592,,,,,,,,,,2026-10-04,main,qualcomm-snapdragon-8-elite-for-galaxy,mini_lm_amazon_counterfactual,,,,,,,,,,100.0
minilm_v2,w8a8,qnn_dlc,80.0,80.0,75.0,4.301,,,,,,,,,,2026-10-04,main,qualcomm-snapdragon-8-elite-for-galaxy,mini_lm_amazon_counterfactual,,,,,,,,,,100.0
minilm_v2,w8a8,qnn_dlc_via_qnn_ep,80.0,80.0,75.0,4.502,,,,,,,,,,2026-10-04,main,qualcomm-snapdragon-8-elite-for-galaxy,mini_lm_amazon_counterfactual,,,,,,,,,,100.0
minilm_v2,w8a8,onnx,80.0,80.0,75.0,4.502,,,,,,,,,,2026-10-04,main,qualcomm-snapdragon-8-elite-for-galaxy,mini_lm_amazon_counterfactual,,,,,,,,,,100.0
mobile_facenet,float,tflite,98.2,,98.2,63.47,,,,,,,,,,2026-10-04,main,qualcomm-snapdragon-8-elite-for-galaxy,lfw,http://vis-www.cs.umass.edu/lfw/,LFW standard test split (6000 pairs),Accuracy,%,Verification accuracy on LFW pairs: fraction of same/different predictions that match ground truth at the cosine-angle threshold.,0.0,100.0,10.0,True,500.0
mobile_facenet,float,qnn_dlc,98.2,,98.2,63.47,,,,,,,,,,2026-10-04,main,qualcomm-snapdragon-8-elite-for-galaxy,lfw,http://vis-www.cs.umass.edu/lfw/,LFW standard test split (6000 pairs),Accuracy,%,Verification accuracy on LFW pairs: fraction of same/different predictions that match ground truth at the cosine-angle threshold.,0.0,100.0,10.0,True,500.0
mobile_facenet,float,qnn_dlc_via_qnn_ep,98.2,,98.2,63.47,,,,,,,,,,2026-10-04,main,qualcomm-snapdragon-8-elite-for-galaxy,lfw,http://vis-www.cs.umass.edu/lfw/,LFW standard test split (6000 pairs),Accuracy,%,Verification accuracy on LFW pairs: fraction of same/different predictions that match ground truth at the cosine-angle threshold.,0.0,100.0,10.0,True,500.0
mobile_facenet,float,onnx,98.2,,98.2,63.47,,,,,,,,,,2026-10-04,main,qualcomm-snapdragon-8-elite-for-galaxy,lfw,http://vis-www.cs.umass.edu/lfw/,LFW standard test split (6000 pairs),Accuracy,%,Verification accuracy on LFW pairs: fraction of same/different predictions that match ground truth at the cosine-angle threshold.,0.0,100.0,10.0,True,500.0
mobile_facenet,w8a16,qnn_dlc,98.2,98.2,100.0,6.152,,,,,,,,,,2026-10-04,main,qualcomm-snapdragon-8-elite-for-galaxy,lfw,http://vis-www.cs.umass.edu/lfw/,LFW standard test split (6000 pairs),Accuracy,%,Verification accuracy on LFW pairs: fraction of same/different predictions that match ground truth at the cosine-angle threshold.,0.0,100.0,10.0,True,500.0
mobile_facenet,w8a16,qnn_dlc_via_qnn_ep,98.2,98.2,100.0,6.151,,,,,,,,,,2026-10-04,main,qualcomm-snapdragon-8-elite-for-galaxy,lfw,http://vis-www.cs.umass.edu/lfw/,LFW standard test split (6000 pairs),Accuracy,%,Verification accuracy on LFW pairs: fraction of same/different predictions that match ground truth at the cosine-angle threshold.,0.0,100.0,10.0,True,500.0
mobile_facenet,w8a16,onnx,98.2,98.2,100.0,6.151,,,,,,,,,,2026-10-04,main,qualcomm-snapdragon-8-elite-for-galaxy,lfw,http://vis-www.cs.umass.edu/lfw/,LFW standard test split (6000 pairs),Accuracy,%,Verification accuracy on LFW pairs: fraction of same/different predictions that match ground truth at the cosine-angle threshold.,0.0,100.0,10.0,True,500.0
mobilenet_v3_large,float,tflite,72.1,,72.1,62.11,,,,,,,,,,2026-10-04,main,qualcomm-snapdragon-8-elite-for-galaxy,imagenet,https://www.image-net.org/,validation split,Top-1 Accuracy,%,Percentage of top 1 model predictions that are correct.,0.0,100.0,10.0,True,1000.0
mobilenet_v3_large,float,qnn_dlc,72.1,,72.0,62.17,,,,,,,,,,2026-10-04,main,qualcomm-snapdragon-8-elite-for-galaxy,imagenet,https://www.image-net.org/,validation split,Top-1 Accuracy,%,Percentage of top 1 model predictions that are correct.,0.0,100.0,10.0,True,1000.0
mobilenet_v3_large,float,qnn_dlc_via_qnn_ep,72.1,,72.0,62.17,,,,,,,,,,2026-10-04,main,qualcomm-snapdragon-8-elite-for-galaxy,imagenet,https://www.image-net.org/,validation split,Top-1 Accuracy,%,Percentage of top 1 model predictions that are correct.,0.0,100.0,10.0,True,1000.0
mobilenet_v3_large,float,onnx,72.1,,72.0,62.06,,,,,,,,,,2026-10-04,main,qualcomm-snapdragon-8-elite-for-galaxy,imagenet,https://www.image-net.org/,validation split,Top-1 Accuracy,%,Percentage of top 1 model predictions that are correct.,0.0,100.0,10.0,True,1000.0
mobilenet_v3_large,w8a8,tflite,72.1,70.2,70.5,9.291,,,,,,,,,,2026-10-04,main,qualcomm-snapdragon-8-elite-for-galaxy,imagenet,https://www.image-net.org/,validation split,Top-1 Accuracy,%,Percentage of top 1 model predictions that are correct.,0.0,100.0,10.0,True,1000.0
mobilenet_v3_large,w8a8,qnn_dlc,72.1,70.2,71.0,9.274,,,,,,,,,,2026-10-04,main,qualcomm-snapdragon-8-elite-for-galaxy,imagenet,https://www.image-net.org/,validation split,Top-1 Accuracy,%,Percentage of top 1 model predictions that are correct.,0.0,100.0,10.0,True,1000.0
mobilenet_v3_large,w8a8,qnn_dlc_via_qnn_ep,72.1,70.2,71.0,9.274,,,,,,,,,,2026-10-04,main,qualcomm-snapdragon-8-elite-for-galaxy,imagenet,https://www.image-net.org/,validation split,Top-1 Accuracy,%,Percentage of top 1 model predictions that are correct.,0.0,100.0,10.0,True,1000.0
mobilenet_v3_large,w8a8,onnx,72.1,70.2,71.0,9.274,,,,,,,,,,2026-10-04,main,qualcomm-snapdragon-8-elite-for-galaxy,imagenet,https://www.image-net.org/,validation split,Top-1 Accuracy,%,Percentage of top 1 model predictions that are correct.,0.0,100.0,10.0,True,1000.0
owl_vit,float,tflite,50.7,,50.4,57.37,67.78,100.0,,,,,,,,2026-10-04,main,qualcomm-snapdragon-8-elite-for-galaxy,base_coco_owl,https://cocodataset.org/,"COCO val2017 - one (image, class) pair per sample, single text query per inference",Mean Average Precision,mAP@0.5:0.95,Mean Average Precision averaged over IOU thresholds 0.5 to 0.95 in 0.05 increments.,0.0,100.0,10.0,True,100.0
owl_vit,float,qnn_dlc,50.7,,50.4,57.37,67.91,100.0,,,,,,,,2026-10-04,main,qualcomm-snapdragon-8-elite-for-galaxy,base_coco_owl,https://cocodataset.org/,"COCO val2017 - one (image, class) pair per sample, single text query per inference",Mean Average Precision,mAP@0.5:0.95,Mean Average Precision averaged over IOU thresholds 0.5 to 0.95 in 0.05 increments.,0.0,100.0,10.0,True,100.0
owl_vit,float,qnn_dlc_via_qnn_ep,50.7,,50.4,57.37,67.94,100.0,,,,,,,,2026-10-04,main,qualcomm-snapdragon-8-elite-for-galaxy,base_coco_owl,https://cocodataset.org/,"COCO val2017 - one (image, class) pair per sample, single text query per inference",Mean Average Precision,mAP@0.5:0.95,Mean Average Precision averaged over IOU thresholds 0.5 to 0.95 in 0.05 increments.,0.0,100.0,10.0,True,100.0
owl_vit,float,onnx,50.7,,50.4,57.38,67.74,100.0,,,,,,,,2026-10-04,main,qualcomm-snapdragon-8-elite-for-galaxy,base_coco_owl,https://cocodataset.org/,"COCO val2017 - one (image, class) pair per sample, single text query per inference",Mean Average Precision,mAP@0.5:0.95,Mean Average Precision averaged over IOU thresholds 0.5 to 0.95 in 0.05 increments.,0.0,100.0,10.0,True,100.0
quicksrnetmedium,float,tflite,28.9,,28.9,63.7,,,,,,,,,,2026-10-04,main,qualcomm-snapdragon-8-elite-for-galaxy,set14,https://huggingface.co/datasets/eugenesiow/Set14,all 14 standard SR benchmark images,Peak Signal-to-Noise Ratio (PSNR),dB,A measure of how similar two images are.,0.0,,10.0,True,14.0
quicksrnetmedium,float,qnn_dlc,28.9,,28.9,63.7,,,,,,,,,,2026-10-04,main,qualcomm-snapdragon-8-elite-for-galaxy,set14,https://huggingface.co/datasets/eugenesiow/Set14,all 14 standard SR benchmark images,Peak Signal-to-Noise Ratio (PSNR),dB,A measure of how similar two images are.,0.0,,10.0,True,14.0
quicksrnetmedium,float,qnn_dlc_via_qnn_ep,28.9,,28.9,63.7,,,,,,,,,,2026-10-04,main,qualcomm-snapdragon-8-elite-for-galaxy,set14,https://huggingface.co/datasets/eugenesiow/Set14,all 14 standard SR benchmark images,Peak Signal-to-Noise Ratio (PSNR),dB,A measure of how similar two images are.,0.0,,10.0,True,14.0
quicksrnetmedium,float,onnx,28.9,,28.9,63.7,,,,,,,,,,2026-10-04,main,qualcomm-snapdragon-8-elite-for-galaxy,set14,https://huggingface.co/datasets/eugenesiow/Set14,all 14 standard SR benchmark images,Peak Signal-to-Noise Ratio (PSNR),dB,A measure of how similar two images are.,0.0,,10.0,True,14.0
quicksrnetmedium,w8a8,tflite,28.9,28.8,-40.8,5.591,,,,,,,,,,2026-10-04,main,qualcomm-snapdragon-8-elite-for-galaxy,set14,https://huggingface.co/datasets/eugenesiow/Set14,all 14 standard SR benchmark images,Peak Signal-to-Noise Ratio (PSNR),dB,A measure of how similar two images are.,0.0,,10.0,True,14.0
quicksrnetmedium,w8a8,qnn_dlc,28.9,28.8,-40.8,5.591,,,,,,,,,,2026-10-04,main,qualcomm-snapdragon-8-elite-for-galaxy,set14,https://huggingface.co/datasets/eugenesiow/Set14,all 14 standard SR benchmark images,Peak Signal-to-Noise Ratio (PSNR),dB,A measure of how similar two images are.,0.0,,10.0,True,14.0
quicksrnetmedium,w8a8,qnn_dlc_via_qnn_ep,28.9,28.8,-40.8,5.591,,,,,,,,,,2026-10-04,main,qualcomm-snapdragon-8-elite-for-galaxy,set14,https://huggingface.co/datasets/eugenesiow/Set14,all 14 standard SR benchmark images,Peak Signal-to-Noise Ratio (PSNR),dB,A measure of how similar two images are.,0.0,,10.0,True,14.0
quicksrnetmedium,w8a8,onnx,28.9,28.8,-40.8,5.591,,,,,,,,,,2026-10-04,main,qualcomm-snapdragon-8-elite-for-galaxy,set14,https://huggingface.co/datasets/eugenesiow/Set14,all 14 standard SR benchmark images,Peak Signal-to-Noise Ratio (PSNR),dB,A measure of how similar two images are.,0.0,,10.0,True,14.0
resnet101,float,tflite,76.0,,75.9,77.29,,,,,,,,,,2026-10-04,main,qualcomm-snapdragon-8-elite-for-galaxy,imagenet,https://www.image-net.org/,validation split,Top-1 Accuracy,%,Percentage of top 1 model predictions that are correct.,0.0,100.0,10.0,True,1000.0
resnet101,float,qnn_dlc,76.0,,75.9,77.29,,,,,,,,,,2026-10-04,main,qualcomm-snapdragon-8-elite-for-galaxy,imagenet,https://www.image-net.org/,validation split,Top-1 Accuracy,%,Percentage of top 1 model predictions that are correct.,0.0,100.0,10.0,True,1000.0
resnet101,float,qnn_dlc_via_qnn_ep,76.0,,75.9,77.29,,,,,,,,,,2026-10-04,main,qualcomm-snapdragon-8-elite-for-galaxy,imagenet,https://www.image-net.org/,validation split,Top-1 Accuracy,%,Percentage of top 1 model predictions that are correct.,0.0,100.0,10.0,True,1000.0
resnet101,float,onnx,76.0,,75.9,76.17,,,,,,,,,,2026-10-04,main,qualcomm-snapdragon-8-elite-for-galaxy,imagenet,https://www.image-net.org/,validation split,Top-1 Accuracy,%,Percentage of top 1 model predictions that are correct.,0.0,100.0,10.0,True,1000.0
resnet101,w8a8,tflite,76.0,76.1,75.4,11.8,,,,,,,,,,2026-10-04,main,qualcomm-snapdragon-8-elite-for-galaxy,imagenet,https://www.image-net.org/,validation split,Top-1 Accuracy,%,Percentage of top 1 model predictions that are correct.,0.0,100.0,10.0,True,1000.0
resnet101,w8a8,qnn_dlc,76.0,76.1,75.7,11.8,,,,,,,,,,2026-10-04,main,qualcomm-snapdragon-8-elite-for-galaxy,imagenet,https://www.image-net.org/,validation split,Top-1 Accuracy,%,Percentage of top 1 model predictions that are correct.,0.0,100.0,10.0,True,1000.0
resnet101,w8a8,qnn_dlc_via_qnn_ep,76.0,76.1,75.7,11.8,,,,,,,,,,2026-10-04,main,qualcomm-snapdragon-8-elite-for-galaxy,imagenet,https://www.image-net.org/,validation split,Top-1 Accuracy,%,Percentage of top 1 model predictions that are correct.,0.0,100.0,10.0,True,1000.0
resnet101,w8a8,onnx,76.0,76.1,75.7,11.8,,,,,,,,,,2026-10-04,main,qualcomm-snapdragon-8-elite-for-galaxy,imagenet,https://www.image-net.org/,validation split,Top-1 Accuracy,%,Percentage of top 1 model predictions that are correct.,0.0,100.0,10.0,True,1000.0
resnet18,float,tflite,69.5,,69.3,77.34,,,,,,,,,,2026-10-04,main,qualcomm-snapdragon-8-elite-for-galaxy,imagenet,https://www.image-net.org/,validation split,Top-1 Accuracy,%,Percentage of top 1 model predictions that are correct.,0.0,100.0,10.0,True,1000.0
resnet18,float,qnn_dlc,69.5,,69.3,77.34,,,,,,,,,,2026-10-04,main,qualcomm-snapdragon-8-elite-for-galaxy,imagenet,https://www.image-net.org/,validation split,Top-1 Accuracy,%,Percentage of top 1 model predictions that are correct.,0.0,100.0,10.0,True,1000.0
resnet18,float,qnn_dlc_via_qnn_ep,69.5,,69.3,77.34,,,,,,,,,,2026-10-04,main,qualcomm-snapdragon-8-elite-for-galaxy,imagenet,https://www.image-net.org/,validation split,Top-1 Accuracy,%,Percentage of top 1 model predictions that are correct.,0.0,100.0,10.0,True,1000.0
resnet18,float,onnx,69.5,,69.3,75.83,,,,,,,,,,2026-10-04,main,qualcomm-snapdragon-8-elite-for-galaxy,imagenet,https://www.image-net.org/,validation split,Top-1 Accuracy,%,Percentage of top 1 model predictions that are correct.,0.0,100.0,10.0,True,1000.0
resnet18,w8a8,tflite,69.5,69.6,68.9,10.24,,,,,,,,,,2026-10-04,main,qualcomm-snapdragon-8-elite-for-galaxy,imagenet,https://www.image-net.org/,validation split,Top-1 Accuracy,%,Percentage of top 1 model predictions that are correct.,0.0,100.0,10.0,True,1000.0
resnet18,w8a8,qnn_dlc,69.5,69.6,69.7,10.25,,,,,,,,,,2026-10-04,main,qualcomm-snapdragon-8-elite-for-galaxy,imagenet,https://www.image-net.org/,validation split,Top-1 Accuracy,%,Percentage of top 1 model predictions that are correct.,0.0,100.0,10.0,True,1000.0
resnet18,w8a8,qnn_dlc_via_qnn_ep,69.5,69.6,69.7,10.25,,,,,,,,,,2026-10-04,main,qualcomm-snapdragon-8-elite-for-galaxy,imagenet,https://www.image-net.org/,validation split,Top-1 Accuracy,%,Percentage of top 1 model predictions that are correct.,0.0,100.0,10.0,True,1000.0
resnet18,w8a8,onnx,69.5,69.6,69.7,10.25,,,,,,,,,,2026-10-04,main,qualcomm-snapdragon-8-elite-for-galaxy,imagenet,https://www.image-net.org/,validation split,Top-1 Accuracy,%,Percentage of top 1 model predictions that are correct.,0.0,100.0,10.0,True,1000.0
rf_detr,float,tflite,57.2,,,,,,,,,,,,,2026-10-04,main,qualcomm-snapdragon-8-elite-for-galaxy,coco91_class,https://cocodataset.org/,val2017 split,Mean Average Precision,mAP@0.5:0.95,Mean Average Precision averaged over IOU thresholds 0.5 to 0.95 in 0.05 increments.,0.0,100.0,10.0,True,300.0
rf_detr,float,qnn_dlc,57.2,,57.4,50.05,,,,,,,,,,2026-10-04,main,qualcomm-snapdragon-8-elite-for-galaxy,coco91_class,https://cocodataset.org/,val2017 split,Mean Average Precision,mAP@0.5:0.95,Mean Average Precision averaged over IOU thresholds 0.5 to 0.95 in 0.05 increments.,0.0,100.0,10.0,True,300.0
rf_detr,float,qnn_dlc_via_qnn_ep,57.2,,54.2,49.57,,,,,,,,,,2026-10-04,main,qualcomm-snapdragon-8-elite-for-galaxy,coco91_class,https://cocodataset.org/,val2017 split,Mean Average Precision,mAP@0.5:0.95,Mean Average Precision averaged over IOU thresholds 0.5 to 0.95 in 0.05 increments.,0.0,100.0,10.0,True,300.0
rf_detr,float,onnx,57.2,,54.1,50.31,,,,,,,,,,2026-10-04,main,qualcomm-snapdragon-8-elite-for-galaxy,coco91_class,https://cocodataset.org/,val2017 split,Mean Average Precision,mAP@0.5:0.95,Mean Average Precision averaged over IOU thresholds 0.5 to 0.95 in 0.05 increments.,0.0,100.0,10.0,True,300.0
rtmdet,float,tflite,51.7,,51.7,46.02,51.11,10.36,,,,,,,,2026-10-04,main,qualcomm-snapdragon-8-elite-for-galaxy,coco,https://cocodataset.org/,val2017 split,Mean Average Precision,mAP@0.5:0.95,Mean Average Precision averaged over IOU thresholds 0.5 to 0.95 in 0.05 increments.,0.0,100.0,10.0,True,300.0
rtmdet,float,qnn_dlc,51.7,,,,,,,,,,,,,2026-10-04,main,qualcomm-snapdragon-8-elite-for-galaxy,coco,https://cocodataset.org/,val2017 split,Mean Average Precision,mAP@0.5:0.95,Mean Average Precision averaged over IOU thresholds 0.5 to 0.95 in 0.05 increments.,0.0,100.0,10.0,True,300.0
rtmdet,float,qnn_dlc_via_qnn_ep,51.7,,,,,,,,,,,,,2026-10-04,main,qualcomm-snapdragon-8-elite-for-galaxy,coco,https://cocodataset.org/,val2017 split,Mean Average Precision,mAP@0.5:0.95,Mean Average Precision averaged over IOU thresholds 0.5 to 0.95 in 0.05 increments.,0.0,100.0,10.0,True,300.0
rtmdet,float,onnx,51.7,,51.7,46.02,51.12,10.36,,,,,,,,2026-10-04,main,qualcomm-snapdragon-8-elite-for-galaxy,coco,https://cocodataset.org/,val2017 split,Mean Average Precision,mAP@0.5:0.95,Mean Average Precision averaged over IOU thresholds 0.5 to 0.95 in 0.05 increments.,0.0,100.0,10.0,True,300.0
rtmdet,w8a16,qnn_dlc,51.7,51.6,,,,,,,,,,,,2026-10-04,main,qualcomm-snapdragon-8-elite-for-galaxy,coco,https://cocodataset.org/,val2017 split,Mean Average Precision,mAP@0.5:0.95,Mean Average Precision averaged over IOU thresholds 0.5 to 0.95 in 0.05 increments.,0.0,100.0,10.0,True,300.0
rtmdet,w8a16,qnn_dlc_via_qnn_ep,51.7,51.6,,,,,,,,,,,,2026-10-04,main,qualcomm-snapdragon-8-elite-for-galaxy,coco,https://cocodataset.org/,val2017 split,Mean Average Precision,mAP@0.5:0.95,Mean Average Precision averaged over IOU thresholds 0.5 to 0.95 in 0.05 increments.,0.0,100.0,10.0,True,300.0
rtmdet,w8a16,onnx,51.7,51.6,0.0,5.268,23.62,15.36,,,,,,,,2026-10-04,main,qualcomm-snapdragon-8-elite-for-galaxy,coco,https://cocodataset.org/,val2017 split,Mean Average Precision,mAP@0.5:0.95,Mean Average Precision averaged over IOU thresholds 0.5 to 0.95 in 0.05 increments.,0.0,100.0,10.0,True,300.0
salsanext,float,tflite,55.5,,55.5,66.54,,,,,,,,,,2026-10-04,main,qualcomm-snapdragon-8-elite-for-galaxy,semantic_kitti,https://semantic-kitti.org/,sequence #08 of 22,Mean Intersection Over Union,mIOU,Overlap of predicted and expected segmentation divided by the union size.,0.0,100.0,10.0,True,50.0
salsanext,float,qnn_dlc,55.5,,55.5,66.55,,,,,,,,,,2026-10-04,main,qualcomm-snapdragon-8-elite-for-galaxy,semantic_kitti,https://semantic-kitti.org/,sequence #08 of 22,Mean Intersection Over Union,mIOU,Overlap of predicted and expected segmentation divided by the union size.,0.0,100.0,10.0,True,50.0
salsanext,float,qnn_dlc_via_qnn_ep,55.5,,55.5,66.54,,,,,,,,,,2026-10-04,main,qualcomm-snapdragon-8-elite-for-galaxy,semantic_kitti,https://semantic-kitti.org/,sequence #08 of 22,Mean Intersection Over Union,mIOU,Overlap of predicted and expected segmentation divided by the union size.,0.0,100.0,10.0,True,50.0
salsanext,float,onnx,55.5,,55.5,66.54,,,,,,,,,,2026-10-04,main,qualcomm-snapdragon-8-elite-for-galaxy,semantic_kitti,https://semantic-kitti.org/,sequence #08 of 22,Mean Intersection Over Union,mIOU,Overlap of predicted and expected segmentation divided by the union size.,0.0,100.0,10.0,True,50.0
sesr_m5,float,tflite,28.6,,28.6,75.56,,,,,,,,,,2026-10-04,main,qualcomm-snapdragon-8-elite-for-galaxy,set14,https://huggingface.co/datasets/eugenesiow/Set14,all 14 standard SR benchmark images,Peak Signal-to-Noise Ratio (PSNR),dB,A measure of how similar two images are.,0.0,,10.0,True,14.0
sesr_m5,float,qnn_dlc,28.6,,28.6,75.56,,,,,,,,,,2026-10-04,main,qualcomm-snapdragon-8-elite-for-galaxy,set14,https://huggingface.co/datasets/eugenesiow/Set14,all 14 standard SR benchmark images,Peak Signal-to-Noise Ratio (PSNR),dB,A measure of how similar two images are.,0.0,,10.0,True,14.0
sesr_m5,float,qnn_dlc_via_qnn_ep,28.6,,28.6,75.56,,,,,,,,,,2026-10-04,main,qualcomm-snapdragon-8-elite-for-galaxy,set14,https://huggingface.co/datasets/eugenesiow/Set14,all 14 standard SR benchmark images,Peak Signal-to-Noise Ratio (PSNR),dB,A measure of how similar two images are.,0.0,,10.0,True,14.0
sesr_m5,float,onnx,28.6,,28.6,75.56,,,,,,,,,,2026-10-04,main,qualcomm-snapdragon-8-elite-for-galaxy,set14,https://huggingface.co/datasets/eugenesiow/Set14,all 14 standard SR benchmark images,Peak Signal-to-Noise Ratio (PSNR),dB,A measure of how similar two images are.,0.0,,10.0,True,14.0
sesr_m5,w8a8,tflite,28.6,28.5,-40.9,5.519,,,,,,,,,,2026-10-04,main,qualcomm-snapdragon-8-elite-for-galaxy,set14,https://huggingface.co/datasets/eugenesiow/Set14,all 14 standard SR benchmark images,Peak Signal-to-Noise Ratio (PSNR),dB,A measure of how similar two images are.,0.0,,10.0,True,14.0
sesr_m5,w8a8,qnn_dlc,28.6,28.5,-40.9,5.519,,,,,,,,,,2026-10-04,main,qualcomm-snapdragon-8-elite-for-galaxy,set14,https://huggingface.co/datasets/eugenesiow/Set14,all 14 standard SR benchmark images,Peak Signal-to-Noise Ratio (PSNR),dB,A measure of how similar two images are.,0.0,,10.0,True,14.0
sesr_m5,w8a8,qnn_dlc_via_qnn_ep,28.6,28.5,-40.9,5.519,,,,,,,,,,2026-10-04,main,qualcomm-snapdragon-8-elite-for-galaxy,set14,https://huggingface.co/datasets/eugenesiow/Set14,all 14 standard SR benchmark images,Peak Signal-to-Noise Ratio (PSNR),dB,A measure of how similar two images are.,0.0,,10.0,True,14.0
sesr_m5,w8a8,onnx,28.6,28.5,-40.9,5.519,,,,,,,,,,2026-10-04,main,qualcomm-snapdragon-8-elite-for-galaxy,set14,https://huggingface.co/datasets/eugenesiow/Set14,all 14 standard SR benchmark images,Peak Signal-to-Noise Ratio (PSNR),dB,A measure of how similar two images are.,0.0,,10.0,True,14.0
shufflenet_v2,float,tflite,60.4,,60.3,64.97,,,,,,,,,,2026-10-04,main,qualcomm-snapdragon-8-elite-for-galaxy,imagenet,https://www.image-net.org/,validation split,Top-1 Accuracy,%,Percentage of top 1 model predictions that are correct.,0.0,100.0,10.0,True,1000.0
shufflenet_v2,float,qnn_dlc,60.4,,60.3,64.97,,,,,,,,,,2026-10-04,main,qualcomm-snapdragon-8-elite-for-galaxy,imagenet,https://www.image-net.org/,validation split,Top-1 Accuracy,%,Percentage of top 1 model predictions that are correct.,0.0,100.0,10.0,True,1000.0
shufflenet_v2,float,qnn_dlc_via_qnn_ep,60.4,,60.3,64.97,,,,,,,,,,2026-10-04,main,qualcomm-snapdragon-8-elite-for-galaxy,imagenet,https://www.image-net.org/,validation split,Top-1 Accuracy,%,Percentage of top 1 model predictions that are correct.,0.0,100.0,10.0,True,1000.0
shufflenet_v2,float,onnx,60.4,,60.4,64.78,,,,,,,,,,2026-10-04,main,qualcomm-snapdragon-8-elite-for-galaxy,imagenet,https://www.image-net.org/,validation split,Top-1 Accuracy,%,Percentage of top 1 model predictions that are correct.,0.0,100.0,10.0,True,1000.0
shufflenet_v2,w8a16,qnn_dlc,60.4,60.4,60.3,8.907,,,,,,,,,,2026-10-04,main,qualcomm-snapdragon-8-elite-for-galaxy,imagenet,https://www.image-net.org/,validation split,Top-1 Accuracy,%,Percentage of top 1 model predictions that are correct.,0.0,100.0,10.0,True,1000.0
shufflenet_v2,w8a16,qnn_dlc_via_qnn_ep,60.4,60.4,60.3,8.907,,,,,,,,,,2026-10-04,main,qualcomm-snapdragon-8-elite-for-galaxy,imagenet,https://www.image-net.org/,validation split,Top-1 Accuracy,%,Percentage of top 1 model predictions that are correct.,0.0,100.0,10.0,True,1000.0
shufflenet_v2,w8a16,onnx,60.4,60.4,60.3,8.907,,,,,,,,,,2026-10-04,main,qualcomm-snapdragon-8-elite-for-galaxy,imagenet,https://www.image-net.org/,validation split,Top-1 Accuracy,%,Percentage of top 1 model predictions that are correct.,0.0,100.0,10.0,True,1000.0
shufflenet_v2,w8a8,tflite,60.4,59.0,58.6,8.99,,,,,,,,,,2026-10-04,main,qualcomm-snapdragon-8-elite-for-galaxy,imagenet,https://www.image-net.org/,validation split,Top-1 Accuracy,%,Percentage of top 1 model predictions that are correct.,0.0,100.0,10.0,True,1000.0
shufflenet_v2,w8a8,qnn_dlc,60.4,59.0,58.6,9.0,,,,,,,,,,2026-10-04,main,qualcomm-snapdragon-8-elite-for-galaxy,imagenet,https://www.image-net.org/,validation split,Top-1 Accuracy,%,Percentage of top 1 model predictions that are correct.,0.0,100.0,10.0,True,1000.0
shufflenet_v2,w8a8,qnn_dlc_via_qnn_ep,60.4,59.0,58.9,9.002,,,,,,,,,,2026-10-04,main,qualcomm-snapdragon-8-elite-for-galaxy,imagenet,https://www.image-net.org/,validation split,Top-1 Accuracy,%,Percentage of top 1 model predictions that are correct.,0.0,100.0,10.0,True,1000.0
shufflenet_v2,w8a8,onnx,60.4,59.0,58.9,9.002,,,,,,,,,,2026-10-04,main,qualcomm-snapdragon-8-elite-for-galaxy,imagenet,https://www.image-net.org/,validation split,Top-1 Accuracy,%,Percentage of top 1 model predictions that are correct.,0.0,100.0,10.0,True,1000.0
silero_vad,float,tflite,,,,11.31,70.31,79.7,,,,,,,,2026-10-04,main,qualcomm-snapdragon-8-elite-for-galaxy,,,,,,,,,,,
silero_vad,float,qnn_dlc,,,,11.31,70.31,79.7,,,,,,,,2026-10-04,main,qualcomm-snapdragon-8-elite-for-galaxy,,,,,,,,,,,
silero_vad,float,qnn_dlc_via_qnn_ep,,,,11.31,70.31,79.7,,,,,,,,2026-10-04,main,qualcomm-snapdragon-8-elite-for-galaxy,,,,,,,,,,,
silero_vad,float,onnx,,,,11.31,70.31,79.7,,,,,,,,2026-10-04,main,qualcomm-snapdragon-8-elite-for-galaxy,,,,,,,,,,,
silero_vad,w8a16_mixed_int16,qnn_dlc,,,,0.0001087,0.2232,2.221,,,,,,,,2026-10-04,main,qualcomm-snapdragon-8-elite-for-galaxy,,,,,,,,,,,
silero_vad,w8a16_mixed_int16,qnn_dlc_via_qnn_ep,,,,0.0001087,0.2232,2.221,,,,,,,,2026-10-04,main,qualcomm-snapdragon-8-elite-for-galaxy,,,,,,,,,,,
silero_vad,w8a16_mixed_int16,onnx,,,,0.0001087,0.2232,2.221,,,,,,,,2026-10-04,main,qualcomm-snapdragon-8-elite-for-galaxy,,,,,,,,,,,
squeezenet1_1,float,tflite,59.5,,59.6,79.93,,,,,,,,,,2026-10-04,main,qualcomm-snapdragon-8-elite-for-galaxy,imagenet,https://www.image-net.org/,validation split,Top-1 Accuracy,%,Percentage of top 1 model predictions that are correct.,0.0,100.0,10.0,True,1000.0
squeezenet1_1,float,qnn_dlc,59.5,,59.6,79.93,,,,,,,,,,2026-10-04,main,qualcomm-snapdragon-8-elite-for-galaxy,imagenet,https://www.image-net.org/,validation split,Top-1 Accuracy,%,Percentage of top 1 model predictions that are correct.,0.0,100.0,10.0,True,1000.0
squeezenet1_1,float,qnn_dlc_via_qnn_ep,59.5,,59.6,79.93,,,,,,,,,,2026-10-04,main,qualcomm-snapdragon-8-elite-for-galaxy,imagenet,https://www.image-net.org/,validation split,Top-1 Accuracy,%,Percentage of top 1 model predictions that are correct.,0.0,100.0,10.0,True,1000.0
squeezenet1_1,float,onnx,59.5,,59.6,78.73,,,,,,,,,,2026-10-04,main,qualcomm-snapdragon-8-elite-for-galaxy,imagenet,https://www.image-net.org/,validation split,Top-1 Accuracy,%,Percentage of top 1 model predictions that are correct.,0.0,100.0,10.0,True,1000.0
squeezenet1_1,w8a8,tflite,59.5,59.0,59.1,14.31,,,,,,,,,,2026-10-04,main,qualcomm-snapdragon-8-elite-for-galaxy,imagenet,https://www.image-net.org/,validation split,Top-1 Accuracy,%,Percentage of top 1 model predictions that are correct.,0.0,100.0,10.0,True,1000.0
squeezenet1_1,w8a8,qnn_dlc,59.5,59.0,59.2,14.31,,,,,,,,,,2026-10-04,main,qualcomm-snapdragon-8-elite-for-galaxy,imagenet,https://www.image-net.org/,validation split,Top-1 Accuracy,%,Percentage of top 1 model predictions that are correct.,0.0,100.0,10.0,True,1000.0
squeezenet1_1,w8a8,qnn_dlc_via_qnn_ep,59.5,59.0,59.2,14.31,,,,,,,,,,2026-10-04,main,qualcomm-snapdragon-8-elite-for-galaxy,imagenet,https://www.image-net.org/,validation split,Top-1 Accuracy,%,Percentage of top 1 model predictions that are correct.,0.0,100.0,10.0,True,1000.0
squeezenet1_1,w8a8,onnx,59.5,59.0,59.2,14.31,,,,,,,,,,2026-10-04,main,qualcomm-snapdragon-8-elite-for-galaxy,imagenet,https://www.image-net.org/,validation split,Top-1 Accuracy,%,Percentage of top 1 model predictions that are correct.,0.0,100.0,10.0,True,1000.0
video_mae,float,tflite,77.5,,77.5,73.94,,,,,,,,,,2026-10-04,main,qualcomm-snapdragon-8-elite-for-galaxy,kinetics400,https://github.com/cvdfoundation/kinetics-dataset,part 0 of the validation split,Top-1 Accuracy,%,Percentage of top 1 model predictions that are correct.,0.0,100.0,10.0,True,200.0
video_mae,float,qnn_dlc,77.5,,,,,,,,,,,,,2026-10-04,main,qualcomm-snapdragon-8-elite-for-galaxy,kinetics400,https://github.com/cvdfoundation/kinetics-dataset,part 0 of the validation split,Top-1 Accuracy,%,Percentage of top 1 model predictions that are correct.,0.0,100.0,10.0,True,200.0
video_mae,float,qnn_dlc_via_qnn_ep,77.5,,77.5,73.81,,,,,,,,,,2026-10-04,main,qualcomm-snapdragon-8-elite-for-galaxy,kinetics400,https://github.com/cvdfoundation/kinetics-dataset,part 0 of the validation split,Top-1 Accuracy,%,Percentage of top 1 model predictions that are correct.,0.0,100.0,10.0,True,200.0
video_mae,float,onnx,77.5,,77.5,73.82,,,,,,,,,,2026-10-04,main,qualcomm-snapdragon-8-elite-for-galaxy,kinetics400,https://github.com/cvdfoundation/kinetics-dataset,part 0 of the validation split,Top-1 Accuracy,%,Percentage of top 1 model predictions that are correct.,0.0,100.0,10.0,True,200.0
video_mae,w8a16,qnn_dlc,77.5,77.5,,,,,,,,,,,,2026-10-04,main,qualcomm-snapdragon-8-elite-for-galaxy,kinetics400,https://github.com/cvdfoundation/kinetics-dataset,part 0 of the validation split,Top-1 Accuracy,%,Percentage of top 1 model predictions that are correct.,0.0,100.0,10.0,True,200.0
video_mae,w8a16,qnn_dlc_via_qnn_ep,77.5,77.5,77.5,30.32,,,,,,,,,,2026-10-04,main,qualcomm-snapdragon-8-elite-for-galaxy,kinetics400,https://github.com/cvdfoundation/kinetics-dataset,part 0 of the validation split,Top-1 Accuracy,%,Percentage of top 1 model predictions that are correct.,0.0,100.0,10.0,True,200.0
video_mae,w8a16,onnx,77.5,77.5,77.5,30.33,,,,,,,,,,2026-10-04,main,qualcomm-snapdragon-8-elite-for-galaxy,kinetics400,https://github.com/cvdfoundation/kinetics-dataset,part 0 of the validation split,Top-1 Accuracy,%,Percentage of top 1 model predictions that are correct.,0.0,100.0,10.0,True,200.0
vit,float,tflite,80.6,,80.6,52.71,,,,,,,,,,2026-10-04,main,qualcomm-snapdragon-8-elite-for-galaxy,imagenet,https://www.image-net.org/,validation split,Top-1 Accuracy,%,Percentage of top 1 model predictions that are correct.,0.0,100.0,10.0,True,1000.0
vit,float,qnn_dlc,80.6,,80.6,52.71,,,,,,,,,,2026-10-04,main,qualcomm-snapdragon-8-elite-for-galaxy,imagenet,https://www.image-net.org/,validation split,Top-1 Accuracy,%,Percentage of top 1 model predictions that are correct.,0.0,100.0,10.0,True,1000.0
vit,float,qnn_dlc_via_qnn_ep,80.6,,80.6,52.71,,,,,,,,,,2026-10-04,main,qualcomm-snapdragon-8-elite-for-galaxy,imagenet,https://www.image-net.org/,validation split,Top-1 Accuracy,%,Percentage of top 1 model predictions that are correct.,0.0,100.0,10.0,True,1000.0
vit,float,onnx,80.6,,80.5,52.67,,,,,,,,,,2026-10-04,main,qualcomm-snapdragon-8-elite-for-galaxy,imagenet,https://www.image-net.org/,validation split,Top-1 Accuracy,%,Percentage of top 1 model predictions that are correct.,0.0,100.0,10.0,True,1000.0
vit,w8a8_mixed_int16,qnn_dlc,80.6,80.3,79.6,11.93,,,,,,,,,,2026-10-04,main,qualcomm-snapdragon-8-elite-for-galaxy,imagenet,https://www.image-net.org/,validation split,Top-1 Accuracy,%,Percentage of top 1 model predictions that are correct.,0.0,100.0,10.0,True,1000.0
vit,w8a8_mixed_int16,qnn_dlc_via_qnn_ep,80.6,80.3,79.9,11.92,,,,,,,,,,2026-10-04,main,qualcomm-snapdragon-8-elite-for-galaxy,imagenet,https://www.image-net.org/,validation split,Top-1 Accuracy,%,Percentage of top 1 model predictions that are correct.,0.0,100.0,10.0,True,1000.0
vit,w8a8_mixed_int16,onnx,80.6,80.3,80.3,11.92,,,,,,,,,,2026-10-04,main,qualcomm-snapdragon-8-elite-for-galaxy,imagenet,https://www.image-net.org/,validation split,Top-1 Accuracy,%,Percentage of top 1 model predictions that are correct.,0.0,100.0,10.0,True,1000.0
vit,w8a16,qnn_dlc,80.6,80.5,80.6,11.93,,,,,,,,,,2026-10-04,main,qualcomm-snapdragon-8-elite-for-galaxy,imagenet,https://www.image-net.org/,validation split,Top-1 Accuracy,%,Percentage of top 1 model predictions that are correct.,0.0,100.0,10.0,True,1000.0
vit,w8a16,qnn_dlc_via_qnn_ep,80.6,80.5,80.4,11.93,,,,,,,,,,2026-10-04,main,qualcomm-snapdragon-8-elite-for-galaxy,imagenet,https://www.image-net.org/,validation split,Top-1 Accuracy,%,Percentage of top 1 model predictions that are correct.,0.0,100.0,10.0,True,1000.0
vit,w8a16,onnx,80.6,80.5,80.6,11.93,,,,,,,,,,2026-10-04,main,qualcomm-snapdragon-8-elite-for-galaxy,imagenet,https://www.image-net.org/,validation split,Top-1 Accuracy,%,Percentage of top 1 model predictions that are correct.,0.0,100.0,10.0,True,1000.0
vit,w8a8,tflite,80.6,78.3,77.8,11.87,,,,,,,,,,2026-10-04,main,qualcomm-snapdragon-8-elite-for-galaxy,imagenet,https://www.image-net.org/,validation split,Top-1 Accuracy,%,Percentage of top 1 model predictions that are correct.,0.0,100.0,10.0,True,1000.0
vit,w8a8,qnn_dlc,80.6,78.3,78.0,11.87,,,,,,,,,,2026-10-04,main,qualcomm-snapdragon-8-elite-for-galaxy,imagenet,https://www.image-net.org/,validation split,Top-1 Accuracy,%,Percentage of top 1 model predictions that are correct.,0.0,100.0,10.0,True,1000.0
vit,w8a8,qnn_dlc_via_qnn_ep,80.6,78.3,78.0,11.87,,,,,,,,,,2026-10-04,main,qualcomm-snapdragon-8-elite-for-galaxy,imagenet,https://www.image-net.org/,validation split,Top-1 Accuracy,%,Percentage of top 1 model predictions that are correct.,0.0,100.0,10.0,True,1000.0
vit,w8a8,onnx,80.6,78.3,78.0,11.87,,,,,,,,,,2026-10-04,main,qualcomm-snapdragon-8-elite-for-galaxy,imagenet,https://www.image-net.org/,validation split,Top-1 Accuracy,%,Percentage of top 1 model predictions that are correct.,0.0,100.0,10.0,True,1000.0
wideresnet50,float,tflite,77.4,,77.2,82.59,,,,,,,,,,2026-10-04,main,qualcomm-snapdragon-8-elite-for-galaxy,imagenet,https://www.image-net.org/,validation split,Top-1 Accuracy,%,Percentage of top 1 model predictions that are correct.,0.0,100.0,10.0,True,1000.0
wideresnet50,float,qnn_dlc,77.4,,77.2,82.59,,,,,,,,,,2026-10-04,main,qualcomm-snapdragon-8-elite-for-galaxy,imagenet,https://www.image-net.org/,validation split,Top-1 Accuracy,%,Percentage of top 1 model predictions that are correct.,0.0,100.0,10.0,True,1000.0
wideresnet50,float,qnn_dlc_via_qnn_ep,77.4,,77.2,82.59,,,,,,,,,,2026-10-04,main,qualcomm-snapdragon-8-elite-for-galaxy,imagenet,https://www.image-net.org/,validation split,Top-1 Accuracy,%,Percentage of top 1 model predictions that are correct.,0.0,100.0,10.0,True,1000.0
wideresnet50,float,onnx,77.4,,77.4,81.1,,,,,,,,,,2026-10-04,main,qualcomm-snapdragon-8-elite-for-galaxy,imagenet,https://www.image-net.org/,validation split,Top-1 Accuracy,%,Percentage of top 1 model predictions that are correct.,0.0,100.0,10.0,True,1000.0
wideresnet50,w8a8,tflite,77.4,77.4,77.6,13.62,,,,,,,,,,2026-10-04,main,qualcomm-snapdragon-8-elite-for-galaxy,imagenet,https://www.image-net.org/,validation split,Top-1 Accuracy,%,Percentage of top 1 model predictions that are correct.,0.0,100.0,10.0,True,1000.0
wideresnet50,w8a8,qnn_dlc,77.4,77.4,76.9,13.62,,,,,,,,,,2026-10-04,main,qualcomm-snapdragon-8-elite-for-galaxy,imagenet,https://www.image-net.org/,validation split,Top-1 Accuracy,%,Percentage of top 1 model predictions that are correct.,0.0,100.0,10.0,True,1000.0
wideresnet50,w8a8,qnn_dlc_via_qnn_ep,77.4,77.4,76.9,13.62,,,,,,,,,,2026-10-04,main,qualcomm-snapdragon-8-elite-for-galaxy,imagenet,https://www.image-net.org/,validation split,Top-1 Accuracy,%,Percentage of top 1 model predictions that are correct.,0.0,100.0,10.0,True,1000.0
wideresnet50,w8a8,onnx,77.4,77.4,76.9,13.62,,,,,,,,,,2026-10-04,main,qualcomm-snapdragon-8-elite-for-galaxy,imagenet,https://www.image-net.org/,validation split,Top-1 Accuracy,%,Percentage of top 1 model predictions that are correct.,0.0,100.0,10.0,True,1000.0
yolo_world,float,tflite,,,,49.55,19.57,79.62,,,,,,,,2026-10-04,main,qualcomm-snapdragon-8-elite-for-galaxy,,,,,,,,,,,
yolo_world,float,qnn_dlc,,,,49.55,19.57,79.71,,,,,,,,2026-10-04,main,qualcomm-snapdragon-8-elite-for-galaxy,,,,,,,,,,,
yolo_world,float,qnn_dlc_via_qnn_ep,,,,49.55,19.57,79.3,,,,,,,,2026-10-04,main,qualcomm-snapdragon-8-elite-for-galaxy,,,,,,,,,,,
yolo_world,float,onnx,,,,49.55,19.57,79.3,,,,,,,,2026-10-04,main,qualcomm-snapdragon-8-elite-for-galaxy,,,,,,,,,,,
yolo_world,w8a8,tflite,,,,0.5429,-10.61,3.643,,,,,,,,2026-10-04,main,qualcomm-snapdragon-8-elite-for-galaxy,,,,,,,,,,,
yolo_world,w8a8,qnn_dlc,,,,0.5428,-10.61,3.241,,,,,,,,2026-10-04,main,qualcomm-snapdragon-8-elite-for-galaxy,,,,,,,,,,,
yolo_world,w8a8,qnn_dlc_via_qnn_ep,,,,0.5428,-10.61,3.235,,,,,,,,2026-10-04,main,qualcomm-snapdragon-8-elite-for-galaxy,,,,,,,,,,,
yolo_world,w8a8,onnx,,,,0.5428,-10.61,3.235,,,,,,,,2026-10-04,main,qualcomm-snapdragon-8-elite-for-galaxy,,,,,,,,,,,
yolo_world,w8a16,qnn_dlc,,,,4.959,-10.61,10.33,,,,,,,,2026-10-04,main,qualcomm-snapdragon-8-elite-for-galaxy,,,,,,,,,,,
yolo_world,w8a16,qnn_dlc_via_qnn_ep,,,,4.959,-10.61,10.33,,,,,,,,2026-10-04,main,qualcomm-snapdragon-8-elite-for-galaxy,,,,,,,,,,,
yolo_world,w8a16,onnx,,,,4.959,-10.61,10.32,,,,,,,,2026-10-04,main,qualcomm-snapdragon-8-elite-for-galaxy,,,,,,,,,,,
yolov11_det,float,tflite,46.3,,46.1,58.28,54.3,,,,,,,,,2026-10-04,main,qualcomm-snapdragon-8-elite-for-galaxy,coco,https://cocodataset.org/,val2017 split,Mean Average Precision,mAP@0.5:0.95,Mean Average Precision averaged over IOU thresholds 0.5 to 0.95 in 0.05 increments.,0.0,100.0,10.0,True,300.0
yolov11_det,float,qnn_dlc,46.3,,46.1,58.28,54.3,,,,,,,,,2026-10-04,main,qualcomm-snapdragon-8-elite-for-galaxy,coco,https://cocodataset.org/,val2017 split,Mean Average Precision,mAP@0.5:0.95,Mean Average Precision averaged over IOU thresholds 0.5 to 0.95 in 0.05 increments.,0.0,100.0,10.0,True,300.0
yolov11_det,float,qnn_dlc_via_qnn_ep,46.3,,46.2,58.28,54.62,,,,,,,,,2026-10-04,main,qualcomm-snapdragon-8-elite-for-galaxy,coco,https://cocodataset.org/,val2017 split,Mean Average Precision,mAP@0.5:0.95,Mean Average Precision averaged over IOU thresholds 0.5 to 0.95 in 0.05 increments.,0.0,100.0,10.0,True,300.0
yolov11_det,float,onnx,46.3,,46.2,58.28,54.63,,,,,,,,,2026-10-04,main,qualcomm-snapdragon-8-elite-for-galaxy,coco,https://cocodataset.org/,val2017 split,Mean Average Precision,mAP@0.5:0.95,Mean Average Precision averaged over IOU thresholds 0.5 to 0.95 in 0.05 increments.,0.0,100.0,10.0,True,300.0
yolov11_det,w8a8_mixed_int16,qnn_dlc,46.3,45.7,0.0,5.053,35.31,,,,,,,,,2026-10-04,main,qualcomm-snapdragon-8-elite-for-galaxy,coco,https://cocodataset.org/,val2017 split,Mean Average Precision,mAP@0.5:0.95,Mean Average Precision averaged over IOU thresholds 0.5 to 0.95 in 0.05 increments.,0.0,100.0,10.0,True,300.0
yolov11_det,w8a8_mixed_int16,qnn_dlc_via_qnn_ep,46.3,45.7,0.0,5.132,26.75,,,,,,,,,2026-10-04,main,qualcomm-snapdragon-8-elite-for-galaxy,coco,https://cocodataset.org/,val2017 split,Mean Average Precision,mAP@0.5:0.95,Mean Average Precision averaged over IOU thresholds 0.5 to 0.95 in 0.05 increments.,0.0,100.0,10.0,True,300.0
yolov11_det,w8a8_mixed_int16,onnx,46.3,45.7,0.0,5.132,26.74,,,,,,,,,2026-10-04,main,qualcomm-snapdragon-8-elite-for-galaxy,coco,https://cocodataset.org/,val2017 split,Mean Average Precision,mAP@0.5:0.95,Mean Average Precision averaged over IOU thresholds 0.5 to 0.95 in 0.05 increments.,0.0,100.0,10.0,True,300.0
yolov11_det,w8a16,qnn_dlc,46.3,45.8,0.0,5.061,26.72,,,,,,,,,2026-10-04,main,qualcomm-snapdragon-8-elite-for-galaxy,coco,https://cocodataset.org/,val2017 split,Mean Average Precision,mAP@0.5:0.95,Mean Average Precision averaged over IOU thresholds 0.5 to 0.95 in 0.05 increments.,0.0,100.0,10.0,True,300.0
yolov11_det,w8a16,qnn_dlc_via_qnn_ep,46.3,45.8,0.0,5.061,26.72,,,,,,,,,2026-10-04,main,qualcomm-snapdragon-8-elite-for-galaxy,coco,https://cocodataset.org/,val2017 split,Mean Average Precision,mAP@0.5:0.95,Mean Average Precision averaged over IOU thresholds 0.5 to 0.95 in 0.05 increments.,0.0,100.0,10.0,True,300.0
yolov11_det,w8a16,onnx,46.3,45.8,0.0,5.061,26.7,,,,,,,,,2026-10-04,main,qualcomm-snapdragon-8-elite-for-galaxy,coco,https://cocodataset.org/,val2017 split,Mean Average Precision,mAP@0.5:0.95,Mean Average Precision averaged over IOU thresholds 0.5 to 0.95 in 0.05 increments.,0.0,100.0,10.0,True,300.0
yolov11_det,w8a8,tflite,46.3,37.5,0.0,0.9115,27.14,,,,,,,,,2026-10-04,main,qualcomm-snapdragon-8-elite-for-galaxy,coco,https://cocodataset.org/,val2017 split,Mean Average Precision,mAP@0.5:0.95,Mean Average Precision averaged over IOU thresholds 0.5 to 0.95 in 0.05 increments.,0.0,100.0,10.0,True,300.0
yolov11_det,w8a8,qnn_dlc,46.3,37.5,1.49e-07,0.8827,35.45,,,,,,,,,2026-10-04,main,qualcomm-snapdragon-8-elite-for-galaxy,coco,https://cocodataset.org/,val2017 split,Mean Average Precision,mAP@0.5:0.95,Mean Average Precision averaged over IOU thresholds 0.5 to 0.95 in 0.05 increments.,0.0,100.0,10.0,True,300.0
yolov11_det,w8a8,qnn_dlc_via_qnn_ep,46.3,37.5,0.0,0.9115,27.18,,,,,,,,,2026-10-04,main,qualcomm-snapdragon-8-elite-for-galaxy,coco,https://cocodataset.org/,val2017 split,Mean Average Precision,mAP@0.5:0.95,Mean Average Precision averaged over IOU thresholds 0.5 to 0.95 in 0.05 increments.,0.0,100.0,10.0,True,300.0
yolov11_det,w8a8,onnx,46.3,37.5,0.0,0.9115,27.18,,,,,,,,,2026-10-04,main,qualcomm-snapdragon-8-elite-for-galaxy,coco,https://cocodataset.org/,val2017 split,Mean Average Precision,mAP@0.5:0.95,Mean Average Precision averaged over IOU thresholds 0.5 to 0.95 in 0.05 increments.,0.0,100.0,10.0,True,300.0
yolov7,float,tflite,39.5,,39.6,66.72,68.52,,,,,,,,,2026-10-04,main,qualcomm-snapdragon-8-elite-for-galaxy,coco,https://cocodataset.org/,val2017 split,Mean Average Precision,mAP@0.5:0.95,Mean Average Precision averaged over IOU thresholds 0.5 to 0.95 in 0.05 increments.,0.0,100.0,10.0,True,300.0
yolov7,float,qnn_dlc,39.5,,39.6,66.72,68.52,,,,,,,,,2026-10-04,main,qualcomm-snapdragon-8-elite-for-galaxy,coco,https://cocodataset.org/,val2017 split,Mean Average Precision,mAP@0.5:0.95,Mean Average Precision averaged over IOU thresholds 0.5 to 0.95 in 0.05 increments.,0.0,100.0,10.0,True,300.0
yolov7,float,qnn_dlc_via_qnn_ep,39.5,,39.6,66.72,68.52,,,,,,,,,2026-10-04,main,qualcomm-snapdragon-8-elite-for-galaxy,coco,https://cocodataset.org/,val2017 split,Mean Average Precision,mAP@0.5:0.95,Mean Average Precision averaged over IOU thresholds 0.5 to 0.95 in 0.05 increments.,0.0,100.0,10.0,True,300.0
yolov7,float,onnx,39.5,,39.6,66.72,68.52,,,,,,,,,2026-10-04,main,qualcomm-snapdragon-8-elite-for-galaxy,coco,https://cocodataset.org/,val2017 split,Mean Average Precision,mAP@0.5:0.95,Mean Average Precision averaged over IOU thresholds 0.5 to 0.95 in 0.05 increments.,0.0,100.0,10.0,True,300.0
yolov7,w8a16,qnn_dlc,39.5,39.3,0.0,5.348,30.35,,,,,,,,,2026-10-04,main,qualcomm-snapdragon-8-elite-for-galaxy,coco,https://cocodataset.org/,val2017 split,Mean Average Precision,mAP@0.5:0.95,Mean Average Precision averaged over IOU thresholds 0.5 to 0.95 in 0.05 increments.,0.0,100.0,10.0,True,300.0
yolov7,w8a16,qnn_dlc_via_qnn_ep,39.5,39.3,0.0,5.348,30.35,,,,,,,,,2026-10-04,main,qualcomm-snapdragon-8-elite-for-galaxy,coco,https://cocodataset.org/,val2017 split,Mean Average Precision,mAP@0.5:0.95,Mean Average Precision averaged over IOU thresholds 0.5 to 0.95 in 0.05 increments.,0.0,100.0,10.0,True,300.0
yolov7,w8a16,onnx,39.5,39.3,0.0,5.348,30.35,,,,,,,,,2026-10-04,main,qualcomm-snapdragon-8-elite-for-galaxy,coco,https://cocodataset.org/,val2017 split,Mean Average Precision,mAP@0.5:0.95,Mean Average Precision averaged over IOU thresholds 0.5 to 0.95 in 0.05 increments.,0.0,100.0,10.0,True,300.0
yolov7,w8a8,tflite,39.5,35.3,7.31e-08,0.7465,30.42,,,,,,,,,2026-10-04,main,qualcomm-snapdragon-8-elite-for-galaxy,coco,https://cocodataset.org/,val2017 split,Mean Average Precision,mAP@0.5:0.95,Mean Average Precision averaged over IOU thresholds 0.5 to 0.95 in 0.05 increments.,0.0,100.0,10.0,True,300.0
yolov7,w8a8,qnn_dlc,39.5,35.3,1.3e-07,0.7468,30.43,,,,,,,,,2026-10-04,main,qualcomm-snapdragon-8-elite-for-galaxy,coco,https://cocodataset.org/,val2017 split,Mean Average Precision,mAP@0.5:0.95,Mean Average Precision averaged over IOU thresholds 0.5 to 0.95 in 0.05 increments.,0.0,100.0,10.0,True,300.0
yolov7,w8a8,qnn_dlc_via_qnn_ep,39.5,35.3,1.3e-07,0.7468,30.43,,,,,,,,,2026-10-04,main,qualcomm-snapdragon-8-elite-for-galaxy,coco,https://cocodataset.org/,val2017 split,Mean Average Precision,mAP@0.5:0.95,Mean Average Precision averaged over IOU thresholds 0.5 to 0.95 in 0.05 increments.,0.0,100.0,10.0,True,300.0
yolov7,w8a8,onnx,39.5,35.3,1.3e-07,0.7468,30.43,,,,,,,,,2026-10-04,main,qualcomm-snapdragon-8-elite-for-galaxy,coco,https://cocodataset.org/,val2017 split,Mean Average Precision,mAP@0.5:0.95,Mean Average Precision averaged over IOU thresholds 0.5 to 0.95 in 0.05 increments.,0.0,100.0,10.0,True,300.0
yolov8_det,float,tflite,44.4,,44.2,59.12,55.22,,,,,,,,,2026-10-04,main,qualcomm-snapdragon-8-elite-for-galaxy,coco,https://cocodataset.org/,val2017 split,Mean Average Precision,mAP@0.5:0.95,Mean Average Precision averaged over IOU thresholds 0.5 to 0.95 in 0.05 increments.,0.0,100.0,10.0,True,300.0
yolov8_det,float,qnn_dlc,44.4,,44.2,59.12,55.22,,,,,,,,,2026-10-04,main,qualcomm-snapdragon-8-elite-for-galaxy,coco,https://cocodataset.org/,val2017 split,Mean Average Precision,mAP@0.5:0.95,Mean Average Precision averaged over IOU thresholds 0.5 to 0.95 in 0.05 increments.,0.0,100.0,10.0,True,300.0
yolov8_det,float,qnn_dlc_via_qnn_ep,44.4,,44.3,59.12,55.68,,,,,,,,,2026-10-04,main,qualcomm-snapdragon-8-elite-for-galaxy,coco,https://cocodataset.org/,val2017 split,Mean Average Precision,mAP@0.5:0.95,Mean Average Precision averaged over IOU thresholds 0.5 to 0.95 in 0.05 increments.,0.0,100.0,10.0,True,300.0
yolov8_det,float,onnx,44.4,,44.3,59.12,55.67,,,,,,,,,2026-10-04,main,qualcomm-snapdragon-8-elite-for-galaxy,coco,https://cocodataset.org/,val2017 split,Mean Average Precision,mAP@0.5:0.95,Mean Average Precision averaged over IOU thresholds 0.5 to 0.95 in 0.05 increments.,0.0,100.0,10.0,True,300.0
yolov8_det,w8a8_mixed_int16,qnn_dlc,44.4,43.8,0.0,4.994,43.01,,,,,,,,,2026-10-04,main,qualcomm-snapdragon-8-elite-for-galaxy,coco,https://cocodataset.org/,val2017 split,Mean Average Precision,mAP@0.5:0.95,Mean Average Precision averaged over IOU thresholds 0.5 to 0.95 in 0.05 increments.,0.0,100.0,10.0,True,300.0
yolov8_det,w8a8_mixed_int16,qnn_dlc_via_qnn_ep,44.4,43.8,0.0,5.136,27.2,,,,,,,,,2026-10-04,main,qualcomm-snapdragon-8-elite-for-galaxy,coco,https://cocodataset.org/,val2017 split,Mean Average Precision,mAP@0.5:0.95,Mean Average Precision averaged over IOU thresholds 0.5 to 0.95 in 0.05 increments.,0.0,100.0,10.0,True,300.0
yolov8_det,w8a8_mixed_int16,onnx,44.4,43.8,0.0,5.137,27.2,,,,,,,,,2026-10-04,main,qualcomm-snapdragon-8-elite-for-galaxy,coco,https://cocodataset.org/,val2017 split,Mean Average Precision,mAP@0.5:0.95,Mean Average Precision averaged over IOU thresholds 0.5 to 0.95 in 0.05 increments.,0.0,100.0,10.0,True,300.0
yolov8_det,w8a16,qnn_dlc,44.4,44.4,0.0,5.146,27.06,,,,,,,,,2026-10-04,main,qualcomm-snapdragon-8-elite-for-galaxy,coco,https://cocodataset.org/,val2017 split,Mean Average Precision,mAP@0.5:0.95,Mean Average Precision averaged over IOU thresholds 0.5 to 0.95 in 0.05 increments.,0.0,100.0,10.0,True,300.0
yolov8_det,w8a16,qnn_dlc_via_qnn_ep,44.4,44.4,0.0,5.146,27.06,,,,,,,,,2026-10-04,main,qualcomm-snapdragon-8-elite-for-galaxy,coco,https://cocodataset.org/,val2017 split,Mean Average Precision,mAP@0.5:0.95,Mean Average Precision averaged over IOU thresholds 0.5 to 0.95 in 0.05 increments.,0.0,100.0,10.0,True,300.0
yolov8_det,w8a16,onnx,44.4,44.4,0.0,5.146,27.06,,,,,,,,,2026-10-04,main,qualcomm-snapdragon-8-elite-for-galaxy,coco,https://cocodataset.org/,val2017 split,Mean Average Precision,mAP@0.5:0.95,Mean Average Precision averaged over IOU thresholds 0.5 to 0.95 in 0.05 increments.,0.0,100.0,10.0,True,300.0
yolov8_det,w8a8,tflite,44.4,37.4,0.0,0.8438,27.3,,,,,,,,,2026-10-04,main,qualcomm-snapdragon-8-elite-for-galaxy,coco,https://cocodataset.org/,val2017 split,Mean Average Precision,mAP@0.5:0.95,Mean Average Precision averaged over IOU thresholds 0.5 to 0.95 in 0.05 increments.,0.0,100.0,10.0,True,300.0
yolov8_det,w8a8,qnn_dlc,44.4,37.4,2.16e-08,0.8436,27.31,,,,,,,,,2026-10-04,main,qualcomm-snapdragon-8-elite-for-galaxy,coco,https://cocodataset.org/,val2017 split,Mean Average Precision,mAP@0.5:0.95,Mean Average Precision averaged over IOU thresholds 0.5 to 0.95 in 0.05 increments.,0.0,100.0,10.0,True,300.0
yolov8_det,w8a8,qnn_dlc_via_qnn_ep,44.4,37.4,2.16e-08,0.8436,27.31,,,,,,,,,2026-10-04,main,qualcomm-snapdragon-8-elite-for-galaxy,coco,https://cocodataset.org/,val2017 split,Mean Average Precision,mAP@0.5:0.95,Mean Average Precision averaged over IOU thresholds 0.5 to 0.95 in 0.05 increments.,0.0,100.0,10.0,True,300.0
yolov8_det,w8a8,onnx,44.4,37.4,2.16e-08,0.8436,27.31,,,,,,,,,2026-10-04,main,qualcomm-snapdragon-8-elite-for-galaxy,coco,https://cocodataset.org/,val2017 split,Mean Average Precision,mAP@0.5:0.95,Mean Average Precision averaged over IOU thresholds 0.5 to 0.95 in 0.05 increments.,0.0,100.0,10.0,True,300.0
yolov8_obb,float,tflite,73.8,,74.2,59.86,39.78,5.669,,,,,,,,2026-10-04,main,qualcomm-snapdragon-8-elite-for-galaxy,dota128,https://docs.ultralytics.com/datasets/obb/dota128/,training subset (128 samples),Mean Average Precision,mAP@0.5:0.95,Mean Average Precision averaged over IOU thresholds 0.5 to 0.95 in 0.05 increments.,0.0,100.0,10.0,True,128.0
yolov8_obb,float,qnn_dlc,73.8,,74.2,59.86,39.78,5.669,,,,,,,,2026-10-04,main,qualcomm-snapdragon-8-elite-for-galaxy,dota128,https://docs.ultralytics.com/datasets/obb/dota128/,training subset (128 samples),Mean Average Precision,mAP@0.5:0.95,Mean Average Precision averaged over IOU thresholds 0.5 to 0.95 in 0.05 increments.,0.0,100.0,10.0,True,128.0
yolov8_obb,float,qnn_dlc_via_qnn_ep,73.8,,74.2,59.87,40.27,5.831,,,,,,,,2026-10-04,main,qualcomm-snapdragon-8-elite-for-galaxy,dota128,https://docs.ultralytics.com/datasets/obb/dota128/,training subset (128 samples),Mean Average Precision,mAP@0.5:0.95,Mean Average Precision averaged over IOU thresholds 0.5 to 0.95 in 0.05 increments.,0.0,100.0,10.0,True,128.0
yolov8_obb,float,onnx,73.8,,74.1,59.86,39.77,5.832,,,,,,,,2026-10-04,main,qualcomm-snapdragon-8-elite-for-galaxy,dota128,https://docs.ultralytics.com/datasets/obb/dota128/,training subset (128 samples),Mean Average Precision,mAP@0.5:0.95,Mean Average Precision averaged over IOU thresholds 0.5 to 0.95 in 0.05 increments.,0.0,100.0,10.0,True,128.0
yolov8_obb,w8a16,qnn_dlc,73.8,74.5,0.0,9.275,6.368,6.004,,,,,,,,2026-10-04,main,qualcomm-snapdragon-8-elite-for-galaxy,dota128,https://docs.ultralytics.com/datasets/obb/dota128/,training subset (128 samples),Mean Average Precision,mAP@0.5:0.95,Mean Average Precision averaged over IOU thresholds 0.5 to 0.95 in 0.05 increments.,0.0,100.0,10.0,True,128.0
yolov8_obb,w8a16,qnn_dlc_via_qnn_ep,73.8,74.5,0.0,9.275,6.368,6.004,,,,,,,,2026-10-04,main,qualcomm-snapdragon-8-elite-for-galaxy,dota128,https://docs.ultralytics.com/datasets/obb/dota128/,training subset (128 samples),Mean Average Precision,mAP@0.5:0.95,Mean Average Precision averaged over IOU thresholds 0.5 to 0.95 in 0.05 increments.,0.0,100.0,10.0,True,128.0
yolov8_obb,w8a16,onnx,73.8,74.5,0.0,9.275,6.368,6.004,,,,,,,,2026-10-04,main,qualcomm-snapdragon-8-elite-for-galaxy,dota128,https://docs.ultralytics.com/datasets/obb/dota128/,training subset (128 samples),Mean Average Precision,mAP@0.5:0.95,Mean Average Precision averaged over IOU thresholds 0.5 to 0.95 in 0.05 increments.,0.0,100.0,10.0,True,128.0
yolov8_obb,w8a8,tflite,73.8,66.5,,,,,,,,,,,,2026-10-04,main,qualcomm-snapdragon-8-elite-for-galaxy,dota128,https://docs.ultralytics.com/datasets/obb/dota128/,training subset (128 samples),Mean Average Precision,mAP@0.5:0.95,Mean Average Precision averaged over IOU thresholds 0.5 to 0.95 in 0.05 increments.,0.0,100.0,10.0,True,128.0
yolov8_obb,w8a8,qnn_dlc,73.8,66.5,0.452,3.177,6.578,5.7,,,,,,,,2026-10-04,main,qualcomm-snapdragon-8-elite-for-galaxy,dota128,https://docs.ultralytics.com/datasets/obb/dota128/,training subset (128 samples),Mean Average Precision,mAP@0.5:0.95,Mean Average Precision averaged over IOU thresholds 0.5 to 0.95 in 0.05 increments.,0.0,100.0,10.0,True,128.0
yolov8_obb,w8a8,qnn_dlc_via_qnn_ep,73.8,66.5,0.417,3.177,6.593,5.7,,,,,,,,2026-10-04,main,qualcomm-snapdragon-8-elite-for-galaxy,dota128,https://docs.ultralytics.com/datasets/obb/dota128/,training subset (128 samples),Mean Average Precision,mAP@0.5:0.95,Mean Average Precision averaged over IOU thresholds 0.5 to 0.95 in 0.05 increments.,0.0,100.0,10.0,True,128.0
yolov8_obb,w8a8,onnx,73.8,66.5,0.457,3.177,6.594,5.7,,,,,,,,2026-10-04,main,qualcomm-snapdragon-8-elite-for-galaxy,dota128,https://docs.ultralytics.com/datasets/obb/dota128/,training subset (128 samples),Mean Average Precision,mAP@0.5:0.95,Mean Average Precision averaged over IOU thresholds 0.5 to 0.95 in 0.05 increments.,0.0,100.0,10.0,True,128.0
yolov8_seg,float,tflite,27.6,,27.3,59.03,56.07,53.6,51.84,,,,,,,2026-10-04,main,qualcomm-snapdragon-8-elite-for-galaxy,coco_seg,https://cocodataset.org/,val2017 split,Mean Average Precision,mAP@0.5:0.95,Mean Average Precision averaged over IOU thresholds 0.5 to 0.95 in 0.05 increments.,0.0,100.0,10.0,True,100.0
yolov8_seg,float,qnn_dlc,27.6,,27.3,59.03,56.07,53.6,51.84,,,,,,,2026-10-04,main,qualcomm-snapdragon-8-elite-for-galaxy,coco_seg,https://cocodataset.org/,val2017 split,Mean Average Precision,mAP@0.5:0.95,Mean Average Precision averaged over IOU thresholds 0.5 to 0.95 in 0.05 increments.,0.0,100.0,10.0,True,100.0
yolov8_seg,float,qnn_dlc_via_qnn_ep,27.6,,27.7,59.03,56.83,53.6,51.84,,,,,,,2026-10-04,main,qualcomm-snapdragon-8-elite-for-galaxy,coco_seg,https://cocodataset.org/,val2017 split,Mean Average Precision,mAP@0.5:0.95,Mean Average Precision averaged over IOU thresholds 0.5 to 0.95 in 0.05 increments.,0.0,100.0,10.0,True,100.0
yolov8_seg,float,onnx,27.6,,27.7,59.03,56.84,53.6,51.84,,,,,,,2026-10-04,main,qualcomm-snapdragon-8-elite-for-galaxy,coco_seg,https://cocodataset.org/,val2017 split,Mean Average Precision,mAP@0.5:0.95,Mean Average Precision averaged over IOU thresholds 0.5 to 0.95 in 0.05 increments.,0.0,100.0,10.0,True,100.0
yolov9_det,float,tflite,44.6,,44.7,59.23,51.0,,,,,,,,,2026-10-04,main,qualcomm-snapdragon-8-elite-for-galaxy,coco,https://cocodataset.org/,val2017 split,Mean Average Precision,mAP@0.5:0.95,Mean Average Precision averaged over IOU thresholds 0.5 to 0.95 in 0.05 increments.,0.0,100.0,10.0,True,300.0
yolov9_det,float,qnn_dlc,44.6,,44.7,59.23,51.0,,,,,,,,,2026-10-04,main,qualcomm-snapdragon-8-elite-for-galaxy,coco,https://cocodataset.org/,val2017 split,Mean Average Precision,mAP@0.5:0.95,Mean Average Precision averaged over IOU thresholds 0.5 to 0.95 in 0.05 increments.,0.0,100.0,10.0,True,300.0
yolov9_det,float,qnn_dlc_via_qnn_ep,44.6,,44.8,59.23,51.17,,,,,,,,,2026-10-04,main,qualcomm-snapdragon-8-elite-for-galaxy,coco,https://cocodataset.org/,val2017 split,Mean Average Precision,mAP@0.5:0.95,Mean Average Precision averaged over IOU thresholds 0.5 to 0.95 in 0.05 increments.,0.0,100.0,10.0,True,300.0
yolov9_det,float,onnx,44.6,,44.8,59.22,51.25,,,,,,,,,2026-10-04,main,qualcomm-snapdragon-8-elite-for-galaxy,coco,https://cocodataset.org/,val2017 split,Mean Average Precision,mAP@0.5:0.95,Mean Average Precision averaged over IOU thresholds 0.5 to 0.95 in 0.05 increments.,0.0,100.0,10.0,True,300.0
yolov9_det,w8a16,qnn_dlc,44.6,44.5,0.0,5.425,26.63,,,,,,,,,2026-10-04,main,qualcomm-snapdragon-8-elite-for-galaxy,coco,https://cocodataset.org/,val2017 split,Mean Average Precision,mAP@0.5:0.95,Mean Average Precision averaged over IOU thresholds 0.5 to 0.95 in 0.05 increments.,0.0,100.0,10.0,True,300.0
yolov9_det,w8a16,qnn_dlc_via_qnn_ep,44.6,44.5,0.0,5.425,26.63,,,,,,,,,2026-10-04,main,qualcomm-snapdragon-8-elite-for-galaxy,coco,https://cocodataset.org/,val2017 split,Mean Average Precision,mAP@0.5:0.95,Mean Average Precision averaged over IOU thresholds 0.5 to 0.95 in 0.05 increments.,0.0,100.0,10.0,True,300.0
yolov9_det,w8a16,onnx,44.6,44.5,0.0,5.425,26.63,,,,,,,,,2026-10-04,main,qualcomm-snapdragon-8-elite-for-galaxy,coco,https://cocodataset.org/,val2017 split,Mean Average Precision,mAP@0.5:0.95,Mean Average Precision averaged over IOU thresholds 0.5 to 0.95 in 0.05 increments.,0.0,100.0,10.0,True,300.0
yolov9_det,w8a8,tflite,44.6,38.6,3.88e-07,0.6293,26.92,,,,,,,,,2026-10-04,main,qualcomm-snapdragon-8-elite-for-galaxy,coco,https://cocodataset.org/,val2017 split,Mean Average Precision,mAP@0.5:0.95,Mean Average Precision averaged over IOU thresholds 0.5 to 0.95 in 0.05 increments.,0.0,100.0,10.0,True,300.0
yolov9_det,w8a8,qnn_dlc,44.6,38.6,3.26e-07,0.6281,26.92,,,,,,,,,2026-10-04,main,qualcomm-snapdragon-8-elite-for-galaxy,coco,https://cocodataset.org/,val2017 split,Mean Average Precision,mAP@0.5:0.95,Mean Average Precision averaged over IOU thresholds 0.5 to 0.95 in 0.05 increments.,0.0,100.0,10.0,True,300.0
yolov9_det,w8a8,qnn_dlc_via_qnn_ep,44.6,38.6,3.01e-07,0.6281,26.92,,,,,,,,,2026-10-04,main,qualcomm-snapdragon-8-elite-for-galaxy,coco,https://cocodataset.org/,val2017 split,Mean Average Precision,mAP@0.5:0.95,Mean Average Precision averaged over IOU thresholds 0.5 to 0.95 in 0.05 increments.,0.0,100.0,10.0,True,300.0
yolov9_det,w8a8,onnx,44.6,38.6,3.01e-07,0.6281,26.92,,,,,,,,,2026-10-04,main,qualcomm-snapdragon-8-elite-for-galaxy,coco,https://cocodataset.org/,val2017 split,Mean Average Precision,mAP@0.5:0.95,Mean Average Precision averaged over IOU thresholds 0.5 to 0.95 in 0.05 increments.,0.0,100.0,10.0,True,300.0
stable_diffusion_v2_1,w8a16,qnn_context_binary,,,,7.97,1.285,3.605,,,,,,,,2026-10-04,main,qualcomm-snapdragon-8-elite-for-galaxy,,,,,,,,,,,
stable_diffusion_v2_1,w8a16,precompiled_qnn_onnx,,,,7.97,1.285,3.605,,,,,,,,2026-10-04,main,qualcomm-snapdragon-8-elite-for-galaxy,,,,,,,,,,,
bevfusion_det,float,qnn_dlc_via_qnn_ep,,,,59.04,67.26,54.07,37.13,56.43,77.84,,,,,2026-10-04,main,qualcomm-snapdragon-8-elite-for-galaxy,,,,,,,,,,,
bevfusion_det,float,qnn_context_binary,,,,59.04,67.26,54.07,37.13,57.07,77.84,,,,,2026-10-04,main,qualcomm-snapdragon-8-elite-for-galaxy,,,,,,,,,,,
bevfusion_det,float,precompiled_qnn_onnx,,,,59.04,67.26,54.07,37.13,56.78,77.84,,,,,2026-10-04,main,qualcomm-snapdragon-8-elite-for-galaxy,,,,,,,,,,,
centernet_pose,float,qnn_dlc_via_qnn_ep,65.1,,64.3,54.47,66.32,66.72,60.15,55.71,62.5,,,,,2026-10-04,main,qualcomm-snapdragon-8-elite-for-galaxy,coco_body,http://images.cocodataset.org/,val2017 split,Mean Average Precision,mAP,Mean Average Precision (across predicted classes).,0.0,100.0,10.0,True,1000.0
centernet_pose,float,qnn_context_binary,65.1,,64.3,54.47,66.32,66.72,60.15,55.71,62.5,,,,,2026-10-04,main,qualcomm-snapdragon-8-elite-for-galaxy,coco_body,http://images.cocodataset.org/,val2017 split,Mean Average Precision,mAP,Mean Average Precision (across predicted classes).,0.0,100.0,10.0,True,1000.0
centernet_pose,float,precompiled_qnn_onnx,65.1,,64.3,54.47,66.32,66.72,60.15,55.71,62.5,,,,,2026-10-04,main,qualcomm-snapdragon-8-elite-for-galaxy,coco_body,http://images.cocodataset.org/,val2017 split,Mean Average Precision,mAP,Mean Average Precision (across predicted classes).,0.0,100.0,10.0,True,1000.0
melotts_zh,mixed_with_float,qnn_dlc_via_qnn_ep,,,,100.0,100.0,92.76,84.03,87.97,100.0,,0.9006,45.93,,2026-10-04,main,qualcomm-snapdragon-8-elite-for-galaxy,,,,,,,,,,,
melotts_zh,mixed_with_float,voice_ai,,,,100.0,100.0,92.76,84.03,87.97,100.0,,1.795,45.93,,2026-10-04,main,qualcomm-snapdragon-8-elite-for-galaxy,,,,,,,,,,,
opus_mt_es_en,float,qnn_dlc_via_qnn_ep,,,,14.74,15.46,14.8,15.47,15.22,14.78,13.74,14.48,12.25,15.09,2026-10-04,main,qualcomm-snapdragon-8-elite-for-galaxy,,,,,,,,,,,
opus_mt_es_en,float,voice_ai,,,,14.74,15.46,14.8,15.47,15.22,14.78,13.74,14.48,12.25,15.09,2026-10-04,main,qualcomm-snapdragon-8-elite-for-galaxy,,,,,,,,,,,
owlv2,float,qnn_context_binary,,,,76.42,73.02,90.5,100.0,,,,,,,2026-10-04,main,qualcomm-snapdragon-8-elite-for-galaxy,,,,,,,,,,,
owlv2,float,precompiled_qnn_onnx,,,,76.42,73.02,90.5,100.0,,,,,,,2026-10-04,main,qualcomm-snapdragon-8-elite-for-galaxy,,,,,,,,,,,
whisper_tiny,float,qnn_dlc_via_qnn_ep,,,,24.12,16.96,17.59,16.76,18.72,21.38,18.87,20.61,7.811,14.9,2026-10-04,main,qualcomm-snapdragon-8-elite-for-galaxy,,,,,,,,,,,
whisper_tiny,float,qnn_context_binary,,,,24.12,16.96,17.59,16.76,18.72,21.38,18.87,20.61,7.811,14.9,2026-10-04,main,qualcomm-snapdragon-8-elite-for-galaxy,,,,,,,,,,,
whisper_tiny,float,precompiled_qnn_onnx,,,,24.12,16.96,17.59,16.76,18.72,21.38,18.87,20.61,7.811,14.9,2026-10-04,main,qualcomm-snapdragon-8-elite-for-galaxy,,,,,,,,,,,
whisper_tiny,float,voice_ai,,,,24.12,16.96,17.59,16.76,18.72,21.38,18.87,20.61,7.811,14.9,2026-10-04,main,qualcomm-snapdragon-8-elite-for-galaxy,,,,,,,,,,,
albert_base_v2_hf,float,tflite,58.0,,57.2,19.99,,,,,,,,,,2026-10-04,main,qualcomm-snapdragon-8-elite-for-galaxy,wikitext_masked_albert_base_v2,https://huggingface.co/datasets/wikitext,wikitext-2-raw-v1 validation split,Top-1 Accuracy,%,Percentage of masked tokens correctly predicted (highest-probability token).,0.0,100.0,10.0,True,250.0
albert_base_v2_hf,float,qnn_dlc,58.0,,57.2,20.32,,,,,,,,,,2026-10-04,main,qualcomm-snapdragon-8-elite-for-galaxy,wikitext_masked_albert_base_v2,https://huggingface.co/datasets/wikitext,wikitext-2-raw-v1 validation split,Top-1 Accuracy,%,Percentage of masked tokens correctly predicted (highest-probability token).,0.0,100.0,10.0,True,250.0
albert_base_v2_hf,float,qnn_dlc_via_qnn_ep,58.0,,1.6,9.335,,,,,,,,,,2026-10-04,main,qualcomm-snapdragon-8-elite-for-galaxy,wikitext_masked_albert_base_v2,https://huggingface.co/datasets/wikitext,wikitext-2-raw-v1 validation split,Top-1 Accuracy,%,Percentage of masked tokens correctly predicted (highest-probability token).,0.0,100.0,10.0,True,250.0
albert_base_v2_hf,float,onnx,58.0,,57.2,20.32,,,,,,,,,,2026-10-04,main,qualcomm-snapdragon-8-elite-for-galaxy,wikitext_masked_albert_base_v2,https://huggingface.co/datasets/wikitext,wikitext-2-raw-v1 validation split,Top-1 Accuracy,%,Percentage of masked tokens correctly predicted (highest-probability token).,0.0,100.0,10.0,True,250.0
albert_base_v2_hf,w8a16,qnn_dlc,58.0,56.8,57.2,17.45,,,,,,,,,,2026-10-04,main,qualcomm-snapdragon-8-elite-for-galaxy,wikitext_masked_albert_base_v2,https://huggingface.co/datasets/wikitext,wikitext-2-raw-v1 validation split,Top-1 Accuracy,%,Percentage of masked tokens correctly predicted (highest-probability token).,0.0,100.0,10.0,True,250.0
albert_base_v2_hf,w8a16,qnn_dlc_via_qnn_ep,58.0,56.8,57.2,17.48,,,,,,,,,,2026-10-04,main,qualcomm-snapdragon-8-elite-for-galaxy,wikitext_masked_albert_base_v2,https://huggingface.co/datasets/wikitext,wikitext-2-raw-v1 validation split,Top-1 Accuracy,%,Percentage of masked tokens correctly predicted (highest-probability token).,0.0,100.0,10.0,True,250.0
albert_base_v2_hf,w8a16,onnx,58.0,56.8,56.0,17.81,,,,,,,,,,2026-10-04,main,qualcomm-snapdragon-8-elite-for-galaxy,wikitext_masked_albert_base_v2,https://huggingface.co/datasets/wikitext,wikitext-2-raw-v1 validation split,Top-1 Accuracy,%,Percentage of masked tokens correctly predicted (highest-probability token).,0.0,100.0,10.0,True,250.0
beit,float,tflite,83.1,,83.1,56.59,,,,,,,,,,2026-10-04,main,qualcomm-snapdragon-8-elite-for-galaxy,imagenet,https://www.image-net.org/,validation split,Top-1 Accuracy,%,Percentage of top 1 model predictions that are correct.,0.0,100.0,10.0,True,1000.0
beit,float,qnn_dlc,83.1,,83.1,56.59,,,,,,,,,,2026-10-04,main,qualcomm-snapdragon-8-elite-for-galaxy,imagenet,https://www.image-net.org/,validation split,Top-1 Accuracy,%,Percentage of top 1 model predictions that are correct.,0.0,100.0,10.0,True,1000.0
beit,float,qnn_dlc_via_qnn_ep,83.1,,83.1,56.59,,,,,,,,,,2026-10-04,main,qualcomm-snapdragon-8-elite-for-galaxy,imagenet,https://www.image-net.org/,validation split,Top-1 Accuracy,%,Percentage of top 1 model predictions that are correct.,0.0,100.0,10.0,True,1000.0
beit,float,onnx,83.1,,83.1,56.59,,,,,,,,,,2026-10-04,main,qualcomm-snapdragon-8-elite-for-galaxy,imagenet,https://www.image-net.org/,validation split,Top-1 Accuracy,%,Percentage of top 1 model predictions that are correct.,0.0,100.0,10.0,True,1000.0
beit,w8a16,qnn_dlc,83.1,83.5,83.3,12.24,,,,,,,,,,2026-10-04,main,qualcomm-snapdragon-8-elite-for-galaxy,imagenet,https://www.image-net.org/,validation split,Top-1 Accuracy,%,Percentage of top 1 model predictions that are correct.,0.0,100.0,10.0,True,1000.0
beit,w8a16,qnn_dlc_via_qnn_ep,83.1,83.5,83.3,12.24,,,,,,,,,,2026-10-04,main,qualcomm-snapdragon-8-elite-for-galaxy,imagenet,https://www.image-net.org/,validation split,Top-1 Accuracy,%,Percentage of top 1 model predictions that are correct.,0.0,100.0,10.0,True,1000.0
beit,w8a16,onnx,83.1,83.5,83.0,12.23,,,,,,,,,,2026-10-04,main,qualcomm-snapdragon-8-elite-for-galaxy,imagenet,https://www.image-net.org/,validation split,Top-1 Accuracy,%,Percentage of top 1 model predictions that are correct.,0.0,100.0,10.0,True,1000.0
cvt,float,tflite,0.377,,0.374,33.66,,,,,,,,,,2026-10-04,main,qualcomm-snapdragon-8-elite-for-galaxy,nuscenes_bev_cvt,,,,,,,,,,50.0
cvt,float,qnn_dlc,0.377,,0.376,42.09,,,,,,,,,,2026-10-04,main,qualcomm-snapdragon-8-elite-for-galaxy,nuscenes_bev_cvt,,,,,,,,,,50.0
cvt,float,qnn_dlc_via_qnn_ep,0.377,,0.376,42.09,,,,,,,,,,2026-10-04,main,qualcomm-snapdragon-8-elite-for-galaxy,nuscenes_bev_cvt,,,,,,,,,,50.0
cvt,float,onnx,0.377,,0.374,33.65,,,,,,,,,,2026-10-04,main,qualcomm-snapdragon-8-elite-for-galaxy,nuscenes_bev_cvt,,,,,,,,,,50.0
cvt,w8a16_mixed_int16,qnn_dlc,0.377,0.375,0.0183,3.056,,,,,,,,,,2026-10-04,main,qualcomm-snapdragon-8-elite-for-galaxy,nuscenes_bev_cvt,,,,,,,,,,50.0
cvt,w8a16_mixed_int16,qnn_dlc_via_qnn_ep,0.377,0.375,0.0183,3.532,,,,,,,,,,2026-10-04,main,qualcomm-snapdragon-8-elite-for-galaxy,nuscenes_bev_cvt,,,,,,,,,,50.0
cvt,w8a16_mixed_int16,onnx,0.377,0.375,0.0183,3.436,,,,,,,,,,2026-10-04,main,qualcomm-snapdragon-8-elite-for-galaxy,nuscenes_bev_cvt,,,,,,,,,,50.0
depth_anything_v2,float,tflite,97.2,,97.2,55.99,,,,,,,,,,2026-10-04,main,qualcomm-snapdragon-8-elite-for-galaxy,nyuv2,https://cs.nyu.edu/~fergus/datasets/nyu_depth_v2.html,validation split,Delta Threshold Accuracy,δ1,The percentage of pixels where the predicted depth is within 25% of the expected.,0.0,100.0,10.0,True,100.0
depth_anything_v2,float,qnn_dlc,97.2,,97.2,55.99,,,,,,,,,,2026-10-04,main,qualcomm-snapdragon-8-elite-for-galaxy,nyuv2,https://cs.nyu.edu/~fergus/datasets/nyu_depth_v2.html,validation split,Delta Threshold Accuracy,δ1,The percentage of pixels where the predicted depth is within 25% of the expected.,0.0,100.0,10.0,True,100.0
depth_anything_v2,float,qnn_dlc_via_qnn_ep,97.2,,97.2,55.99,,,,,,,,,,2026-10-04,main,qualcomm-snapdragon-8-elite-for-galaxy,nyuv2,https://cs.nyu.edu/~fergus/datasets/nyu_depth_v2.html,validation split,Delta Threshold Accuracy,δ1,The percentage of pixels where the predicted depth is within 25% of the expected.,0.0,100.0,10.0,True,100.0
depth_anything_v2,float,onnx,97.2,,97.2,56.07,,,,,,,,,,2026-10-04,main,qualcomm-snapdragon-8-elite-for-galaxy,nyuv2,https://cs.nyu.edu/~fergus/datasets/nyu_depth_v2.html,validation split,Delta Threshold Accuracy,δ1,The percentage of pixels where the predicted depth is within 25% of the expected.,0.0,100.0,10.0,True,100.0
edgetam,float,tflite,,,,18.76,45.6,34.7,55.22,18.48,55.16,56.49,32.29,67.52,50.79,2026-10-04,main,qualcomm-snapdragon-8-elite-for-galaxy,,,,,,,,,,,
edgetam,float,qnn_dlc,,,,18.76,45.6,34.7,55.22,18.48,55.85,56.49,44.97,67.52,50.79,2026-10-04,main,qualcomm-snapdragon-8-elite-for-galaxy,,,,,,,,,,,
edgetam,float,qnn_dlc_via_qnn_ep,,,,18.76,45.6,34.7,55.22,18.48,55.07,6.611,-32.15,67.52,50.79,2026-10-04,main,qualcomm-snapdragon-8-elite-for-galaxy,,,,,,,,,,,
edgetam,float,onnx,,,,18.74,45.63,34.72,55.22,18.46,55.16,6.611,-32.15,67.52,50.79,2026-10-04,main,qualcomm-snapdragon-8-elite-for-galaxy,,,,,,,,,,,
edgetam,w8a8,tflite,,,,5.935,3.966,4.115,5.854,5.868,5.778,-0.5741,0.005195,4.054,-5.601,2026-10-04,main,qualcomm-snapdragon-8-elite-for-galaxy,,,,,,,,,,,
edgetam,w8a8,qnn_dlc,,,,5.812,3.966,3.99,5.854,5.956,5.393,-0.6547,0.005195,4.137,-7.452,2026-10-04,main,qualcomm-snapdragon-8-elite-for-galaxy,,,,,,,,,,,
edgetam,w8a8,qnn_dlc_via_qnn_ep,,,,5.812,3.966,3.99,5.854,5.956,5.393,-0.6237,0.005195,4.137,-7.452,2026-10-04,main,qualcomm-snapdragon-8-elite-for-galaxy,,,,,,,,,,,
edgetam,w8a8,onnx,,,,5.812,3.966,3.99,5.854,5.956,5.393,-0.64,0.005195,4.137,-7.452,2026-10-04,main,qualcomm-snapdragon-8-elite-for-galaxy,,,,,,,,,,,
efficientnet_v2_s,float,tflite,83.1,,82.5,49.19,,,,,,,,,,2026-10-04,main,qualcomm-snapdragon-8-elite-for-galaxy,imagenet_efficientnet_v2_s,https://www.image-net.org/,validation split,Top-1 Accuracy,%,Percentage of top 1 model predictions that are correct.,0.0,100.0,10.0,True,1000.0
efficientnet_v2_s,float,qnn_dlc,83.1,,82.5,49.19,,,,,,,,,,2026-10-04,main,qualcomm-snapdragon-8-elite-for-galaxy,imagenet_efficientnet_v2_s,https://www.image-net.org/,validation split,Top-1 Accuracy,%,Percentage of top 1 model predictions that are correct.,0.0,100.0,10.0,True,1000.0
efficientnet_v2_s,float,qnn_dlc_via_qnn_ep,83.1,,82.5,49.19,,,,,,,,,,2026-10-04,main,qualcomm-snapdragon-8-elite-for-galaxy,imagenet_efficientnet_v2_s,https://www.image-net.org/,validation split,Top-1 Accuracy,%,Percentage of top 1 model predictions that are correct.,0.0,100.0,10.0,True,1000.0
efficientnet_v2_s,float,onnx,83.1,,82.5,49.19,,,,,,,,,,2026-10-04,main,qualcomm-snapdragon-8-elite-for-galaxy,imagenet_efficientnet_v2_s,https://www.image-net.org/,validation split,Top-1 Accuracy,%,Percentage of top 1 model predictions that are correct.,0.0,100.0,10.0,True,1000.0
efficientnet_v2_s,w8a16,qnn_dlc,83.1,82.7,82.7,13.96,,,,,,,,,,2026-10-04,main,qualcomm-snapdragon-8-elite-for-galaxy,imagenet_efficientnet_v2_s,https://www.image-net.org/,validation split,Top-1 Accuracy,%,Percentage of top 1 model predictions that are correct.,0.0,100.0,10.0,True,1000.0
efficientnet_v2_s,w8a16,qnn_dlc_via_qnn_ep,83.1,82.7,82.7,13.96,,,,,,,,,,2026-10-04,main,qualcomm-snapdragon-8-elite-for-galaxy,imagenet_efficientnet_v2_s,https://www.image-net.org/,validation split,Top-1 Accuracy,%,Percentage of top 1 model predictions that are correct.,0.0,100.0,10.0,True,1000.0
efficientnet_v2_s,w8a16,onnx,83.1,82.7,82.7,13.96,,,,,,,,,,2026-10-04,main,qualcomm-snapdragon-8-elite-for-galaxy,imagenet_efficientnet_v2_s,https://www.image-net.org/,validation split,Top-1 Accuracy,%,Percentage of top 1 model predictions that are correct.,0.0,100.0,10.0,True,1000.0
efficientvit_l2_cls,float,tflite,84.6,,77.6,,,,,,,,,,,2026-10-04,main,qualcomm-snapdragon-8-elite-for-galaxy,imagenet_efficientvit_l2,https://www.image-net.org/,validation split,Top-1 Accuracy,%,Percentage of top 1 model predictions that are correct.,0.0,100.0,10.0,True,1000.0
efficientvit_l2_cls,float,qnn_dlc,84.6,,77.6,,,,,,,,,,,2026-10-04,main,qualcomm-snapdragon-8-elite-for-galaxy,imagenet_efficientvit_l2,https://www.image-net.org/,validation split,Top-1 Accuracy,%,Percentage of top 1 model predictions that are correct.,0.0,100.0,10.0,True,1000.0
efficientvit_l2_cls,float,qnn_dlc_via_qnn_ep,84.6,,77.6,,,,,,,,,,,2026-10-04,main,qualcomm-snapdragon-8-elite-for-galaxy,imagenet_efficientvit_l2,https://www.image-net.org/,validation split,Top-1 Accuracy,%,Percentage of top 1 model predictions that are correct.,0.0,100.0,10.0,True,1000.0
efficientvit_l2_cls,float,onnx,84.6,,77.6,,,,,,,,,,,2026-10-04,main,qualcomm-snapdragon-8-elite-for-galaxy,imagenet_efficientvit_l2,https://www.image-net.org/,validation split,Top-1 Accuracy,%,Percentage of top 1 model predictions that are correct.,0.0,100.0,10.0,True,1000.0
efficientvit_l2_cls,w8a16,qnn_dlc,84.6,84.2,83.9,12.66,,,,,,,,,,2026-10-04,main,qualcomm-snapdragon-8-elite-for-galaxy,imagenet_efficientvit_l2,https://www.image-net.org/,validation split,Top-1 Accuracy,%,Percentage of top 1 model predictions that are correct.,0.0,100.0,10.0,True,1000.0
efficientvit_l2_cls,w8a16,qnn_dlc_via_qnn_ep,84.6,84.2,83.9,12.66,,,,,,,,,,2026-10-04,main,qualcomm-snapdragon-8-elite-for-galaxy,imagenet_efficientvit_l2,https://www.image-net.org/,validation split,Top-1 Accuracy,%,Percentage of top 1 model predictions that are correct.,0.0,100.0,10.0,True,1000.0
efficientvit_l2_cls,w8a16,onnx,84.6,84.2,84.1,12.67,,,,,,,,,,2026-10-04,main,qualcomm-snapdragon-8-elite-for-galaxy,imagenet_efficientvit_l2,https://www.image-net.org/,validation split,Top-1 Accuracy,%,Percentage of top 1 model predictions that are correct.,0.0,100.0,10.0,True,1000.0
efficientvit_l2_seg,float,tflite,81.4,,,,,,,,,,,,,2026-10-04,main,qualcomm-snapdragon-8-elite-for-galaxy,cityscapes,https://www.cityscapes-dataset.com/,validation split,Mean Intersection Over Union,mIOU,Overlap of predicted and expected segmentation divided by the union size.,0.0,100.0,10.0,True,50.0
efficientvit_l2_seg,float,qnn_dlc,81.4,,15.4,14.21,,,,,,,,,,2026-10-04,main,qualcomm-snapdragon-8-elite-for-galaxy,cityscapes,https://www.cityscapes-dataset.com/,validation split,Mean Intersection Over Union,mIOU,Overlap of predicted and expected segmentation divided by the union size.,0.0,100.0,10.0,True,50.0
efficientvit_l2_seg,float,qnn_dlc_via_qnn_ep,81.4,,15.4,14.21,,,,,,,,,,2026-10-04,main,qualcomm-snapdragon-8-elite-for-galaxy,cityscapes,https://www.cityscapes-dataset.com/,validation split,Mean Intersection Over Union,mIOU,Overlap of predicted and expected segmentation divided by the union size.,0.0,100.0,10.0,True,50.0
efficientvit_l2_seg,float,onnx,81.4,,15.4,14.21,,,,,,,,,,2026-10-04,main,qualcomm-snapdragon-8-elite-for-galaxy,cityscapes,https://www.cityscapes-dataset.com/,validation split,Mean Intersection Over Union,mIOU,Overlap of predicted and expected segmentation divided by the union size.,0.0,100.0,10.0,True,50.0
face_det_lite,float,tflite,71.4,,71.4,50.27,50.54,52.12,,,,,,,,2026-10-04,main,qualcomm-snapdragon-8-elite-for-galaxy,face_det_lite,,,,,,,,,,1000.0
face_det_lite,float,qnn_dlc,71.4,,71.4,50.27,50.54,52.12,,,,,,,,2026-10-04,main,qualcomm-snapdragon-8-elite-for-galaxy,face_det_lite,,,,,,,,,,1000.0
face_det_lite,float,qnn_dlc_via_qnn_ep,71.4,,71.4,50.27,50.54,52.12,,,,,,,,2026-10-04,main,qualcomm-snapdragon-8-elite-for-galaxy,face_det_lite,,,,,,,,,,1000.0
face_det_lite,float,onnx,71.4,,71.3,50.22,50.51,52.09,,,,,,,,2026-10-04,main,qualcomm-snapdragon-8-elite-for-galaxy,face_det_lite,,,,,,,,,,1000.0
face_det_lite,w8a16_mixed_int16,qnn_dlc,71.4,71.8,0.0,13.99,12.56,7.194,,,,,,,,2026-10-04,main,qualcomm-snapdragon-8-elite-for-galaxy,face_det_lite,,,,,,,,,,1000.0
face_det_lite,w8a16_mixed_int16,qnn_dlc_via_qnn_ep,71.4,71.8,0.0,13.99,12.56,7.194,,,,,,,,2026-10-04,main,qualcomm-snapdragon-8-elite-for-galaxy,face_det_lite,,,,,,,,,,1000.0
face_det_lite,w8a16_mixed_int16,onnx,71.4,71.8,0.0,13.99,12.56,7.194,,,,,,,,2026-10-04,main,qualcomm-snapdragon-8-elite-for-galaxy,face_det_lite,,,,,,,,,,1000.0
face_det_lite,w8a16,qnn_dlc,71.4,69.1,0.0,13.7,13.08,6.958,,,,,,,,2026-10-04,main,qualcomm-snapdragon-8-elite-for-galaxy,face_det_lite,,,,,,,,,,1000.0
face_det_lite,w8a16,qnn_dlc_via_qnn_ep,71.4,69.1,0.0,13.7,13.08,6.958,,,,,,,,2026-10-04,main,qualcomm-snapdragon-8-elite-for-galaxy,face_det_lite,,,,,,,,,,1000.0
face_det_lite,w8a16,onnx,71.4,69.1,0.0,13.7,13.08,6.958,,,,,,,,2026-10-04,main,qualcomm-snapdragon-8-elite-for-galaxy,face_det_lite,,,,,,,,,,1000.0
face_det_lite,w8a8,tflite,71.4,63.3,0.0,11.67,14.39,7.224,,,,,,,,2026-10-04,main,qualcomm-snapdragon-8-elite-for-galaxy,face_det_lite,,,,,,,,,,1000.0
face_det_lite,w8a8,qnn_dlc,71.4,63.3,0.0,11.6,14.39,7.224,,,,,,,,2026-10-04,main,qualcomm-snapdragon-8-elite-for-galaxy,face_det_lite,,,,,,,,,,1000.0
face_det_lite,w8a8,qnn_dlc_via_qnn_ep,71.4,63.3,0.0,11.67,14.39,7.224,,,,,,,,2026-10-04,main,qualcomm-snapdragon-8-elite-for-galaxy,face_det_lite,,,,,,,,,,1000.0
face_det_lite,w8a8,onnx,71.4,63.3,0.0,11.67,14.39,7.224,,,,,,,,2026-10-04,main,qualcomm-snapdragon-8-elite-for-galaxy,face_det_lite,,,,,,,,,,1000.0
funasr_conformer_en,float,tflite,16.6,,16.5,42.54,,,,,,,,,,2026-10-04,main,qualcomm-snapdragon-8-elite-for-galaxy,conformer_libri_speech,https://www.openslr.org/12,test split,Word Error Rate,WER,The percentage of words incorrectly predicted.,0.0,100.0,10.0,False,500.0
funasr_conformer_en,float,qnn_dlc,16.6,,16.5,42.54,,,,,,,,,,2026-10-04,main,qualcomm-snapdragon-8-elite-for-galaxy,conformer_libri_speech,https://www.openslr.org/12,test split,Word Error Rate,WER,The percentage of words incorrectly predicted.,0.0,100.0,10.0,False,500.0
funasr_conformer_en,float,qnn_dlc_via_qnn_ep,16.6,,16.5,42.54,,,,,,,,,,2026-10-04,main,qualcomm-snapdragon-8-elite-for-galaxy,conformer_libri_speech,https://www.openslr.org/12,test split,Word Error Rate,WER,The percentage of words incorrectly predicted.,0.0,100.0,10.0,False,500.0
funasr_conformer_en,float,onnx,16.6,,16.5,42.54,,,,,,,,,,2026-10-04,main,qualcomm-snapdragon-8-elite-for-galaxy,conformer_libri_speech,https://www.openslr.org/12,test split,Word Error Rate,WER,The percentage of words incorrectly predicted.,0.0,100.0,10.0,False,500.0
gpunet,float,tflite,73.5,,73.5,55.25,,,,,,,,,,2026-10-04,main,qualcomm-snapdragon-8-elite-for-galaxy,imagenet,https://www.image-net.org/,validation split,Top-1 Accuracy,%,Percentage of top 1 model predictions that are correct.,0.0,100.0,10.0,True,1000.0
gpunet,float,qnn_dlc,73.5,,73.5,55.25,,,,,,,,,,2026-10-04,main,qualcomm-snapdragon-8-elite-for-galaxy,imagenet,https://www.image-net.org/,validation split,Top-1 Accuracy,%,Percentage of top 1 model predictions that are correct.,0.0,100.0,10.0,True,1000.0
gpunet,float,qnn_dlc_via_qnn_ep,73.5,,73.5,55.25,,,,,,,,,,2026-10-04,main,qualcomm-snapdragon-8-elite-for-galaxy,imagenet,https://www.image-net.org/,validation split,Top-1 Accuracy,%,Percentage of top 1 model predictions that are correct.,0.0,100.0,10.0,True,1000.0
gpunet,float,onnx,73.5,,73.7,55.21,,,,,,,,,,2026-10-04,main,qualcomm-snapdragon-8-elite-for-galaxy,imagenet,https://www.image-net.org/,validation split,Top-1 Accuracy,%,Percentage of top 1 model predictions that are correct.,0.0,100.0,10.0,True,1000.0
gpunet,w8a16,qnn_dlc,73.5,73.2,73.3,9.569,,,,,,,,,,2026-10-04,main,qualcomm-snapdragon-8-elite-for-galaxy,imagenet,https://www.image-net.org/,validation split,Top-1 Accuracy,%,Percentage of top 1 model predictions that are correct.,0.0,100.0,10.0,True,1000.0
gpunet,w8a16,qnn_dlc_via_qnn_ep,73.5,73.2,73.3,9.569,,,,,,,,,,2026-10-04,main,qualcomm-snapdragon-8-elite-for-galaxy,imagenet,https://www.image-net.org/,validation split,Top-1 Accuracy,%,Percentage of top 1 model predictions that are correct.,0.0,100.0,10.0,True,1000.0
gpunet,w8a16,onnx,73.5,73.2,73.3,9.569,,,,,,,,,,2026-10-04,main,qualcomm-snapdragon-8-elite-for-galaxy,imagenet,https://www.image-net.org/,validation split,Top-1 Accuracy,%,Percentage of top 1 model predictions that are correct.,0.0,100.0,10.0,True,1000.0
gpunet,w8a8,tflite,73.5,72.9,73.2,9.912,,,,,,,,,,2026-10-04,main,qualcomm-snapdragon-8-elite-for-galaxy,imagenet,https://www.image-net.org/,validation split,Top-1 Accuracy,%,Percentage of top 1 model predictions that are correct.,0.0,100.0,10.0,True,1000.0
gpunet,w8a8,qnn_dlc,73.5,72.9,72.8,9.918,,,,,,,,,,2026-10-04,main,qualcomm-snapdragon-8-elite-for-galaxy,imagenet,https://www.image-net.org/,validation split,Top-1 Accuracy,%,Percentage of top 1 model predictions that are correct.,0.0,100.0,10.0,True,1000.0
gpunet,w8a8,qnn_dlc_via_qnn_ep,73.5,72.9,72.8,9.918,,,,,,,,,,2026-10-04,main,qualcomm-snapdragon-8-elite-for-galaxy,imagenet,https://www.image-net.org/,validation split,Top-1 Accuracy,%,Percentage of top 1 model predictions that are correct.,0.0,100.0,10.0,True,1000.0
gpunet,w8a8,onnx,73.5,72.9,72.8,9.918,,,,,,,,,,2026-10-04,main,qualcomm-snapdragon-8-elite-for-galaxy,imagenet,https://www.image-net.org/,validation split,Top-1 Accuracy,%,Percentage of top 1 model predictions that are correct.,0.0,100.0,10.0,True,1000.0
huggingface_wavlm_base_plus,float,tflite,20.7,,99.9,13.97,,,,,,,,,,2026-10-04,main,qualcomm-snapdragon-8-elite-for-galaxy,libri_speech,https://www.openslr.org/12,test split,Word Error Rate,WER,The percentage of words incorrectly predicted.,0.0,100.0,10.0,False,500.0
huggingface_wavlm_base_plus,float,qnn_dlc,20.7,,20.7,23.4,,,,,,,,,,2026-10-04,main,qualcomm-snapdragon-8-elite-for-galaxy,libri_speech,https://www.openslr.org/12,test split,Word Error Rate,WER,The percentage of words incorrectly predicted.,0.0,100.0,10.0,False,500.0
huggingface_wavlm_base_plus,float,qnn_dlc_via_qnn_ep,20.7,,20.7,23.4,,,,,,,,,,2026-10-04,main,qualcomm-snapdragon-8-elite-for-galaxy,libri_speech,https://www.openslr.org/12,test split,Word Error Rate,WER,The percentage of words incorrectly predicted.,0.0,100.0,10.0,False,500.0
huggingface_wavlm_base_plus,float,onnx,20.7,,20.7,23.4,,,,,,,,,,2026-10-04,main,qualcomm-snapdragon-8-elite-for-galaxy,libri_speech,https://www.openslr.org/12,test split,Word Error Rate,WER,The percentage of words incorrectly predicted.,0.0,100.0,10.0,False,500.0
inception_v3,float,tflite,77.2,,77.3,77.7,,,,,,,,,,2026-10-04,main,qualcomm-snapdragon-8-elite-for-galaxy,imagenet_inception_v3,https://www.image-net.org/,validation split,Top-1 Accuracy,%,Percentage of top 1 model predictions that are correct.,0.0,100.0,10.0,True,1000.0
inception_v3,float,qnn_dlc,77.2,,77.2,78.37,,,,,,,,,,2026-10-04,main,qualcomm-snapdragon-8-elite-for-galaxy,imagenet_inception_v3,https://www.image-net.org/,validation split,Top-1 Accuracy,%,Percentage of top 1 model predictions that are correct.,0.0,100.0,10.0,True,1000.0
inception_v3,float,qnn_dlc_via_qnn_ep,77.2,,77.2,78.37,,,,,,,,,,2026-10-04,main,qualcomm-snapdragon-8-elite-for-galaxy,imagenet_inception_v3,https://www.image-net.org/,validation split,Top-1 Accuracy,%,Percentage of top 1 model predictions that are correct.,0.0,100.0,10.0,True,1000.0
inception_v3,float,onnx,77.2,,77.3,77.96,,,,,,,,,,2026-10-04,main,qualcomm-snapdragon-8-elite-for-galaxy,imagenet_inception_v3,https://www.image-net.org/,validation split,Top-1 Accuracy,%,Percentage of top 1 model predictions that are correct.,0.0,100.0,10.0,True,1000.0
inception_v3,w8a8,tflite,77.2,77.1,77.1,15.91,,,,,,,,,,2026-10-04,main,qualcomm-snapdragon-8-elite-for-galaxy,imagenet_inception_v3,https://www.image-net.org/,validation split,Top-1 Accuracy,%,Percentage of top 1 model predictions that are correct.,0.0,100.0,10.0,True,1000.0
inception_v3,w8a8,qnn_dlc,77.2,77.1,77.1,15.92,,,,,,,,,,2026-10-04,main,qualcomm-snapdragon-8-elite-for-galaxy,imagenet_inception_v3,https://www.image-net.org/,validation split,Top-1 Accuracy,%,Percentage of top 1 model predictions that are correct.,0.0,100.0,10.0,True,1000.0
inception_v3,w8a8,qnn_dlc_via_qnn_ep,77.2,77.1,77.1,15.92,,,,,,,,,,2026-10-04,main,qualcomm-snapdragon-8-elite-for-galaxy,imagenet_inception_v3,https://www.image-net.org/,validation split,Top-1 Accuracy,%,Percentage of top 1 model predictions that are correct.,0.0,100.0,10.0,True,1000.0
inception_v3,w8a8,onnx,77.2,77.1,77.1,15.92,,,,,,,,,,2026-10-04,main,qualcomm-snapdragon-8-elite-for-galaxy,imagenet_inception_v3,https://www.image-net.org/,validation split,Top-1 Accuracy,%,Percentage of top 1 model predictions that are correct.,0.0,100.0,10.0,True,1000.0
lama_dilated,float,tflite,0.945,,0.945,60.12,,,,,,,,,,2026-10-04,main,qualcomm-snapdragon-8-elite-for-galaxy,celeb_ahq,https://github.com/IIGROUP/MM-CelebA-HQ-Dataset,validation split,Structural Similarity,SSIM,A measure of the perceived quality difference between two images.,0.0,1.0,0.1,True,100.0
lama_dilated,float,qnn_dlc,0.945,,0.945,60.12,,,,,,,,,,2026-10-04,main,qualcomm-snapdragon-8-elite-for-galaxy,celeb_ahq,https://github.com/IIGROUP/MM-CelebA-HQ-Dataset,validation split,Structural Similarity,SSIM,A measure of the perceived quality difference between two images.,0.0,1.0,0.1,True,100.0
lama_dilated,float,qnn_dlc_via_qnn_ep,0.945,,0.945,60.12,,,,,,,,,,2026-10-04,main,qualcomm-snapdragon-8-elite-for-galaxy,celeb_ahq,https://github.com/IIGROUP/MM-CelebA-HQ-Dataset,validation split,Structural Similarity,SSIM,A measure of the perceived quality difference between two images.,0.0,1.0,0.1,True,100.0
lama_dilated,float,onnx,0.945,,0.945,60.12,,,,,,,,,,2026-10-04,main,qualcomm-snapdragon-8-elite-for-galaxy,celeb_ahq,https://github.com/IIGROUP/MM-CelebA-HQ-Dataset,validation split,Structural Similarity,SSIM,A measure of the perceived quality difference between two images.,0.0,1.0,0.1,True,100.0
maskrcnn,float,qnn_dlc,,,,78.18,73.4,72.52,72.76,78.06,72.78,45.55,14.53,6.61,6.199,2026-10-04,main,qualcomm-snapdragon-8-elite-for-galaxy,,,,,,,,,,,
maskrcnn,float,qnn_dlc_via_qnn_ep,,,,78.18,73.4,72.52,72.76,78.06,72.78,45.55,14.53,6.61,6.199,2026-10-04,main,qualcomm-snapdragon-8-elite-for-galaxy,,,,,,,,,,,
maskrcnn,float,onnx,,,,77.05,72.22,71.21,70.69,78.05,71.55,45.55,14.53,6.61,6.199,2026-10-04,main,qualcomm-snapdragon-8-elite-for-galaxy,,,,,,,,,,,
midas,float,tflite,88.1,,88.1,64.61,,,,,,,,,,2026-10-04,main,qualcomm-snapdragon-8-elite-for-galaxy,nyuv2,https://cs.nyu.edu/~fergus/datasets/nyu_depth_v2.html,validation split,Delta Threshold Accuracy,δ1,The percentage of pixels where the predicted depth is within 25% of the expected.,0.0,100.0,10.0,True,100.0
midas,float,qnn_dlc,88.1,,88.1,64.61,,,,,,,,,,2026-10-04,main,qualcomm-snapdragon-8-elite-for-galaxy,nyuv2,https://cs.nyu.edu/~fergus/datasets/nyu_depth_v2.html,validation split,Delta Threshold Accuracy,δ1,The percentage of pixels where the predicted depth is within 25% of the expected.,0.0,100.0,10.0,True,100.0
midas,float,qnn_dlc_via_qnn_ep,88.1,,88.1,64.61,,,,,,,,,,2026-10-04,main,qualcomm-snapdragon-8-elite-for-galaxy,nyuv2,https://cs.nyu.edu/~fergus/datasets/nyu_depth_v2.html,validation split,Delta Threshold Accuracy,δ1,The percentage of pixels where the predicted depth is within 25% of the expected.,0.0,100.0,10.0,True,100.0
midas,float,onnx,88.1,,88.1,64.13,,,,,,,,,,2026-10-04,main,qualcomm-snapdragon-8-elite-for-galaxy,nyuv2,https://cs.nyu.edu/~fergus/datasets/nyu_depth_v2.html,validation split,Delta Threshold Accuracy,δ1,The percentage of pixels where the predicted depth is within 25% of the expected.,0.0,100.0,10.0,True,100.0
midas,w8a8,tflite,88.1,87.9,0.701,-4.633,,,,,,,,,,2026-10-04,main,qualcomm-snapdragon-8-elite-for-galaxy,nyuv2,https://cs.nyu.edu/~fergus/datasets/nyu_depth_v2.html,validation split,Delta Threshold Accuracy,δ1,The percentage of pixels where the predicted depth is within 25% of the expected.,0.0,100.0,10.0,True,100.0
midas,w8a8,qnn_dlc,88.1,87.9,0.701,-4.674,,,,,,,,,,2026-10-04,main,qualcomm-snapdragon-8-elite-for-galaxy,nyuv2,https://cs.nyu.edu/~fergus/datasets/nyu_depth_v2.html,validation split,Delta Threshold Accuracy,δ1,The percentage of pixels where the predicted depth is within 25% of the expected.,0.0,100.0,10.0,True,100.0
midas,w8a8,qnn_dlc_via_qnn_ep,88.1,87.9,0.701,-4.559,,,,,,,,,,2026-10-04,main,qualcomm-snapdragon-8-elite-for-galaxy,nyuv2,https://cs.nyu.edu/~fergus/datasets/nyu_depth_v2.html,validation split,Delta Threshold Accuracy,δ1,The percentage of pixels where the predicted depth is within 25% of the expected.,0.0,100.0,10.0,True,100.0
midas,w8a8,onnx,88.1,87.9,0.701,-4.559,,,,,,,,,,2026-10-04,main,qualcomm-snapdragon-8-elite-for-galaxy,nyuv2,https://cs.nyu.edu/~fergus/datasets/nyu_depth_v2.html,validation split,Delta Threshold Accuracy,δ1,The percentage of pixels where the predicted depth is within 25% of the expected.,0.0,100.0,10.0,True,100.0
mobile_bert_uncased_google,float,tflite,74.4,,0.4,20.91,,,,,,,,,,2026-10-04,main,qualcomm-snapdragon-8-elite-for-galaxy,wikitext_masked_google_mobilebert_uncased,https://huggingface.co/datasets/wikitext,wikitext-2-raw-v1 validation split,Top-1 Accuracy,%,Percentage of masked tokens correctly predicted (highest-probability token).,0.0,100.0,10.0,True,250.0
mobile_bert_uncased_google,float,qnn_dlc,74.4,,0.4,20.8,,,,,,,,,,2026-10-04,main,qualcomm-snapdragon-8-elite-for-galaxy,wikitext_masked_google_mobilebert_uncased,https://huggingface.co/datasets/wikitext,wikitext-2-raw-v1 validation split,Top-1 Accuracy,%,Percentage of masked tokens correctly predicted (highest-probability token).,0.0,100.0,10.0,True,250.0
mobile_bert_uncased_google,float,qnn_dlc_via_qnn_ep,74.4,,0.4,20.8,,,,,,,,,,2026-10-04,main,qualcomm-snapdragon-8-elite-for-galaxy,wikitext_masked_google_mobilebert_uncased,https://huggingface.co/datasets/wikitext,wikitext-2-raw-v1 validation split,Top-1 Accuracy,%,Percentage of masked tokens correctly predicted (highest-probability token).,0.0,100.0,10.0,True,250.0
mobile_bert_uncased_google,float,onnx,74.4,,75.2,43.96,,,,,,,,,,2026-10-04,main,qualcomm-snapdragon-8-elite-for-galaxy,wikitext_masked_google_mobilebert_uncased,https://huggingface.co/datasets/wikitext,wikitext-2-raw-v1 validation split,Top-1 Accuracy,%,Percentage of masked tokens correctly predicted (highest-probability token).,0.0,100.0,10.0,True,250.0
mobile_vit,float,tflite,77.2,,76.9,38.75,,,,,,,,,,2026-10-04,main,qualcomm-snapdragon-8-elite-for-galaxy,imagenet_256,https://www.image-net.org/,validation split,Top-1 Accuracy,%,Percentage of top 1 model predictions that are correct.,0.0,100.0,10.0,True,1000.0
mobile_vit,float,qnn_dlc,77.2,,76.9,38.75,,,,,,,,,,2026-10-04,main,qualcomm-snapdragon-8-elite-for-galaxy,imagenet_256,https://www.image-net.org/,validation split,Top-1 Accuracy,%,Percentage of top 1 model predictions that are correct.,0.0,100.0,10.0,True,1000.0
mobile_vit,float,qnn_dlc_via_qnn_ep,77.2,,76.9,38.75,,,,,,,,,,2026-10-04,main,qualcomm-snapdragon-8-elite-for-galaxy,imagenet_256,https://www.image-net.org/,validation split,Top-1 Accuracy,%,Percentage of top 1 model predictions that are correct.,0.0,100.0,10.0,True,1000.0
mobile_vit,float,onnx,77.2,,77.0,38.76,,,,,,,,,,2026-10-04,main,qualcomm-snapdragon-8-elite-for-galaxy,imagenet_256,https://www.image-net.org/,validation split,Top-1 Accuracy,%,Percentage of top 1 model predictions that are correct.,0.0,100.0,10.0,True,1000.0
mobile_vit,w8a16,qnn_dlc,77.2,76.6,76.3,7.394,,,,,,,,,,2026-10-04,main,qualcomm-snapdragon-8-elite-for-galaxy,imagenet_256,https://www.image-net.org/,validation split,Top-1 Accuracy,%,Percentage of top 1 model predictions that are correct.,0.0,100.0,10.0,True,1000.0
mobile_vit,w8a16,qnn_dlc_via_qnn_ep,77.2,76.6,76.3,7.394,,,,,,,,,,2026-10-04,main,qualcomm-snapdragon-8-elite-for-galaxy,imagenet_256,https://www.image-net.org/,validation split,Top-1 Accuracy,%,Percentage of top 1 model predictions that are correct.,0.0,100.0,10.0,True,1000.0
mobile_vit,w8a16,onnx,77.2,76.6,76.2,7.395,,,,,,,,,,2026-10-04,main,qualcomm-snapdragon-8-elite-for-galaxy,imagenet_256,https://www.image-net.org/,validation split,Top-1 Accuracy,%,Percentage of top 1 model predictions that are correct.,0.0,100.0,10.0,True,1000.0
mobilenet_v4,float,tflite,78.0,,78.1,70.92,,,,,,,,,,2026-10-04,main,qualcomm-snapdragon-8-elite-for-galaxy,imagenet,https://www.image-net.org/,validation split,Top-1 Accuracy,%,Percentage of top 1 model predictions that are correct.,0.0,100.0,10.0,True,1000.0
mobilenet_v4,float,qnn_dlc,78.0,,78.1,70.92,,,,,,,,,,2026-10-04,main,qualcomm-snapdragon-8-elite-for-galaxy,imagenet,https://www.image-net.org/,validation split,Top-1 Accuracy,%,Percentage of top 1 model predictions that are correct.,0.0,100.0,10.0,True,1000.0
mobilenet_v4,float,qnn_dlc_via_qnn_ep,78.0,,78.1,70.92,,,,,,,,,,2026-10-04,main,qualcomm-snapdragon-8-elite-for-galaxy,imagenet,https://www.image-net.org/,validation split,Top-1 Accuracy,%,Percentage of top 1 model predictions that are correct.,0.0,100.0,10.0,True,1000.0
mobilenet_v4,float,onnx,78.0,,78.1,70.02,,,,,,,,,,2026-10-04,main,qualcomm-snapdragon-8-elite-for-galaxy,imagenet,https://www.image-net.org/,validation split,Top-1 Accuracy,%,Percentage of top 1 model predictions that are correct.,0.0,100.0,10.0,True,1000.0
mobilenet_v4,w8a8,tflite,78.0,77.1,77.7,5.749,,,,,,,,,,2026-10-04,main,qualcomm-snapdragon-8-elite-for-galaxy,imagenet,https://www.image-net.org/,validation split,Top-1 Accuracy,%,Percentage of top 1 model predictions that are correct.,0.0,100.0,10.0,True,1000.0
mobilenet_v4,w8a8,qnn_dlc,78.0,77.1,77.4,5.745,,,,,,,,,,2026-10-04,main,qualcomm-snapdragon-8-elite-for-galaxy,imagenet,https://www.image-net.org/,validation split,Top-1 Accuracy,%,Percentage of top 1 model predictions that are correct.,0.0,100.0,10.0,True,1000.0
mobilenet_v4,w8a8,qnn_dlc_via_qnn_ep,78.0,77.1,76.9,5.746,,,,,,,,,,2026-10-04,main,qualcomm-snapdragon-8-elite-for-galaxy,imagenet,https://www.image-net.org/,validation split,Top-1 Accuracy,%,Percentage of top 1 model predictions that are correct.,0.0,100.0,10.0,True,1000.0
mobilenet_v4,w8a8,onnx,78.0,77.1,76.9,5.746,,,,,,,,,,2026-10-04,main,qualcomm-snapdragon-8-elite-for-galaxy,imagenet,https://www.image-net.org/,validation split,Top-1 Accuracy,%,Percentage of top 1 model predictions that are correct.,0.0,100.0,10.0,True,1000.0
nasnet,float,tflite,80.2,,80.2,84.0,,,,,,,,,,2026-10-04,main,qualcomm-snapdragon-8-elite-for-galaxy,imagenet_nasnet,https://www.image-net.org/,validation split,Top-1 Accuracy,%,Percentage of top 1 model predictions that are correct.,0.0,100.0,10.0,True,1000.0
nasnet,float,qnn_dlc,80.2,,80.2,86.61,,,,,,,,,,2026-10-04,main,qualcomm-snapdragon-8-elite-for-galaxy,imagenet_nasnet,https://www.image-net.org/,validation split,Top-1 Accuracy,%,Percentage of top 1 model predictions that are correct.,0.0,100.0,10.0,True,1000.0
nasnet,float,qnn_dlc_via_qnn_ep,80.2,,80.2,86.61,,,,,,,,,,2026-10-04,main,qualcomm-snapdragon-8-elite-for-galaxy,imagenet_nasnet,https://www.image-net.org/,validation split,Top-1 Accuracy,%,Percentage of top 1 model predictions that are correct.,0.0,100.0,10.0,True,1000.0
nasnet,float,onnx,80.2,,79.9,37.51,,,,,,,,,,2026-10-04,main,qualcomm-snapdragon-8-elite-for-galaxy,imagenet_nasnet,https://www.image-net.org/,validation split,Top-1 Accuracy,%,Percentage of top 1 model predictions that are correct.,0.0,100.0,10.0,True,1000.0
nasnet,w8a16,qnn_dlc,80.2,80.4,21.9,13.09,,,,,,,,,,2026-10-04,main,qualcomm-snapdragon-8-elite-for-galaxy,imagenet_nasnet,https://www.image-net.org/,validation split,Top-1 Accuracy,%,Percentage of top 1 model predictions that are correct.,0.0,100.0,10.0,True,1000.0
nasnet,w8a16,qnn_dlc_via_qnn_ep,80.2,80.4,22.1,13.09,,,,,,,,,,2026-10-04,main,qualcomm-snapdragon-8-elite-for-galaxy,imagenet_nasnet,https://www.image-net.org/,validation split,Top-1 Accuracy,%,Percentage of top 1 model predictions that are correct.,0.0,100.0,10.0,True,1000.0
nasnet,w8a16,onnx,80.2,80.4,16.1,13.07,,,,,,,,,,2026-10-04,main,qualcomm-snapdragon-8-elite-for-galaxy,imagenet_nasnet,https://www.image-net.org/,validation split,Top-1 Accuracy,%,Percentage of top 1 model predictions that are correct.,0.0,100.0,10.0,True,1000.0
nomic_embed_text,float,tflite,70.2,,84.3,20.19,,,,,,,,,,2026-10-04,main,qualcomm-snapdragon-8-elite-for-galaxy,amazon_counterfactual_classification,,,,,,,,,,100.0
nomic_embed_text,float,qnn_dlc,70.2,,84.3,20.19,,,,,,,,,,2026-10-04,main,qualcomm-snapdragon-8-elite-for-galaxy,amazon_counterfactual_classification,,,,,,,,,,100.0
nomic_embed_text,float,qnn_dlc_via_qnn_ep,70.2,,84.4,20.38,,,,,,,,,,2026-10-04,main,qualcomm-snapdragon-8-elite-for-galaxy,amazon_counterfactual_classification,,,,,,,,,,100.0
nomic_embed_text,float,onnx,70.2,,84.3,20.19,,,,,,,,,,2026-10-04,main,qualcomm-snapdragon-8-elite-for-galaxy,amazon_counterfactual_classification,,,,,,,,,,100.0
openai_clip,float,tflite,58.6,,58.6,74.15,80.22,,,,,,,,,2026-10-04,main,qualcomm-snapdragon-8-elite-for-galaxy,coco_captions,https://cocodataset.org/,val2017 split,Recall@1,%,Fraction of queries where the correct result is ranked first (text-to-image direction).,0.0,100.0,10.0,True,500.0
openai_clip,float,qnn_dlc,58.6,,58.6,74.16,80.3,,,,,,,,,2026-10-04,main,qualcomm-snapdragon-8-elite-for-galaxy,coco_captions,https://cocodataset.org/,val2017 split,Recall@1,%,Fraction of queries where the correct result is ranked first (text-to-image direction).,0.0,100.0,10.0,True,500.0
openai_clip,float,qnn_dlc_via_qnn_ep,58.6,,58.6,74.12,80.07,,,,,,,,,2026-10-04,main,qualcomm-snapdragon-8-elite-for-galaxy,coco_captions,https://cocodataset.org/,val2017 split,Recall@1,%,Fraction of queries where the correct result is ranked first (text-to-image direction).,0.0,100.0,10.0,True,500.0
openai_clip,float,onnx,58.6,,58.6,73.24,80.07,,,,,,,,,2026-10-04,main,qualcomm-snapdragon-8-elite-for-galaxy,coco_captions,https://cocodataset.org/,val2017 split,Recall@1,%,Fraction of queries where the correct result is ranked first (text-to-image direction).,0.0,100.0,10.0,True,500.0
pidnet,float,tflite,76.9,,76.3,32.36,,,,,,,,,,2026-10-04,main,qualcomm-snapdragon-8-elite-for-galaxy,cityscapes,https://www.cityscapes-dataset.com/,validation split,Mean Intersection Over Union,mIOU,Overlap of predicted and expected segmentation divided by the union size.,0.0,100.0,10.0,True,50.0
pidnet,float,qnn_dlc,76.9,,76.3,32.36,,,,,,,,,,2026-10-04,main,qualcomm-snapdragon-8-elite-for-galaxy,cityscapes,https://www.cityscapes-dataset.com/,validation split,Mean Intersection Over Union,mIOU,Overlap of predicted and expected segmentation divided by the union size.,0.0,100.0,10.0,True,50.0
pidnet,float,qnn_dlc_via_qnn_ep,76.9,,76.3,32.36,,,,,,,,,,2026-10-04,main,qualcomm-snapdragon-8-elite-for-galaxy,cityscapes,https://www.cityscapes-dataset.com/,validation split,Mean Intersection Over Union,mIOU,Overlap of predicted and expected segmentation divided by the union size.,0.0,100.0,10.0,True,50.0
pidnet,float,onnx,76.9,,76.3,32.36,,,,,,,,,,2026-10-04,main,qualcomm-snapdragon-8-elite-for-galaxy,cityscapes,https://www.cityscapes-dataset.com/,validation split,Mean Intersection Over Union,mIOU,Overlap of predicted and expected segmentation divided by the union size.,0.0,100.0,10.0,True,50.0
pidnet,w8a8,tflite,76.9,77.0,74.0,7.72,,,,,,,,,,2026-10-04,main,qualcomm-snapdragon-8-elite-for-galaxy,cityscapes,https://www.cityscapes-dataset.com/,validation split,Mean Intersection Over Union,mIOU,Overlap of predicted and expected segmentation divided by the union size.,0.0,100.0,10.0,True,50.0
pidnet,w8a8,qnn_dlc,76.9,77.0,77.0,7.718,,,,,,,,,,2026-10-04,main,qualcomm-snapdragon-8-elite-for-galaxy,cityscapes,https://www.cityscapes-dataset.com/,validation split,Mean Intersection Over Union,mIOU,Overlap of predicted and expected segmentation divided by the union size.,0.0,100.0,10.0,True,50.0
pidnet,w8a8,qnn_dlc_via_qnn_ep,76.9,77.0,77.0,7.718,,,,,,,,,,2026-10-04,main,qualcomm-snapdragon-8-elite-for-galaxy,cityscapes,https://www.cityscapes-dataset.com/,validation split,Mean Intersection Over Union,mIOU,Overlap of predicted and expected segmentation divided by the union size.,0.0,100.0,10.0,True,50.0
pidnet,w8a8,onnx,76.9,77.0,77.0,7.718,,,,,,,,,,2026-10-04,main,qualcomm-snapdragon-8-elite-for-galaxy,cityscapes,https://www.cityscapes-dataset.com/,validation split,Mean Intersection Over Union,mIOU,Overlap of predicted and expected segmentation divided by the union size.,0.0,100.0,10.0,True,50.0
pspnet,float,tflite,25.4,,25.4,76.22,,,,,,,,,,2026-10-04,main,qualcomm-snapdragon-8-elite-for-galaxy,ade20k_10,https://ade20k.csail.mit.edu/,validation split,Mean Intersection Over Union,mIOU,Overlap of predicted and expected segmentation divided by the union size.,0.0,100.0,10.0,True,10.0
pspnet,float,qnn_dlc,25.4,,25.4,76.22,,,,,,,,,,2026-10-04,main,qualcomm-snapdragon-8-elite-for-galaxy,ade20k_10,https://ade20k.csail.mit.edu/,validation split,Mean Intersection Over Union,mIOU,Overlap of predicted and expected segmentation divided by the union size.,0.0,100.0,10.0,True,10.0
pspnet,float,qnn_dlc_via_qnn_ep,25.4,,25.4,76.22,,,,,,,,,,2026-10-04,main,qualcomm-snapdragon-8-elite-for-galaxy,ade20k_10,https://ade20k.csail.mit.edu/,validation split,Mean Intersection Over Union,mIOU,Overlap of predicted and expected segmentation divided by the union size.,0.0,100.0,10.0,True,10.0
pspnet,float,onnx,25.4,,25.3,75.13,,,,,,,,,,2026-10-04,main,qualcomm-snapdragon-8-elite-for-galaxy,ade20k_10,https://ade20k.csail.mit.edu/,validation split,Mean Intersection Over Union,mIOU,Overlap of predicted and expected segmentation divided by the union size.,0.0,100.0,10.0,True,10.0
pspnet,w8a8,tflite,25.4,28.7,28.7,22.43,,,,,,,,,,2026-10-04,main,qualcomm-snapdragon-8-elite-for-galaxy,ade20k_10,https://ade20k.csail.mit.edu/,validation split,Mean Intersection Over Union,mIOU,Overlap of predicted and expected segmentation divided by the union size.,0.0,100.0,10.0,True,10.0
pspnet,w8a8,qnn_dlc,25.4,28.7,28.7,22.43,,,,,,,,,,2026-10-04,main,qualcomm-snapdragon-8-elite-for-galaxy,ade20k_10,https://ade20k.csail.mit.edu/,validation split,Mean Intersection Over Union,mIOU,Overlap of predicted and expected segmentation divided by the union size.,0.0,100.0,10.0,True,10.0
pspnet,w8a8,qnn_dlc_via_qnn_ep,25.4,28.7,27.8,22.43,,,,,,,,,,2026-10-04,main,qualcomm-snapdragon-8-elite-for-galaxy,ade20k_10,https://ade20k.csail.mit.edu/,validation split,Mean Intersection Over Union,mIOU,Overlap of predicted and expected segmentation divided by the union size.,0.0,100.0,10.0,True,10.0
pspnet,w8a8,onnx,25.4,28.7,27.8,22.43,,,,,,,,,,2026-10-04,main,qualcomm-snapdragon-8-elite-for-galaxy,ade20k_10,https://ade20k.csail.mit.edu/,validation split,Mean Intersection Over Union,mIOU,Overlap of predicted and expected segmentation divided by the union size.,0.0,100.0,10.0,True,10.0
quicksrnetlarge,float,tflite,29.3,,29.3,69.49,,,,,,,,,,2026-10-04,main,qualcomm-snapdragon-8-elite-for-galaxy,set14,https://huggingface.co/datasets/eugenesiow/Set14,all 14 standard SR benchmark images,Peak Signal-to-Noise Ratio (PSNR),dB,A measure of how similar two images are.,0.0,,10.0,True,14.0
quicksrnetlarge,float,qnn_dlc,29.3,,29.3,69.49,,,,,,,,,,2026-10-04,main,qualcomm-snapdragon-8-elite-for-galaxy,set14,https://huggingface.co/datasets/eugenesiow/Set14,all 14 standard SR benchmark images,Peak Signal-to-Noise Ratio (PSNR),dB,A measure of how similar two images are.,0.0,,10.0,True,14.0
quicksrnetlarge,float,qnn_dlc_via_qnn_ep,29.3,,29.3,69.49,,,,,,,,,,2026-10-04,main,qualcomm-snapdragon-8-elite-for-galaxy,set14,https://huggingface.co/datasets/eugenesiow/Set14,all 14 standard SR benchmark images,Peak Signal-to-Noise Ratio (PSNR),dB,A measure of how similar two images are.,0.0,,10.0,True,14.0
quicksrnetlarge,float,onnx,29.3,,29.3,69.49,,,,,,,,,,2026-10-04,main,qualcomm-snapdragon-8-elite-for-galaxy,set14,https://huggingface.co/datasets/eugenesiow/Set14,all 14 standard SR benchmark images,Peak Signal-to-Noise Ratio (PSNR),dB,A measure of how similar two images are.,0.0,,10.0,True,14.0
quicksrnetlarge,w8a8,tflite,29.3,29.1,-40.8,5.557,,,,,,,,,,2026-10-04,main,qualcomm-snapdragon-8-elite-for-galaxy,set14,https://huggingface.co/datasets/eugenesiow/Set14,all 14 standard SR benchmark images,Peak Signal-to-Noise Ratio (PSNR),dB,A measure of how similar two images are.,0.0,,10.0,True,14.0
quicksrnetlarge,w8a8,qnn_dlc,29.3,29.1,-40.8,5.557,,,,,,,,,,2026-10-04,main,qualcomm-snapdragon-8-elite-for-galaxy,set14,https://huggingface.co/datasets/eugenesiow/Set14,all 14 standard SR benchmark images,Peak Signal-to-Noise Ratio (PSNR),dB,A measure of how similar two images are.,0.0,,10.0,True,14.0
quicksrnetlarge,w8a8,qnn_dlc_via_qnn_ep,29.3,29.1,-40.8,5.557,,,,,,,,,,2026-10-04,main,qualcomm-snapdragon-8-elite-for-galaxy,set14,https://huggingface.co/datasets/eugenesiow/Set14,all 14 standard SR benchmark images,Peak Signal-to-Noise Ratio (PSNR),dB,A measure of how similar two images are.,0.0,,10.0,True,14.0
quicksrnetlarge,w8a8,onnx,29.3,29.1,-40.8,5.557,,,,,,,,,,2026-10-04,main,qualcomm-snapdragon-8-elite-for-galaxy,set14,https://huggingface.co/datasets/eugenesiow/Set14,all 14 standard SR benchmark images,Peak Signal-to-Noise Ratio (PSNR),dB,A measure of how similar two images are.,0.0,,10.0,True,14.0
rangenet_plus_plus,float,tflite,51.1,,51.1,73.97,,,,,,,,,,2026-10-04,main,qualcomm-snapdragon-8-elite-for-galaxy,semantic_kitti,https://semantic-kitti.org/,sequence #08 of 22,Mean Intersection Over Union,mIOU,Overlap of predicted and expected segmentation divided by the union size.,0.0,100.0,10.0,True,50.0
rangenet_plus_plus,float,qnn_dlc,51.1,,51.1,73.97,,,,,,,,,,2026-10-04,main,qualcomm-snapdragon-8-elite-for-galaxy,semantic_kitti,https://semantic-kitti.org/,sequence #08 of 22,Mean Intersection Over Union,mIOU,Overlap of predicted and expected segmentation divided by the union size.,0.0,100.0,10.0,True,50.0
rangenet_plus_plus,float,qnn_dlc_via_qnn_ep,51.1,,51.1,73.97,,,,,,,,,,2026-10-04,main,qualcomm-snapdragon-8-elite-for-galaxy,semantic_kitti,https://semantic-kitti.org/,sequence #08 of 22,Mean Intersection Over Union,mIOU,Overlap of predicted and expected segmentation divided by the union size.,0.0,100.0,10.0,True,50.0
rangenet_plus_plus,float,onnx,51.1,,51.1,73.97,,,,,,,,,,2026-10-04,main,qualcomm-snapdragon-8-elite-for-galaxy,semantic_kitti,https://semantic-kitti.org/,sequence #08 of 22,Mean Intersection Over Union,mIOU,Overlap of predicted and expected segmentation divided by the union size.,0.0,100.0,10.0,True,50.0
regnet_y_800mf,float,tflite,75.5,,75.2,57.09,,,,,,,,,,2026-10-04,main,qualcomm-snapdragon-8-elite-for-galaxy,imagenet,https://www.image-net.org/,validation split,Top-1 Accuracy,%,Percentage of top 1 model predictions that are correct.,0.0,100.0,10.0,True,1000.0
regnet_y_800mf,float,qnn_dlc,75.5,,75.2,57.09,,,,,,,,,,2026-10-04,main,qualcomm-snapdragon-8-elite-for-galaxy,imagenet,https://www.image-net.org/,validation split,Top-1 Accuracy,%,Percentage of top 1 model predictions that are correct.,0.0,100.0,10.0,True,1000.0
regnet_y_800mf,float,qnn_dlc_via_qnn_ep,75.5,,75.2,57.09,,,,,,,,,,2026-10-04,main,qualcomm-snapdragon-8-elite-for-galaxy,imagenet,https://www.image-net.org/,validation split,Top-1 Accuracy,%,Percentage of top 1 model predictions that are correct.,0.0,100.0,10.0,True,1000.0
regnet_y_800mf,float,onnx,75.5,,75.2,57.06,,,,,,,,,,2026-10-04,main,qualcomm-snapdragon-8-elite-for-galaxy,imagenet,https://www.image-net.org/,validation split,Top-1 Accuracy,%,Percentage of top 1 model predictions that are correct.,0.0,100.0,10.0,True,1000.0
regnet_y_800mf,w8a8,tflite,75.5,75.4,75.5,10.69,,,,,,,,,,2026-10-04,main,qualcomm-snapdragon-8-elite-for-galaxy,imagenet,https://www.image-net.org/,validation split,Top-1 Accuracy,%,Percentage of top 1 model predictions that are correct.,0.0,100.0,10.0,True,1000.0
regnet_y_800mf,w8a8,qnn_dlc,75.5,75.4,74.9,10.7,,,,,,,,,,2026-10-04,main,qualcomm-snapdragon-8-elite-for-galaxy,imagenet,https://www.image-net.org/,validation split,Top-1 Accuracy,%,Percentage of top 1 model predictions that are correct.,0.0,100.0,10.0,True,1000.0
regnet_y_800mf,w8a8,qnn_dlc_via_qnn_ep,75.5,75.4,74.9,10.7,,,,,,,,,,2026-10-04,main,qualcomm-snapdragon-8-elite-for-galaxy,imagenet,https://www.image-net.org/,validation split,Top-1 Accuracy,%,Percentage of top 1 model predictions that are correct.,0.0,100.0,10.0,True,1000.0
regnet_y_800mf,w8a8,onnx,75.5,75.4,74.9,10.7,,,,,,,,,,2026-10-04,main,qualcomm-snapdragon-8-elite-for-galaxy,imagenet,https://www.image-net.org/,validation split,Top-1 Accuracy,%,Percentage of top 1 model predictions that are correct.,0.0,100.0,10.0,True,1000.0
resnet_2plus1d,float,tflite,75.0,,75.0,81.58,,,,,,,,,,2026-10-04,main,qualcomm-snapdragon-8-elite-for-galaxy,kinetics400,https://github.com/cvdfoundation/kinetics-dataset,part 0 of the validation split,Top-1 Accuracy,%,Percentage of top 1 model predictions that are correct.,0.0,100.0,10.0,True,200.0
resnet_2plus1d,float,qnn_dlc,75.0,,,,,,,,,,,,,2026-10-04,main,qualcomm-snapdragon-8-elite-for-galaxy,kinetics400,https://github.com/cvdfoundation/kinetics-dataset,part 0 of the validation split,Top-1 Accuracy,%,Percentage of top 1 model predictions that are correct.,0.0,100.0,10.0,True,200.0
resnet_2plus1d,float,qnn_dlc_via_qnn_ep,75.0,,75.0,81.75,,,,,,,,,,2026-10-04,main,qualcomm-snapdragon-8-elite-for-galaxy,kinetics400,https://github.com/cvdfoundation/kinetics-dataset,part 0 of the validation split,Top-1 Accuracy,%,Percentage of top 1 model predictions that are correct.,0.0,100.0,10.0,True,200.0
resnet_2plus1d,float,onnx,75.0,,75.0,81.52,,,,,,,,,,2026-10-04,main,qualcomm-snapdragon-8-elite-for-galaxy,kinetics400,https://github.com/cvdfoundation/kinetics-dataset,part 0 of the validation split,Top-1 Accuracy,%,Percentage of top 1 model predictions that are correct.,0.0,100.0,10.0,True,200.0
resnet_2plus1d,w8a8,tflite,75.0,75.0,75.0,27.97,,,,,,,,,,2026-10-04,main,qualcomm-snapdragon-8-elite-for-galaxy,kinetics400,https://github.com/cvdfoundation/kinetics-dataset,part 0 of the validation split,Top-1 Accuracy,%,Percentage of top 1 model predictions that are correct.,0.0,100.0,10.0,True,200.0
resnet_2plus1d,w8a8,qnn_dlc,75.0,75.0,,,,,,,,,,,,2026-10-04,main,qualcomm-snapdragon-8-elite-for-galaxy,kinetics400,https://github.com/cvdfoundation/kinetics-dataset,part 0 of the validation split,Top-1 Accuracy,%,Percentage of top 1 model predictions that are correct.,0.0,100.0,10.0,True,200.0
resnet_2plus1d,w8a8,qnn_dlc_via_qnn_ep,75.0,75.0,77.5,27.97,,,,,,,,,,2026-10-04,main,qualcomm-snapdragon-8-elite-for-galaxy,kinetics400,https://github.com/cvdfoundation/kinetics-dataset,part 0 of the validation split,Top-1 Accuracy,%,Percentage of top 1 model predictions that are correct.,0.0,100.0,10.0,True,200.0
resnet_2plus1d,w8a8,onnx,75.0,75.0,77.5,27.97,,,,,,,,,,2026-10-04,main,qualcomm-snapdragon-8-elite-for-galaxy,kinetics400,https://github.com/cvdfoundation/kinetics-dataset,part 0 of the validation split,Top-1 Accuracy,%,Percentage of top 1 model predictions that are correct.,0.0,100.0,10.0,True,200.0
resnet_3d,float,tflite,70.0,,70.0,82.32,,,,,,,,,,2026-10-04,main,qualcomm-snapdragon-8-elite-for-galaxy,kinetics400,https://github.com/cvdfoundation/kinetics-dataset,part 0 of the validation split,Top-1 Accuracy,%,Percentage of top 1 model predictions that are correct.,0.0,100.0,10.0,True,200.0
resnet_3d,float,qnn_dlc,70.0,,,,,,,,,,,,,2026-10-04,main,qualcomm-snapdragon-8-elite-for-galaxy,kinetics400,https://github.com/cvdfoundation/kinetics-dataset,part 0 of the validation split,Top-1 Accuracy,%,Percentage of top 1 model predictions that are correct.,0.0,100.0,10.0,True,200.0
resnet_3d,float,qnn_dlc_via_qnn_ep,70.0,,70.0,81.94,,,,,,,,,,2026-10-04,main,qualcomm-snapdragon-8-elite-for-galaxy,kinetics400,https://github.com/cvdfoundation/kinetics-dataset,part 0 of the validation split,Top-1 Accuracy,%,Percentage of top 1 model predictions that are correct.,0.0,100.0,10.0,True,200.0
resnet_3d,float,onnx,70.0,,70.0,80.76,,,,,,,,,,2026-10-04,main,qualcomm-snapdragon-8-elite-for-galaxy,kinetics400,https://github.com/cvdfoundation/kinetics-dataset,part 0 of the validation split,Top-1 Accuracy,%,Percentage of top 1 model predictions that are correct.,0.0,100.0,10.0,True,200.0
resnet_3d,w8a8,tflite,70.0,70.0,70.0,28.67,,,,,,,,,,2026-10-04,main,qualcomm-snapdragon-8-elite-for-galaxy,kinetics400,https://github.com/cvdfoundation/kinetics-dataset,part 0 of the validation split,Top-1 Accuracy,%,Percentage of top 1 model predictions that are correct.,0.0,100.0,10.0,True,200.0
resnet_3d,w8a8,qnn_dlc,70.0,70.0,,,,,,,,,,,,2026-10-04,main,qualcomm-snapdragon-8-elite-for-galaxy,kinetics400,https://github.com/cvdfoundation/kinetics-dataset,part 0 of the validation split,Top-1 Accuracy,%,Percentage of top 1 model predictions that are correct.,0.0,100.0,10.0,True,200.0
resnet_3d,w8a8,qnn_dlc_via_qnn_ep,70.0,70.0,70.0,28.66,,,,,,,,,,2026-10-04,main,qualcomm-snapdragon-8-elite-for-galaxy,kinetics400,https://github.com/cvdfoundation/kinetics-dataset,part 0 of the validation split,Top-1 Accuracy,%,Percentage of top 1 model predictions that are correct.,0.0,100.0,10.0,True,200.0
resnet_3d,w8a8,onnx,70.0,70.0,70.0,28.66,,,,,,,,,,2026-10-04,main,qualcomm-snapdragon-8-elite-for-galaxy,kinetics400,https://github.com/cvdfoundation/kinetics-dataset,part 0 of the validation split,Top-1 Accuracy,%,Percentage of top 1 model predictions that are correct.,0.0,100.0,10.0,True,200.0
resnet_mixed,float,tflite,65.0,,65.0,81.98,,,,,,,,,,2026-10-04,main,qualcomm-snapdragon-8-elite-for-galaxy,kinetics400,https://github.com/cvdfoundation/kinetics-dataset,part 0 of the validation split,Top-1 Accuracy,%,Percentage of top 1 model predictions that are correct.,0.0,100.0,10.0,True,200.0
resnet_mixed,float,qnn_dlc,65.0,,,,,,,,,,,,,2026-10-04,main,qualcomm-snapdragon-8-elite-for-galaxy,kinetics400,https://github.com/cvdfoundation/kinetics-dataset,part 0 of the validation split,Top-1 Accuracy,%,Percentage of top 1 model predictions that are correct.,0.0,100.0,10.0,True,200.0
resnet_mixed,float,qnn_dlc_via_qnn_ep,65.0,,65.0,82.41,,,,,,,,,,2026-10-04,main,qualcomm-snapdragon-8-elite-for-galaxy,kinetics400,https://github.com/cvdfoundation/kinetics-dataset,part 0 of the validation split,Top-1 Accuracy,%,Percentage of top 1 model predictions that are correct.,0.0,100.0,10.0,True,200.0
resnet_mixed,float,onnx,65.0,,65.0,81.56,,,,,,,,,,2026-10-04,main,qualcomm-snapdragon-8-elite-for-galaxy,kinetics400,https://github.com/cvdfoundation/kinetics-dataset,part 0 of the validation split,Top-1 Accuracy,%,Percentage of top 1 model predictions that are correct.,0.0,100.0,10.0,True,200.0
resnet_mixed,w8a16,qnn_dlc,65.0,65.0,,,,,,,,,,,,2026-10-04,main,qualcomm-snapdragon-8-elite-for-galaxy,kinetics400,https://github.com/cvdfoundation/kinetics-dataset,part 0 of the validation split,Top-1 Accuracy,%,Percentage of top 1 model predictions that are correct.,0.0,100.0,10.0,True,200.0
resnet_mixed,w8a16,qnn_dlc_via_qnn_ep,65.0,65.0,65.0,28.4,,,,,,,,,,2026-10-04,main,qualcomm-snapdragon-8-elite-for-galaxy,kinetics400,https://github.com/cvdfoundation/kinetics-dataset,part 0 of the validation split,Top-1 Accuracy,%,Percentage of top 1 model predictions that are correct.,0.0,100.0,10.0,True,200.0
resnet_mixed,w8a16,onnx,65.0,65.0,65.0,28.4,,,,,,,,,,2026-10-04,main,qualcomm-snapdragon-8-elite-for-galaxy,kinetics400,https://github.com/cvdfoundation/kinetics-dataset,part 0 of the validation split,Top-1 Accuracy,%,Percentage of top 1 model predictions that are correct.,0.0,100.0,10.0,True,200.0
resnet_mixed,w8a8,tflite,65.0,65.0,65.0,28.46,,,,,,,,,,2026-10-04,main,qualcomm-snapdragon-8-elite-for-galaxy,kinetics400,https://github.com/cvdfoundation/kinetics-dataset,part 0 of the validation split,Top-1 Accuracy,%,Percentage of top 1 model predictions that are correct.,0.0,100.0,10.0,True,200.0
resnet_mixed,w8a8,qnn_dlc,65.0,65.0,,,,,,,,,,,,2026-10-04,main,qualcomm-snapdragon-8-elite-for-galaxy,kinetics400,https://github.com/cvdfoundation/kinetics-dataset,part 0 of the validation split,Top-1 Accuracy,%,Percentage of top 1 model predictions that are correct.,0.0,100.0,10.0,True,200.0
resnet_mixed,w8a8,qnn_dlc_via_qnn_ep,65.0,65.0,65.0,28.46,,,,,,,,,,2026-10-04,main,qualcomm-snapdragon-8-elite-for-galaxy,kinetics400,https://github.com/cvdfoundation/kinetics-dataset,part 0 of the validation split,Top-1 Accuracy,%,Percentage of top 1 model predictions that are correct.,0.0,100.0,10.0,True,200.0
resnet_mixed,w8a8,onnx,65.0,65.0,65.0,28.46,,,,,,,,,,2026-10-04,main,qualcomm-snapdragon-8-elite-for-galaxy,kinetics400,https://github.com/cvdfoundation/kinetics-dataset,part 0 of the validation split,Top-1 Accuracy,%,Percentage of top 1 model predictions that are correct.,0.0,100.0,10.0,True,200.0
resnext101,float,tflite,77.6,,77.6,81.48,,,,,,,,,,2026-10-04,main,qualcomm-snapdragon-8-elite-for-galaxy,imagenet,https://www.image-net.org/,validation split,Top-1 Accuracy,%,Percentage of top 1 model predictions that are correct.,0.0,100.0,10.0,True,1000.0
resnext101,float,qnn_dlc,77.6,,77.6,81.48,,,,,,,,,,2026-10-04,main,qualcomm-snapdragon-8-elite-for-galaxy,imagenet,https://www.image-net.org/,validation split,Top-1 Accuracy,%,Percentage of top 1 model predictions that are correct.,0.0,100.0,10.0,True,1000.0
resnext101,float,qnn_dlc_via_qnn_ep,77.6,,77.6,81.48,,,,,,,,,,2026-10-04,main,qualcomm-snapdragon-8-elite-for-galaxy,imagenet,https://www.image-net.org/,validation split,Top-1 Accuracy,%,Percentage of top 1 model predictions that are correct.,0.0,100.0,10.0,True,1000.0
resnext101,float,onnx,77.6,,77.6,80.77,,,,,,,,,,2026-10-04,main,qualcomm-snapdragon-8-elite-for-galaxy,imagenet,https://www.image-net.org/,validation split,Top-1 Accuracy,%,Percentage of top 1 model predictions that are correct.,0.0,100.0,10.0,True,1000.0
resnext101,w8a8,tflite,77.6,77.3,77.6,12.61,,,,,,,,,,2026-10-04,main,qualcomm-snapdragon-8-elite-for-galaxy,imagenet,https://www.image-net.org/,validation split,Top-1 Accuracy,%,Percentage of top 1 model predictions that are correct.,0.0,100.0,10.0,True,1000.0
resnext101,w8a8,qnn_dlc,77.6,77.3,77.4,12.62,,,,,,,,,,2026-10-04,main,qualcomm-snapdragon-8-elite-for-galaxy,imagenet,https://www.image-net.org/,validation split,Top-1 Accuracy,%,Percentage of top 1 model predictions that are correct.,0.0,100.0,10.0,True,1000.0
resnext101,w8a8,qnn_dlc_via_qnn_ep,77.6,77.3,77.4,12.62,,,,,,,,,,2026-10-04,main,qualcomm-snapdragon-8-elite-for-galaxy,imagenet,https://www.image-net.org/,validation split,Top-1 Accuracy,%,Percentage of top 1 model predictions that are correct.,0.0,100.0,10.0,True,1000.0
resnext101,w8a8,onnx,77.6,77.3,77.4,12.62,,,,,,,,,,2026-10-04,main,qualcomm-snapdragon-8-elite-for-galaxy,imagenet,https://www.image-net.org/,validation split,Top-1 Accuracy,%,Percentage of top 1 model predictions that are correct.,0.0,100.0,10.0,True,1000.0
resnext50,float,tflite,80.5,,80.5,78.61,,,,,,,,,,2026-10-04,main,qualcomm-snapdragon-8-elite-for-galaxy,imagenet,https://www.image-net.org/,validation split,Top-1 Accuracy,%,Percentage of top 1 model predictions that are correct.,0.0,100.0,10.0,True,1000.0
resnext50,float,qnn_dlc,80.5,,80.5,78.61,,,,,,,,,,2026-10-04,main,qualcomm-snapdragon-8-elite-for-galaxy,imagenet,https://www.image-net.org/,validation split,Top-1 Accuracy,%,Percentage of top 1 model predictions that are correct.,0.0,100.0,10.0,True,1000.0
resnext50,float,qnn_dlc_via_qnn_ep,80.5,,80.5,78.61,,,,,,,,,,2026-10-04,main,qualcomm-snapdragon-8-elite-for-galaxy,imagenet,https://www.image-net.org/,validation split,Top-1 Accuracy,%,Percentage of top 1 model predictions that are correct.,0.0,100.0,10.0,True,1000.0
resnext50,float,onnx,80.5,,80.5,77.91,,,,,,,,,,2026-10-04,main,qualcomm-snapdragon-8-elite-for-galaxy,imagenet,https://www.image-net.org/,validation split,Top-1 Accuracy,%,Percentage of top 1 model predictions that are correct.,0.0,100.0,10.0,True,1000.0
resnext50,w8a8,tflite,80.5,80.6,80.7,13.34,,,,,,,,,,2026-10-04,main,qualcomm-snapdragon-8-elite-for-galaxy,imagenet,https://www.image-net.org/,validation split,Top-1 Accuracy,%,Percentage of top 1 model predictions that are correct.,0.0,100.0,10.0,True,1000.0
resnext50,w8a8,qnn_dlc,80.5,80.6,81.0,13.34,,,,,,,,,,2026-10-04,main,qualcomm-snapdragon-8-elite-for-galaxy,imagenet,https://www.image-net.org/,validation split,Top-1 Accuracy,%,Percentage of top 1 model predictions that are correct.,0.0,100.0,10.0,True,1000.0
resnext50,w8a8,qnn_dlc_via_qnn_ep,80.5,80.6,81.0,13.34,,,,,,,,,,2026-10-04,main,qualcomm-snapdragon-8-elite-for-galaxy,imagenet,https://www.image-net.org/,validation split,Top-1 Accuracy,%,Percentage of top 1 model predictions that are correct.,0.0,100.0,10.0,True,1000.0
resnext50,w8a8,onnx,80.5,80.6,81.0,13.34,,,,,,,,,,2026-10-04,main,qualcomm-snapdragon-8-elite-for-galaxy,imagenet,https://www.image-net.org/,validation split,Top-1 Accuracy,%,Percentage of top 1 model predictions that are correct.,0.0,100.0,10.0,True,1000.0
sinet,float,tflite,93.3,,93.3,66.93,,,,,,,,,,2026-10-04,main,qualcomm-snapdragon-8-elite-for-galaxy,eg1800_segmentation,https://github.com/clovaai/ext_portrait_segmentation,validation split,Mean Intersection Over Union,mIOU,Overlap of predicted and expected segmentation divided by the union size.,0.0,100.0,10.0,True,500.0
sinet,float,qnn_dlc,93.3,,93.3,66.95,,,,,,,,,,2026-10-04,main,qualcomm-snapdragon-8-elite-for-galaxy,eg1800_segmentation,https://github.com/clovaai/ext_portrait_segmentation,validation split,Mean Intersection Over Union,mIOU,Overlap of predicted and expected segmentation divided by the union size.,0.0,100.0,10.0,True,500.0
sinet,float,qnn_dlc_via_qnn_ep,93.3,,93.3,66.95,,,,,,,,,,2026-10-04,main,qualcomm-snapdragon-8-elite-for-galaxy,eg1800_segmentation,https://github.com/clovaai/ext_portrait_segmentation,validation split,Mean Intersection Over Union,mIOU,Overlap of predicted and expected segmentation divided by the union size.,0.0,100.0,10.0,True,500.0
sinet,float,onnx,93.3,,93.3,67.0,,,,,,,,,,2026-10-04,main,qualcomm-snapdragon-8-elite-for-galaxy,eg1800_segmentation,https://github.com/clovaai/ext_portrait_segmentation,validation split,Mean Intersection Over Union,mIOU,Overlap of predicted and expected segmentation divided by the union size.,0.0,100.0,10.0,True,500.0
sinet,w8a8,tflite,93.3,92.8,18.5,4.688,,,,,,,,,,2026-10-04,main,qualcomm-snapdragon-8-elite-for-galaxy,eg1800_segmentation,https://github.com/clovaai/ext_portrait_segmentation,validation split,Mean Intersection Over Union,mIOU,Overlap of predicted and expected segmentation divided by the union size.,0.0,100.0,10.0,True,500.0
sinet,w8a8,qnn_dlc,93.3,92.8,93.0,5.248,,,,,,,,,,2026-10-04,main,qualcomm-snapdragon-8-elite-for-galaxy,eg1800_segmentation,https://github.com/clovaai/ext_portrait_segmentation,validation split,Mean Intersection Over Union,mIOU,Overlap of predicted and expected segmentation divided by the union size.,0.0,100.0,10.0,True,500.0
sinet,w8a8,qnn_dlc_via_qnn_ep,93.3,92.8,93.0,5.247,,,,,,,,,,2026-10-04,main,qualcomm-snapdragon-8-elite-for-galaxy,eg1800_segmentation,https://github.com/clovaai/ext_portrait_segmentation,validation split,Mean Intersection Over Union,mIOU,Overlap of predicted and expected segmentation divided by the union size.,0.0,100.0,10.0,True,500.0
sinet,w8a8,onnx,93.3,92.8,93.0,5.247,,,,,,,,,,2026-10-04,main,qualcomm-snapdragon-8-elite-for-galaxy,eg1800_segmentation,https://github.com/clovaai/ext_portrait_segmentation,validation split,Mean Intersection Over Union,mIOU,Overlap of predicted and expected segmentation divided by the union size.,0.0,100.0,10.0,True,500.0
srgan,float,tflite,27.5,,27.5,65.6,,,,,,,,,,2026-10-04,main,qualcomm-snapdragon-8-elite-for-galaxy,set14,https://huggingface.co/datasets/eugenesiow/Set14,all 14 standard SR benchmark images,Peak Signal-to-Noise Ratio (PSNR),dB,A measure of how similar two images are.,0.0,,10.0,True,14.0
srgan,float,qnn_dlc,27.5,,27.5,65.6,,,,,,,,,,2026-10-04,main,qualcomm-snapdragon-8-elite-for-galaxy,set14,https://huggingface.co/datasets/eugenesiow/Set14,all 14 standard SR benchmark images,Peak Signal-to-Noise Ratio (PSNR),dB,A measure of how similar two images are.,0.0,,10.0,True,14.0
srgan,float,qnn_dlc_via_qnn_ep,27.5,,27.5,65.6,,,,,,,,,,2026-10-04,main,qualcomm-snapdragon-8-elite-for-galaxy,set14,https://huggingface.co/datasets/eugenesiow/Set14,all 14 standard SR benchmark images,Peak Signal-to-Noise Ratio (PSNR),dB,A measure of how similar two images are.,0.0,,10.0,True,14.0
srgan,float,onnx,27.5,,27.5,65.6,,,,,,,,,,2026-10-04,main,qualcomm-snapdragon-8-elite-for-galaxy,set14,https://huggingface.co/datasets/eugenesiow/Set14,all 14 standard SR benchmark images,Peak Signal-to-Noise Ratio (PSNR),dB,A measure of how similar two images are.,0.0,,10.0,True,14.0
srgan,w8a8,tflite,27.5,26.5,-40.8,5.602,,,,,,,,,,2026-10-04,main,qualcomm-snapdragon-8-elite-for-galaxy,set14,https://huggingface.co/datasets/eugenesiow/Set14,all 14 standard SR benchmark images,Peak Signal-to-Noise Ratio (PSNR),dB,A measure of how similar two images are.,0.0,,10.0,True,14.0
srgan,w8a8,qnn_dlc,27.5,26.5,-40.8,5.602,,,,,,,,,,2026-10-04,main,qualcomm-snapdragon-8-elite-for-galaxy,set14,https://huggingface.co/datasets/eugenesiow/Set14,all 14 standard SR benchmark images,Peak Signal-to-Noise Ratio (PSNR),dB,A measure of how similar two images are.,0.0,,10.0,True,14.0
srgan,w8a8,qnn_dlc_via_qnn_ep,27.5,26.5,-40.8,5.602,,,,,,,,,,2026-10-04,main,qualcomm-snapdragon-8-elite-for-galaxy,set14,https://huggingface.co/datasets/eugenesiow/Set14,all 14 standard SR benchmark images,Peak Signal-to-Noise Ratio (PSNR),dB,A measure of how similar two images are.,0.0,,10.0,True,14.0
srgan,w8a8,onnx,27.5,26.5,-40.8,5.602,,,,,,,,,,2026-10-04,main,qualcomm-snapdragon-8-elite-for-galaxy,set14,https://huggingface.co/datasets/eugenesiow/Set14,all 14 standard SR benchmark images,Peak Signal-to-Noise Ratio (PSNR),dB,A measure of how similar two images are.,0.0,,10.0,True,14.0
srgan,w8a16,qnn_dlc,27.5,27.6,-89.1,5.525,,,,,,,,,,2026-10-04,main,qualcomm-snapdragon-8-elite-for-galaxy,set14,https://huggingface.co/datasets/eugenesiow/Set14,all 14 standard SR benchmark images,Peak Signal-to-Noise Ratio (PSNR),dB,A measure of how similar two images are.,0.0,,10.0,True,14.0
srgan,w8a16,qnn_dlc_via_qnn_ep,27.5,27.6,-89.1,5.525,,,,,,,,,,2026-10-04,main,qualcomm-snapdragon-8-elite-for-galaxy,set14,https://huggingface.co/datasets/eugenesiow/Set14,all 14 standard SR benchmark images,Peak Signal-to-Noise Ratio (PSNR),dB,A measure of how similar two images are.,0.0,,10.0,True,14.0
srgan,w8a16,onnx,27.5,27.6,-89.1,5.525,,,,,,,,,,2026-10-04,main,qualcomm-snapdragon-8-elite-for-galaxy,set14,https://huggingface.co/datasets/eugenesiow/Set14,all 14 standard SR benchmark images,Peak Signal-to-Noise Ratio (PSNR),dB,A measure of how similar two images are.,0.0,,10.0,True,14.0
statetransformer,float,tflite,,,,39.35,,,,,,,,,,2026-10-04,main,qualcomm-snapdragon-8-elite-for-galaxy,,,,,,,,,,,
statetransformer,float,onnx,,,,39.21,,,,,,,,,,2026-10-04,main,qualcomm-snapdragon-8-elite-for-galaxy,,,,,,,,,,,
swin_base,float,tflite,82.7,,82.1,34.41,,,,,,,,,,2026-10-04,main,qualcomm-snapdragon-8-elite-for-galaxy,imagenet,https://www.image-net.org/,validation split,Top-1 Accuracy,%,Percentage of top 1 model predictions that are correct.,0.0,100.0,10.0,True,1000.0
swin_base,float,qnn_dlc,82.7,,82.6,59.65,,,,,,,,,,2026-10-04,main,qualcomm-snapdragon-8-elite-for-galaxy,imagenet,https://www.image-net.org/,validation split,Top-1 Accuracy,%,Percentage of top 1 model predictions that are correct.,0.0,100.0,10.0,True,1000.0
swin_base,float,qnn_dlc_via_qnn_ep,82.7,,82.6,59.65,,,,,,,,,,2026-10-04,main,qualcomm-snapdragon-8-elite-for-galaxy,imagenet,https://www.image-net.org/,validation split,Top-1 Accuracy,%,Percentage of top 1 model predictions that are correct.,0.0,100.0,10.0,True,1000.0
swin_base,float,onnx,82.7,,77.9,28.15,,,,,,,,,,2026-10-04,main,qualcomm-snapdragon-8-elite-for-galaxy,imagenet,https://www.image-net.org/,validation split,Top-1 Accuracy,%,Percentage of top 1 model predictions that are correct.,0.0,100.0,10.0,True,1000.0
swin_base,w8a16,qnn_dlc,82.7,82.7,82.4,9.26,,,,,,,,,,2026-10-04,main,qualcomm-snapdragon-8-elite-for-galaxy,imagenet,https://www.image-net.org/,validation split,Top-1 Accuracy,%,Percentage of top 1 model predictions that are correct.,0.0,100.0,10.0,True,1000.0
swin_base,w8a16,qnn_dlc_via_qnn_ep,82.7,82.7,82.4,9.261,,,,,,,,,,2026-10-04,main,qualcomm-snapdragon-8-elite-for-galaxy,imagenet,https://www.image-net.org/,validation split,Top-1 Accuracy,%,Percentage of top 1 model predictions that are correct.,0.0,100.0,10.0,True,1000.0
swin_base,w8a16,onnx,82.7,82.7,77.9,9.563,,,,,,,,,,2026-10-04,main,qualcomm-snapdragon-8-elite-for-galaxy,imagenet,https://www.image-net.org/,validation split,Top-1 Accuracy,%,Percentage of top 1 model predictions that are correct.,0.0,100.0,10.0,True,1000.0
swinv2_base,float,tflite,82.5,,82.4,63.21,,,,,,,,,,2026-10-04,main,qualcomm-snapdragon-8-elite-for-galaxy,imagenet,https://www.image-net.org/,validation split,Top-1 Accuracy,%,Percentage of top 1 model predictions that are correct.,0.0,100.0,10.0,True,1000.0
swinv2_base,float,qnn_dlc,82.5,,82.4,63.21,,,,,,,,,,2026-10-04,main,qualcomm-snapdragon-8-elite-for-galaxy,imagenet,https://www.image-net.org/,validation split,Top-1 Accuracy,%,Percentage of top 1 model predictions that are correct.,0.0,100.0,10.0,True,1000.0
swinv2_base,float,qnn_dlc_via_qnn_ep,82.5,,82.4,63.21,,,,,,,,,,2026-10-04,main,qualcomm-snapdragon-8-elite-for-galaxy,imagenet,https://www.image-net.org/,validation split,Top-1 Accuracy,%,Percentage of top 1 model predictions that are correct.,0.0,100.0,10.0,True,1000.0
swinv2_base,float,onnx,82.5,,65.1,26.41,,,,,,,,,,2026-10-04,main,qualcomm-snapdragon-8-elite-for-galaxy,imagenet,https://www.image-net.org/,validation split,Top-1 Accuracy,%,Percentage of top 1 model predictions that are correct.,0.0,100.0,10.0,True,1000.0
swinv2_base,w8a16,qnn_dlc,82.5,81.5,82.3,11.09,,,,,,,,,,2026-10-04,main,qualcomm-snapdragon-8-elite-for-galaxy,imagenet,https://www.image-net.org/,validation split,Top-1 Accuracy,%,Percentage of top 1 model predictions that are correct.,0.0,100.0,10.0,True,1000.0
swinv2_base,w8a16,qnn_dlc_via_qnn_ep,82.5,81.5,82.3,11.09,,,,,,,,,,2026-10-04,main,qualcomm-snapdragon-8-elite-for-galaxy,imagenet,https://www.image-net.org/,validation split,Top-1 Accuracy,%,Percentage of top 1 model predictions that are correct.,0.0,100.0,10.0,True,1000.0
swinv2_base,w8a16,onnx,82.5,81.5,62.9,11.06,,,,,,,,,,2026-10-04,main,qualcomm-snapdragon-8-elite-for-galaxy,imagenet,https://www.image-net.org/,validation split,Top-1 Accuracy,%,Percentage of top 1 model predictions that are correct.,0.0,100.0,10.0,True,1000.0
track_anything,float,tflite,,,,77.91,67.78,52.2,90.75,63.0,70.5,54.04,77.91,52.2,90.75,2026-10-04,main,qualcomm-snapdragon-8-elite-for-galaxy,,,,,,,,,,,
track_anything,float,qnn_dlc_via_qnn_ep,,,,77.91,67.78,52.2,90.75,63.0,70.5,54.04,77.91,52.2,90.75,2026-10-04,main,qualcomm-snapdragon-8-elite-for-galaxy,,,,,,,,,,,
track_anything,float,onnx,,,,76.07,67.64,52.17,89.82,63.0,70.48,53.96,76.07,52.17,89.82,2026-10-04,main,qualcomm-snapdragon-8-elite-for-galaxy,,,,,,,,,,,
trocr,float,tflite,,,,266.4,89.17,80.87,81.79,78.73,80.56,72.48,76.75,71.8,77.36,2026-10-04,main,qualcomm-snapdragon-8-elite-for-galaxy,,,,,,,,,,,
trocr,float,qnn_dlc,,,,266.4,89.17,80.87,81.79,78.73,80.56,72.48,76.75,71.8,77.36,2026-10-04,main,qualcomm-snapdragon-8-elite-for-galaxy,,,,,,,,,,,
trocr,float,qnn_dlc_via_qnn_ep,,,,266.4,89.17,80.87,81.79,78.73,80.56,72.48,76.75,71.8,77.36,2026-10-04,main,qualcomm-snapdragon-8-elite-for-galaxy,,,,,,,,,,,
trocr,float,onnx,,,,266.4,89.17,80.87,81.79,78.73,80.56,72.48,76.75,71.8,77.36,2026-10-04,main,qualcomm-snapdragon-8-elite-for-galaxy,,,,,,,,,,,
unet_segmentation,float,tflite,97.7,,97.7,62.81,,,,,,,,,,2026-10-04,main,qualcomm-snapdragon-8-elite-for-galaxy,carvana,https://www.kaggle.com/competitions/carvana-image-masking-challenge,train split,Mean Intersection Over Union,mIOU,Overlap of predicted and expected segmentation divided by the union size.,0.0,100.0,10.0,True,100.0
unet_segmentation,float,qnn_dlc,97.7,,97.7,62.81,,,,,,,,,,2026-10-04,main,qualcomm-snapdragon-8-elite-for-galaxy,carvana,https://www.kaggle.com/competitions/carvana-image-masking-challenge,train split,Mean Intersection Over Union,mIOU,Overlap of predicted and expected segmentation divided by the union size.,0.0,100.0,10.0,True,100.0
unet_segmentation,float,qnn_dlc_via_qnn_ep,97.7,,97.7,62.81,,,,,,,,,,2026-10-04,main,qualcomm-snapdragon-8-elite-for-galaxy,carvana,https://www.kaggle.com/competitions/carvana-image-masking-challenge,train split,Mean Intersection Over Union,mIOU,Overlap of predicted and expected segmentation divided by the union size.,0.0,100.0,10.0,True,100.0
unet_segmentation,float,onnx,97.7,,97.7,62.8,,,,,,,,,,2026-10-04,main,qualcomm-snapdragon-8-elite-for-galaxy,carvana,https://www.kaggle.com/competitions/carvana-image-masking-challenge,train split,Mean Intersection Over Union,mIOU,Overlap of predicted and expected segmentation divided by the union size.,0.0,100.0,10.0,True,100.0
unet_segmentation,w8a8,tflite,97.7,97.8,97.8,4.936,,,,,,,,,,2026-10-04,main,qualcomm-snapdragon-8-elite-for-galaxy,carvana,https://www.kaggle.com/competitions/carvana-image-masking-challenge,train split,Mean Intersection Over Union,mIOU,Overlap of predicted and expected segmentation divided by the union size.,0.0,100.0,10.0,True,100.0
unet_segmentation,w8a8,qnn_dlc,97.7,97.8,97.8,4.935,,,,,,,,,,2026-10-04,main,qualcomm-snapdragon-8-elite-for-galaxy,carvana,https://www.kaggle.com/competitions/carvana-image-masking-challenge,train split,Mean Intersection Over Union,mIOU,Overlap of predicted and expected segmentation divided by the union size.,0.0,100.0,10.0,True,100.0
unet_segmentation,w8a8,qnn_dlc_via_qnn_ep,97.7,97.8,97.8,4.935,,,,,,,,,,2026-10-04,main,qualcomm-snapdragon-8-elite-for-galaxy,carvana,https://www.kaggle.com/competitions/carvana-image-masking-challenge,train split,Mean Intersection Over Union,mIOU,Overlap of predicted and expected segmentation divided by the union size.,0.0,100.0,10.0,True,100.0
unet_segmentation,w8a8,onnx,97.7,97.8,97.8,4.935,,,,,,,,,,2026-10-04,main,qualcomm-snapdragon-8-elite-for-galaxy,carvana,https://www.kaggle.com/competitions/carvana-image-masking-challenge,train split,Mean Intersection Over Union,mIOU,Overlap of predicted and expected segmentation divided by the union size.,0.0,100.0,10.0,True,100.0
wedetect,float,tflite,,,,53.27,58.27,61.76,,,,,,,,2026-10-04,main,qualcomm-snapdragon-8-elite-for-galaxy,,,,,,,,,,,
wedetect,float,qnn_dlc,,,,53.27,58.27,61.77,,,,,,,,2026-10-04,main,qualcomm-snapdragon-8-elite-for-galaxy,,,,,,,,,,,
wedetect,float,qnn_dlc_via_qnn_ep,,,,53.27,58.3,61.76,,,,,,,,2026-10-04,main,qualcomm-snapdragon-8-elite-for-galaxy,,,,,,,,,,,
wedetect,float,onnx,,,,53.27,58.3,61.76,,,,,,,,2026-10-04,main,qualcomm-snapdragon-8-elite-for-galaxy,,,,,,,,,,,
wedetect,mixed_with_float,qnn_dlc,,,,43.28,20.63,61.77,,,,,,,,2026-10-04,main,qualcomm-snapdragon-8-elite-for-galaxy,,,,,,,,,,,
wedetect,mixed_with_float,qnn_dlc_via_qnn_ep,,,,43.27,53.01,61.76,,,,,,,,2026-10-04,main,qualcomm-snapdragon-8-elite-for-galaxy,,,,,,,,,,,
wedetect,mixed_with_float,onnx,,,,43.27,51.59,61.76,,,,,,,,2026-10-04,main,qualcomm-snapdragon-8-elite-for-galaxy,,,,,,,,,,,
xlsr,float,tflite,28.7,,28.7,71.7,,,,,,,,,,2026-10-04,main,qualcomm-snapdragon-8-elite-for-galaxy,set14,https://huggingface.co/datasets/eugenesiow/Set14,all 14 standard SR benchmark images,Peak Signal-to-Noise Ratio (PSNR),dB,A measure of how similar two images are.,0.0,,10.0,True,14.0
xlsr,float,qnn_dlc,28.7,,28.7,71.7,,,,,,,,,,2026-10-04,main,qualcomm-snapdragon-8-elite-for-galaxy,set14,https://huggingface.co/datasets/eugenesiow/Set14,all 14 standard SR benchmark images,Peak Signal-to-Noise Ratio (PSNR),dB,A measure of how similar two images are.,0.0,,10.0,True,14.0
xlsr,float,qnn_dlc_via_qnn_ep,28.7,,28.7,71.7,,,,,,,,,,2026-10-04,main,qualcomm-snapdragon-8-elite-for-galaxy,set14,https://huggingface.co/datasets/eugenesiow/Set14,all 14 standard SR benchmark images,Peak Signal-to-Noise Ratio (PSNR),dB,A measure of how similar two images are.,0.0,,10.0,True,14.0
xlsr,float,onnx,28.7,,28.7,71.7,,,,,,,,,,2026-10-04,main,qualcomm-snapdragon-8-elite-for-galaxy,set14,https://huggingface.co/datasets/eugenesiow/Set14,all 14 standard SR benchmark images,Peak Signal-to-Noise Ratio (PSNR),dB,A measure of how similar two images are.,0.0,,10.0,True,14.0
xlsr,w8a8,tflite,28.7,28.6,-40.8,5.533,,,,,,,,,,2026-10-04,main,qualcomm-snapdragon-8-elite-for-galaxy,set14,https://huggingface.co/datasets/eugenesiow/Set14,all 14 standard SR benchmark images,Peak Signal-to-Noise Ratio (PSNR),dB,A measure of how similar two images are.,0.0,,10.0,True,14.0
xlsr,w8a8,qnn_dlc,28.7,28.6,-40.8,5.533,,,,,,,,,,2026-10-04,main,qualcomm-snapdragon-8-elite-for-galaxy,set14,https://huggingface.co/datasets/eugenesiow/Set14,all 14 standard SR benchmark images,Peak Signal-to-Noise Ratio (PSNR),dB,A measure of how similar two images are.,0.0,,10.0,True,14.0
xlsr,w8a8,qnn_dlc_via_qnn_ep,28.7,28.6,-40.8,5.533,,,,,,,,,,2026-10-04,main,qualcomm-snapdragon-8-elite-for-galaxy,set14,https://huggingface.co/datasets/eugenesiow/Set14,all 14 standard SR benchmark images,Peak Signal-to-Noise Ratio (PSNR),dB,A measure of how similar two images are.,0.0,,10.0,True,14.0
xlsr,w8a8,onnx,28.7,28.6,-40.8,5.533,,,,,,,,,,2026-10-04,main,qualcomm-snapdragon-8-elite-for-galaxy,set14,https://huggingface.co/datasets/eugenesiow/Set14,all 14 standard SR benchmark images,Peak Signal-to-Noise Ratio (PSNR),dB,A measure of how similar two images are.,0.0,,10.0,True,14.0
yolo26_seg,float,tflite,29.8,,29.7,55.93,53.93,53.75,52.31,,,,,,,2026-10-04,main,qualcomm-snapdragon-8-elite-for-galaxy,coco_seg,https://cocodataset.org/,val2017 split,Mean Average Precision,mAP@0.5:0.95,Mean Average Precision averaged over IOU thresholds 0.5 to 0.95 in 0.05 increments.,0.0,100.0,10.0,True,100.0
yolo26_seg,float,qnn_dlc,29.8,,29.7,55.93,53.93,53.75,52.31,,,,,,,2026-10-04,main,qualcomm-snapdragon-8-elite-for-galaxy,coco_seg,https://cocodataset.org/,val2017 split,Mean Average Precision,mAP@0.5:0.95,Mean Average Precision averaged over IOU thresholds 0.5 to 0.95 in 0.05 increments.,0.0,100.0,10.0,True,100.0
yolo26_seg,float,qnn_dlc_via_qnn_ep,29.8,,29.8,55.93,54.25,53.75,52.31,,,,,,,2026-10-04,main,qualcomm-snapdragon-8-elite-for-galaxy,coco_seg,https://cocodataset.org/,val2017 split,Mean Average Precision,mAP@0.5:0.95,Mean Average Precision averaged over IOU thresholds 0.5 to 0.95 in 0.05 increments.,0.0,100.0,10.0,True,100.0
yolo26_seg,float,onnx,29.8,,29.9,55.93,54.19,53.75,52.3,,,,,,,2026-10-04,main,qualcomm-snapdragon-8-elite-for-galaxy,coco_seg,https://cocodataset.org/,val2017 split,Mean Average Precision,mAP@0.5:0.95,Mean Average Precision averaged over IOU thresholds 0.5 to 0.95 in 0.05 increments.,0.0,100.0,10.0,True,100.0
yolov11_pose,float,tflite,49.5,,49.4,60.82,55.53,61.53,,,,,,,,2026-10-04,main,qualcomm-snapdragon-8-elite-for-galaxy,coco_keypoints,https://cocodataset.org/,val2017 split - images with at least one person keypoint annotation,Mean Average Precision,mAP,Mean Average Precision (across predicted classes).,0.0,100.0,10.0,True,300.0
yolov11_pose,float,qnn_dlc,49.5,,49.4,60.82,55.53,61.53,,,,,,,,2026-10-04,main,qualcomm-snapdragon-8-elite-for-galaxy,coco_keypoints,https://cocodataset.org/,val2017 split - images with at least one person keypoint annotation,Mean Average Precision,mAP,Mean Average Precision (across predicted classes).,0.0,100.0,10.0,True,300.0
yolov11_pose,float,qnn_dlc_via_qnn_ep,49.5,,49.4,60.82,55.66,61.53,,,,,,,,2026-10-04,main,qualcomm-snapdragon-8-elite-for-galaxy,coco_keypoints,https://cocodataset.org/,val2017 split - images with at least one person keypoint annotation,Mean Average Precision,mAP,Mean Average Precision (across predicted classes).,0.0,100.0,10.0,True,300.0
yolov11_pose,float,onnx,49.5,,49.4,60.82,55.64,61.53,,,,,,,,2026-10-04,main,qualcomm-snapdragon-8-elite-for-galaxy,coco_keypoints,https://cocodataset.org/,val2017 split - images with at least one person keypoint annotation,Mean Average Precision,mAP,Mean Average Precision (across predicted classes).,0.0,100.0,10.0,True,300.0
yolov11_pose,w8a16,qnn_dlc,49.5,48.9,0.0,5.623,27.74,7.396,,,,,,,,2026-10-04,main,qualcomm-snapdragon-8-elite-for-galaxy,coco_keypoints,https://cocodataset.org/,val2017 split - images with at least one person keypoint annotation,Mean Average Precision,mAP,Mean Average Precision (across predicted classes).,0.0,100.0,10.0,True,300.0
yolov11_pose,w8a16,qnn_dlc_via_qnn_ep,49.5,48.9,0.0,5.623,27.74,7.396,,,,,,,,2026-10-04,main,qualcomm-snapdragon-8-elite-for-galaxy,coco_keypoints,https://cocodataset.org/,val2017 split - images with at least one person keypoint annotation,Mean Average Precision,mAP,Mean Average Precision (across predicted classes).,0.0,100.0,10.0,True,300.0
yolov11_pose,w8a16,onnx,49.5,48.9,0.0,5.625,27.52,7.394,,,,,,,,2026-10-04,main,qualcomm-snapdragon-8-elite-for-galaxy,coco_keypoints,https://cocodataset.org/,val2017 split - images with at least one person keypoint annotation,Mean Average Precision,mAP,Mean Average Precision (across predicted classes).,0.0,100.0,10.0,True,300.0
yolov4,float,tflite,22.5,,22.5,76.4,81.7,,,,,,,,,2026-10-04,main,qualcomm-snapdragon-8-elite-for-galaxy,coco,https://cocodataset.org/,val2017 split,Mean Average Precision,mAP@0.5:0.95,Mean Average Precision averaged over IOU thresholds 0.5 to 0.95 in 0.05 increments.,0.0,100.0,10.0,True,300.0
yolov4,float,qnn_dlc,22.5,,22.5,76.4,81.7,,,,,,,,,2026-10-04,main,qualcomm-snapdragon-8-elite-for-galaxy,coco,https://cocodataset.org/,val2017 split,Mean Average Precision,mAP@0.5:0.95,Mean Average Precision averaged over IOU thresholds 0.5 to 0.95 in 0.05 increments.,0.0,100.0,10.0,True,300.0
yolov4,float,qnn_dlc_via_qnn_ep,22.5,,22.5,76.4,81.7,,,,,,,,,2026-10-04,main,qualcomm-snapdragon-8-elite-for-galaxy,coco,https://cocodataset.org/,val2017 split,Mean Average Precision,mAP@0.5:0.95,Mean Average Precision averaged over IOU thresholds 0.5 to 0.95 in 0.05 increments.,0.0,100.0,10.0,True,300.0
yolov4,float,onnx,22.5,,22.5,76.4,81.73,,,,,,,,,2026-10-04,main,qualcomm-snapdragon-8-elite-for-galaxy,coco,https://cocodataset.org/,val2017 split,Mean Average Precision,mAP@0.5:0.95,Mean Average Precision averaged over IOU thresholds 0.5 to 0.95 in 0.05 increments.,0.0,100.0,10.0,True,300.0
yolov4,w8a16,qnn_dlc,22.5,22.1,0.0,5.338,28.85,,,,,,,,,2026-10-04,main,qualcomm-snapdragon-8-elite-for-galaxy,coco,https://cocodataset.org/,val2017 split,Mean Average Precision,mAP@0.5:0.95,Mean Average Precision averaged over IOU thresholds 0.5 to 0.95 in 0.05 increments.,0.0,100.0,10.0,True,300.0
yolov4,w8a16,qnn_dlc_via_qnn_ep,22.5,22.1,0.0,5.338,28.85,,,,,,,,,2026-10-04,main,qualcomm-snapdragon-8-elite-for-galaxy,coco,https://cocodataset.org/,val2017 split,Mean Average Precision,mAP@0.5:0.95,Mean Average Precision averaged over IOU thresholds 0.5 to 0.95 in 0.05 increments.,0.0,100.0,10.0,True,300.0
yolov4,w8a16,onnx,22.5,22.1,0.0,5.338,28.85,,,,,,,,,2026-10-04,main,qualcomm-snapdragon-8-elite-for-galaxy,coco,https://cocodataset.org/,val2017 split,Mean Average Precision,mAP@0.5:0.95,Mean Average Precision averaged over IOU thresholds 0.5 to 0.95 in 0.05 increments.,0.0,100.0,10.0,True,300.0
yolov6,float,tflite,41.4,,41.4,68.05,52.28,,,,,,,,,2026-10-04,main,qualcomm-snapdragon-8-elite-for-galaxy,coco,https://cocodataset.org/,val2017 split,Mean Average Precision,mAP@0.5:0.95,Mean Average Precision averaged over IOU thresholds 0.5 to 0.95 in 0.05 increments.,0.0,100.0,10.0,True,300.0
yolov6,float,qnn_dlc,41.4,,41.3,68.05,52.28,,,,,,,,,2026-10-04,main,qualcomm-snapdragon-8-elite-for-galaxy,coco,https://cocodataset.org/,val2017 split,Mean Average Precision,mAP@0.5:0.95,Mean Average Precision averaged over IOU thresholds 0.5 to 0.95 in 0.05 increments.,0.0,100.0,10.0,True,300.0
yolov6,float,qnn_dlc_via_qnn_ep,41.4,,41.3,68.04,52.28,,,,,,,,,2026-10-04,main,qualcomm-snapdragon-8-elite-for-galaxy,coco,https://cocodataset.org/,val2017 split,Mean Average Precision,mAP@0.5:0.95,Mean Average Precision averaged over IOU thresholds 0.5 to 0.95 in 0.05 increments.,0.0,100.0,10.0,True,300.0
yolov6,float,onnx,41.4,,41.3,68.04,52.28,,,,,,,,,2026-10-04,main,qualcomm-snapdragon-8-elite-for-galaxy,coco,https://cocodataset.org/,val2017 split,Mean Average Precision,mAP@0.5:0.95,Mean Average Precision averaged over IOU thresholds 0.5 to 0.95 in 0.05 increments.,0.0,100.0,10.0,True,300.0
yolov6,w8a16,qnn_dlc,41.4,41.2,0.0,5.188,24.79,,,,,,,,,2026-10-04,main,qualcomm-snapdragon-8-elite-for-galaxy,coco,https://cocodataset.org/,val2017 split,Mean Average Precision,mAP@0.5:0.95,Mean Average Precision averaged over IOU thresholds 0.5 to 0.95 in 0.05 increments.,0.0,100.0,10.0,True,300.0
yolov6,w8a16,qnn_dlc_via_qnn_ep,41.4,41.2,0.0,5.19,24.79,,,,,,,,,2026-10-04,main,qualcomm-snapdragon-8-elite-for-galaxy,coco,https://cocodataset.org/,val2017 split,Mean Average Precision,mAP@0.5:0.95,Mean Average Precision averaged over IOU thresholds 0.5 to 0.95 in 0.05 increments.,0.0,100.0,10.0,True,300.0
yolov6,w8a16,onnx,41.4,41.2,0.0,5.19,24.79,,,,,,,,,2026-10-04,main,qualcomm-snapdragon-8-elite-for-galaxy,coco,https://cocodataset.org/,val2017 split,Mean Average Precision,mAP@0.5:0.95,Mean Average Precision averaged over IOU thresholds 0.5 to 0.95 in 0.05 increments.,0.0,100.0,10.0,True,300.0
yolov6,w8a8,tflite,41.4,0.0,0.0,-19.08,24.08,,,,,,,,,2026-10-04,main,qualcomm-snapdragon-8-elite-for-galaxy,coco,https://cocodataset.org/,val2017 split,Mean Average Precision,mAP@0.5:0.95,Mean Average Precision averaged over IOU thresholds 0.5 to 0.95 in 0.05 increments.,0.0,100.0,10.0,True,300.0
yolov6,w8a8,qnn_dlc,41.4,0.0,0.0,-19.08,24.2,,,,,,,,,2026-10-04,main,qualcomm-snapdragon-8-elite-for-galaxy,coco,https://cocodataset.org/,val2017 split,Mean Average Precision,mAP@0.5:0.95,Mean Average Precision averaged over IOU thresholds 0.5 to 0.95 in 0.05 increments.,0.0,100.0,10.0,True,300.0
yolov6,w8a8,qnn_dlc_via_qnn_ep,41.4,0.0,0.0,-19.08,24.2,,,,,,,,,2026-10-04,main,qualcomm-snapdragon-8-elite-for-galaxy,coco,https://cocodataset.org/,val2017 split,Mean Average Precision,mAP@0.5:0.95,Mean Average Precision averaged over IOU thresholds 0.5 to 0.95 in 0.05 increments.,0.0,100.0,10.0,True,300.0
yolov6,w8a8,onnx,41.4,0.0,0.0,-19.08,24.2,,,,,,,,,2026-10-04,main,qualcomm-snapdragon-8-elite-for-galaxy,coco,https://cocodataset.org/,val2017 split,Mean Average Precision,mAP@0.5:0.95,Mean Average Precision averaged over IOU thresholds 0.5 to 0.95 in 0.05 increments.,0.0,100.0,10.0,True,300.0
yolox,float,tflite,38.4,,38.3,60.38,59.94,23.56,,,,,,,,2026-10-04,main,qualcomm-snapdragon-8-elite-for-galaxy,coco,https://cocodataset.org/,val2017 split,Mean Average Precision,mAP@0.5:0.95,Mean Average Precision averaged over IOU thresholds 0.5 to 0.95 in 0.05 increments.,0.0,100.0,10.0,True,300.0
yolox,float,qnn_dlc,38.4,,38.3,60.38,59.94,23.56,,,,,,,,2026-10-04,main,qualcomm-snapdragon-8-elite-for-galaxy,coco,https://cocodataset.org/,val2017 split,Mean Average Precision,mAP@0.5:0.95,Mean Average Precision averaged over IOU thresholds 0.5 to 0.95 in 0.05 increments.,0.0,100.0,10.0,True,300.0
yolox,float,qnn_dlc_via_qnn_ep,38.4,,38.3,60.38,59.94,23.56,,,,,,,,2026-10-04,main,qualcomm-snapdragon-8-elite-for-galaxy,coco,https://cocodataset.org/,val2017 split,Mean Average Precision,mAP@0.5:0.95,Mean Average Precision averaged over IOU thresholds 0.5 to 0.95 in 0.05 increments.,0.0,100.0,10.0,True,300.0
yolox,float,onnx,38.4,,38.3,60.37,59.93,23.56,,,,,,,,2026-10-04,main,qualcomm-snapdragon-8-elite-for-galaxy,coco,https://cocodataset.org/,val2017 split,Mean Average Precision,mAP@0.5:0.95,Mean Average Precision averaged over IOU thresholds 0.5 to 0.95 in 0.05 increments.,0.0,100.0,10.0,True,300.0
yolox,w8a8_mixed_int16,qnn_dlc,38.4,38.0,0.0,4.065,38.57,7.153,,,,,,,,2026-10-04,main,qualcomm-snapdragon-8-elite-for-galaxy,coco,https://cocodataset.org/,val2017 split,Mean Average Precision,mAP@0.5:0.95,Mean Average Precision averaged over IOU thresholds 0.5 to 0.95 in 0.05 increments.,0.0,100.0,10.0,True,300.0
yolox,w8a8_mixed_int16,qnn_dlc_via_qnn_ep,38.4,38.0,0.0,5.545,26.07,16.17,,,,,,,,2026-10-04,main,qualcomm-snapdragon-8-elite-for-galaxy,coco,https://cocodataset.org/,val2017 split,Mean Average Precision,mAP@0.5:0.95,Mean Average Precision averaged over IOU thresholds 0.5 to 0.95 in 0.05 increments.,0.0,100.0,10.0,True,300.0
yolox,w8a8_mixed_int16,onnx,38.4,38.0,0.0,5.545,26.07,16.07,,,,,,,,2026-10-04,main,qualcomm-snapdragon-8-elite-for-galaxy,coco,https://cocodataset.org/,val2017 split,Mean Average Precision,mAP@0.5:0.95,Mean Average Precision averaged over IOU thresholds 0.5 to 0.95 in 0.05 increments.,0.0,100.0,10.0,True,300.0
yolox,w8a16,qnn_dlc,38.4,38.5,0.0,5.537,26.12,18.31,,,,,,,,2026-10-04,main,qualcomm-snapdragon-8-elite-for-galaxy,coco,https://cocodataset.org/,val2017 split,Mean Average Precision,mAP@0.5:0.95,Mean Average Precision averaged over IOU thresholds 0.5 to 0.95 in 0.05 increments.,0.0,100.0,10.0,True,300.0
yolox,w8a16,qnn_dlc_via_qnn_ep,38.4,38.5,0.0,5.537,26.12,18.31,,,,,,,,2026-10-04,main,qualcomm-snapdragon-8-elite-for-galaxy,coco,https://cocodataset.org/,val2017 split,Mean Average Precision,mAP@0.5:0.95,Mean Average Precision averaged over IOU thresholds 0.5 to 0.95 in 0.05 increments.,0.0,100.0,10.0,True,300.0
yolox,w8a16,onnx,38.4,38.5,0.0,5.537,26.12,18.31,,,,,,,,2026-10-04,main,qualcomm-snapdragon-8-elite-for-galaxy,coco,https://cocodataset.org/,val2017 split,Mean Average Precision,mAP@0.5:0.95,Mean Average Precision averaged over IOU thresholds 0.5 to 0.95 in 0.05 increments.,0.0,100.0,10.0,True,300.0
yolox,w8a8,tflite,38.4,36.1,5.32e-05,0.2067,26.55,11.33,,,,,,,,2026-10-04,main,qualcomm-snapdragon-8-elite-for-galaxy,coco,https://cocodataset.org/,val2017 split,Mean Average Precision,mAP@0.5:0.95,Mean Average Precision averaged over IOU thresholds 0.5 to 0.95 in 0.05 increments.,0.0,100.0,10.0,True,300.0
yolox,w8a8,qnn_dlc,38.4,36.1,3.81e-05,0.2067,26.56,11.33,,,,,,,,2026-10-04,main,qualcomm-snapdragon-8-elite-for-galaxy,coco,https://cocodataset.org/,val2017 split,Mean Average Precision,mAP@0.5:0.95,Mean Average Precision averaged over IOU thresholds 0.5 to 0.95 in 0.05 increments.,0.0,100.0,10.0,True,300.0
yolox,w8a8,qnn_dlc_via_qnn_ep,38.4,36.1,3.81e-05,0.2067,26.53,11.33,,,,,,,,2026-10-04,main,qualcomm-snapdragon-8-elite-for-galaxy,coco,https://cocodataset.org/,val2017 split,Mean Average Precision,mAP@0.5:0.95,Mean Average Precision averaged over IOU thresholds 0.5 to 0.95 in 0.05 increments.,0.0,100.0,10.0,True,300.0
yolox,w8a8,onnx,38.4,36.1,3.81e-05,0.2067,26.53,11.33,,,,,,,,2026-10-04,main,qualcomm-snapdragon-8-elite-for-galaxy,coco,https://cocodataset.org/,val2017 split,Mean Average Precision,mAP@0.5:0.95,Mean Average Precision averaged over IOU thresholds 0.5 to 0.95 in 0.05 increments.,0.0,100.0,10.0,True,300.0
stable_diffusion_v1_5,w8a16,qnn_context_binary,,,,6.79,1.99,5.044,,,,,,,,2026-10-04,main,qualcomm-snapdragon-8-elite-for-galaxy,,,,,,,,,,,
stable_diffusion_v1_5,w8a16,precompiled_qnn_onnx,,,,6.79,1.99,5.044,,,,,,,,2026-10-04,main,qualcomm-snapdragon-8-elite-for-galaxy,,,,,,,,,,,
whisper_large_v3_turbo_quantized,w8a16,qnn_dlc_via_qnn_ep,,,,4.61,5.8,5.557,4.978,5.349,5.25,4.629,2.807,3.497,2.403,2026-10-04,main,qualcomm-snapdragon-8-elite-for-galaxy,,,,,,,,,,,
whisper_large_v3_turbo_quantized,w8a16,qnn_context_binary,,,,4.49,5.765,5.557,5.054,5.313,5.064,4.59,2.808,3.497,2.403,2026-10-04,main,qualcomm-snapdragon-8-elite-for-galaxy,,,,,,,,,,,
whisper_large_v3_turbo_quantized,w8a16,precompiled_qnn_onnx,,,,4.49,5.765,5.557,5.054,5.313,5.064,4.59,2.808,3.497,2.403,2026-10-04,main,qualcomm-snapdragon-8-elite-for-galaxy,,,,,,,,,,,
whisper_large_v3_turbo_quantized,w8a16,voice_ai,,,,4.49,5.765,5.557,5.054,5.313,5.064,4.59,2.808,3.497,2.403,2026-10-04,main,qualcomm-snapdragon-8-elite-for-galaxy,,,,,,,,,,,
mediapipe_pose,float,qnn_dlc_via_qnn_ep,,,,75.1,75.84,67.59,66.18,63.39,71.87,,,,,2026-10-04,main,qualcomm-snapdragon-8-elite-for-galaxy,,,,,,,,,,,
mediapipe_pose,float,qnn_context_binary,,,,75.1,75.84,67.59,66.18,63.39,71.87,,,,,2026-10-04,main,qualcomm-snapdragon-8-elite-for-galaxy,,,,,,,,,,,
mediapipe_pose,float,precompiled_qnn_onnx,,,,75.1,75.84,67.59,66.18,63.39,71.87,,,,,2026-10-04,main,qualcomm-snapdragon-8-elite-for-galaxy,,,,,,,,,,,
mediapipe_pose,w8a8,qnn_dlc_via_qnn_ep,,,,8.176,7.535,-5.126,-4.559,0.04605,3.331,,,,,2026-10-04,main,qualcomm-snapdragon-8-elite-for-galaxy,,,,,,,,,,,
mediapipe_pose,w8a8,qnn_context_binary,,,,8.176,7.535,-5.126,-4.559,0.04163,3.331,,,,,2026-10-04,main,qualcomm-snapdragon-8-elite-for-galaxy,,,,,,,,,,,
mediapipe_pose,w8a8,precompiled_qnn_onnx,,,,8.176,7.535,-5.126,-4.559,0.04163,3.331,,,,,2026-10-04,main,qualcomm-snapdragon-8-elite-for-galaxy,,,,,,,,,,,
nafssr,float,qnn_dlc_via_qnn_ep,21.1,,21.1,69.6,69.37,,,,,,,,,2026-10-04,main,qualcomm-snapdragon-8-elite-for-galaxy,flickr1024,https://yingqianwang.github.io/Flickr1024/,Flickr1024 dataset for stereo image super resolution,Peak Signal-to-Noise Ratio (PSNR),dB,A measure of how similar two images are.,0.0,,10.0,True,50.0
nafssr,float,qnn_context_binary,21.1,,21.1,69.6,69.37,,,,,,,,,2026-10-04,main,qualcomm-snapdragon-8-elite-for-galaxy,flickr1024,https://yingqianwang.github.io/Flickr1024/,Flickr1024 dataset for stereo image super resolution,Peak Signal-to-Noise Ratio (PSNR),dB,A measure of how similar two images are.,0.0,,10.0,True,50.0
nafssr,float,precompiled_qnn_onnx,21.1,,21.1,69.6,69.37,,,,,,,,,2026-10-04,main,qualcomm-snapdragon-8-elite-for-galaxy,flickr1024,https://yingqianwang.github.io/Flickr1024/,Flickr1024 dataset for stereo image super resolution,Peak Signal-to-Noise Ratio (PSNR),dB,A measure of how similar two images are.,0.0,,10.0,True,50.0
nafssr,w8a16,qnn_dlc_via_qnn_ep,21.1,21.1,-87.0,7.366,8.232,,,,,,,,,2026-10-04,main,qualcomm-snapdragon-8-elite-for-galaxy,flickr1024,https://yingqianwang.github.io/Flickr1024/,Flickr1024 dataset for stereo image super resolution,Peak Signal-to-Noise Ratio (PSNR),dB,A measure of how similar two images are.,0.0,,10.0,True,50.0
nafssr,w8a16,qnn_context_binary,21.1,21.1,-87.0,7.361,8.231,,,,,,,,,2026-10-04,main,qualcomm-snapdragon-8-elite-for-galaxy,flickr1024,https://yingqianwang.github.io/Flickr1024/,Flickr1024 dataset for stereo image super resolution,Peak Signal-to-Noise Ratio (PSNR),dB,A measure of how similar two images are.,0.0,,10.0,True,50.0
nafssr,w8a16,precompiled_qnn_onnx,21.1,21.1,-87.0,7.361,8.231,,,,,,,,,2026-10-04,main,qualcomm-snapdragon-8-elite-for-galaxy,flickr1024,https://yingqianwang.github.io/Flickr1024/,Flickr1024 dataset for stereo image super resolution,Peak Signal-to-Noise Ratio (PSNR),dB,A measure of how similar two images are.,0.0,,10.0,True,50.0
opus_mt_en_zh,float,qnn_dlc_via_qnn_ep,,,,15.68,13.91,16.77,14.22,16.9,14.28,17.28,13.89,17.13,13.39,2026-10-04,main,qualcomm-snapdragon-8-elite-for-galaxy,,,,,,,,,,,
opus_mt_en_zh,float,voice_ai,,,,15.68,13.91,16.77,14.22,16.9,14.28,17.28,13.89,17.13,13.39,2026-10-04,main,qualcomm-snapdragon-8-elite-for-galaxy,,,,,,,,,,,
opus_mt_zh_en,float,qnn_dlc_via_qnn_ep,,,,15.29,13.67,15.32,11.78,13.96,11.74,14.44,12.29,13.05,11.46,2026-10-04,main,qualcomm-snapdragon-8-elite-for-galaxy,,,,,,,,,,,
opus_mt_zh_en,float,voice_ai,,,,15.29,13.67,15.32,11.78,13.96,11.74,14.44,12.29,13.05,11.46,2026-10-04,main,qualcomm-snapdragon-8-elite-for-galaxy,,,,,,,,,,,
sam3,float,qnn_context_binary,,,,49.88,45.68,43.05,27.72,2.194,18.15,,,,,2026-10-04,main,qualcomm-snapdragon-8-elite-for-galaxy,,,,,,,,,,,
sam3,float,precompiled_qnn_onnx,,,,49.88,45.68,43.05,27.72,2.194,18.15,,,,,2026-10-04,main,qualcomm-snapdragon-8-elite-for-galaxy,,,,,,,,,,,
whisper_small,float,qnn_dlc_via_qnn_ep,,,,17.6,19.8,22.51,19.72,18.47,23.06,21.6,25.91,21.92,20.54,2026-10-04,main,qualcomm-snapdragon-8-elite-for-galaxy,,,,,,,,,,,
whisper_small,float,qnn_context_binary,,,,17.6,19.8,22.51,19.72,18.48,23.07,21.59,25.91,21.92,20.53,2026-10-04,main,qualcomm-snapdragon-8-elite-for-galaxy,,,,,,,,,,,
whisper_small,float,precompiled_qnn_onnx,,,,17.6,19.8,22.51,19.72,18.48,23.07,21.59,25.91,21.92,20.53,2026-10-04,main,qualcomm-snapdragon-8-elite-for-galaxy,,,,,,,,,,,
whisper_small,float,voice_ai,,,,17.6,19.8,22.51,19.72,18.48,23.07,21.59,25.91,21.92,20.53,2026-10-04,main,qualcomm-snapdragon-8-elite-for-galaxy,,,,,,,,,,,
bert_base_uncased_hf,float,tflite,74.4,,74.4,46.68,,,,,,,,,,2026-10-04,main,qualcomm-snapdragon-8-elite-for-galaxy,wikitext_masked_google_bert_bert_base_uncased,https://huggingface.co/datasets/wikitext,wikitext-2-raw-v1 validation split,Top-1 Accuracy,%,Percentage of masked tokens correctly predicted (highest-probability token).,0.0,100.0,10.0,True,250.0
bert_base_uncased_hf,float,qnn_dlc,74.4,,74.4,46.68,,,,,,,,,,2026-10-04,main,qualcomm-snapdragon-8-elite-for-galaxy,wikitext_masked_google_bert_bert_base_uncased,https://huggingface.co/datasets/wikitext,wikitext-2-raw-v1 validation split,Top-1 Accuracy,%,Percentage of masked tokens correctly predicted (highest-probability token).,0.0,100.0,10.0,True,250.0
bert_base_uncased_hf,float,qnn_dlc_via_qnn_ep,74.4,,0.4,12.2,,,,,,,,,,2026-10-04,main,qualcomm-snapdragon-8-elite-for-galaxy,wikitext_masked_google_bert_bert_base_uncased,https://huggingface.co/datasets/wikitext,wikitext-2-raw-v1 validation split,Top-1 Accuracy,%,Percentage of masked tokens correctly predicted (highest-probability token).,0.0,100.0,10.0,True,250.0
bert_base_uncased_hf,float,onnx,74.4,,74.4,46.68,,,,,,,,,,2026-10-04,main,qualcomm-snapdragon-8-elite-for-galaxy,wikitext_masked_google_bert_bert_base_uncased,https://huggingface.co/datasets/wikitext,wikitext-2-raw-v1 validation split,Top-1 Accuracy,%,Percentage of masked tokens correctly predicted (highest-probability token).,0.0,100.0,10.0,True,250.0
bert_base_uncased_hf,w8a16,qnn_dlc,74.4,74.0,74.4,289.1,,,,,,,,,,2026-10-04,main,qualcomm-snapdragon-8-elite-for-galaxy,wikitext_masked_google_bert_bert_base_uncased,https://huggingface.co/datasets/wikitext,wikitext-2-raw-v1 validation split,Top-1 Accuracy,%,Percentage of masked tokens correctly predicted (highest-probability token).,0.0,100.0,10.0,True,250.0
bert_base_uncased_hf,w8a16,qnn_dlc_via_qnn_ep,74.4,74.0,74.4,289.1,,,,,,,,,,2026-10-04,main,qualcomm-snapdragon-8-elite-for-galaxy,wikitext_masked_google_bert_bert_base_uncased,https://huggingface.co/datasets/wikitext,wikitext-2-raw-v1 validation split,Top-1 Accuracy,%,Percentage of masked tokens correctly predicted (highest-probability token).,0.0,100.0,10.0,True,250.0
bert_base_uncased_hf,w8a16,onnx,74.4,74.0,74.4,52.16,,,,,,,,,,2026-10-04,main,qualcomm-snapdragon-8-elite-for-galaxy,wikitext_masked_google_bert_bert_base_uncased,https://huggingface.co/datasets/wikitext,wikitext-2-raw-v1 validation split,Top-1 Accuracy,%,Percentage of masked tokens correctly predicted (highest-probability token).,0.0,100.0,10.0,True,250.0
bevformer,float,qnn_dlc,,,,52.86,56.54,63.58,,,,,,,,2026-10-04,main,qualcomm-snapdragon-8-elite-for-galaxy,,,,,,,,,,,
bevformer,float,qnn_dlc_via_qnn_ep,,,,52.86,36.45,39.67,,,,,,,,2026-10-04,main,qualcomm-snapdragon-8-elite-for-galaxy,,,,,,,,,,,
bevformer,float,onnx,,,,52.86,36.45,39.67,,,,,,,,2026-10-04,main,qualcomm-snapdragon-8-elite-for-galaxy,,,,,,,,,,,
conditional_detr_resnet50,float,tflite,36.6,,36.6,47.18,41.91,28.29,,,,,,,,2026-10-04,main,qualcomm-snapdragon-8-elite-for-galaxy,coco91_class,https://cocodataset.org/,val2017 split,Mean Average Precision,mAP@0.5:0.95,Mean Average Precision averaged over IOU thresholds 0.5 to 0.95 in 0.05 increments.,0.0,100.0,10.0,True,300.0
conditional_detr_resnet50,float,qnn_dlc,36.6,,36.6,47.18,41.91,28.29,,,,,,,,2026-10-04,main,qualcomm-snapdragon-8-elite-for-galaxy,coco91_class,https://cocodataset.org/,val2017 split,Mean Average Precision,mAP@0.5:0.95,Mean Average Precision averaged over IOU thresholds 0.5 to 0.95 in 0.05 increments.,0.0,100.0,10.0,True,300.0
conditional_detr_resnet50,float,qnn_dlc_via_qnn_ep,36.6,,36.6,47.18,41.91,28.29,,,,,,,,2026-10-04,main,qualcomm-snapdragon-8-elite-for-galaxy,coco91_class,https://cocodataset.org/,val2017 split,Mean Average Precision,mAP@0.5:0.95,Mean Average Precision averaged over IOU thresholds 0.5 to 0.95 in 0.05 increments.,0.0,100.0,10.0,True,300.0
conditional_detr_resnet50,float,onnx,36.6,,36.7,47.11,41.53,27.86,,,,,,,,2026-10-04,main,qualcomm-snapdragon-8-elite-for-galaxy,coco91_class,https://cocodataset.org/,val2017 split,Mean Average Precision,mAP@0.5:0.95,Mean Average Precision averaged over IOU thresholds 0.5 to 0.95 in 0.05 increments.,0.0,100.0,10.0,True,300.0
conditional_detr_resnet50,w8a16_mixed_fp16,qnn_dlc,36.6,36.7,0.0,5.843,14.97,27.31,,,,,,,,2026-10-04,main,qualcomm-snapdragon-8-elite-for-galaxy,coco91_class,https://cocodataset.org/,val2017 split,Mean Average Precision,mAP@0.5:0.95,Mean Average Precision averaged over IOU thresholds 0.5 to 0.95 in 0.05 increments.,0.0,100.0,10.0,True,300.0
conditional_detr_resnet50,w8a16_mixed_fp16,qnn_dlc_via_qnn_ep,36.6,36.7,0.0,5.872,15.02,17.61,,,,,,,,2026-10-04,main,qualcomm-snapdragon-8-elite-for-galaxy,coco91_class,https://cocodataset.org/,val2017 split,Mean Average Precision,mAP@0.5:0.95,Mean Average Precision averaged over IOU thresholds 0.5 to 0.95 in 0.05 increments.,0.0,100.0,10.0,True,300.0
conditional_detr_resnet50,w8a16_mixed_fp16,onnx,36.6,36.7,0.0,5.871,15.07,17.23,,,,,,,,2026-10-04,main,qualcomm-snapdragon-8-elite-for-galaxy,coco91_class,https://cocodataset.org/,val2017 split,Mean Average Precision,mAP@0.5:0.95,Mean Average Precision averaged over IOU thresholds 0.5 to 0.95 in 0.05 increments.,0.0,100.0,10.0,True,300.0
deeplab_xception,float,tflite,85.6,,85.6,40.8,,,,,,,,,,2026-10-04,main,qualcomm-snapdragon-8-elite-for-galaxy,voc_segmentation,https://host.robots.ox.ac.uk/pascal/VOC/voc2012/,validation split,Mean Intersection Over Union,mIOU,Overlap of predicted and expected segmentation divided by the union size.,0.0,100.0,10.0,True,400.0
deeplab_xception,float,qnn_dlc,85.6,,85.6,40.8,,,,,,,,,,2026-10-04,main,qualcomm-snapdragon-8-elite-for-galaxy,voc_segmentation,https://host.robots.ox.ac.uk/pascal/VOC/voc2012/,validation split,Mean Intersection Over Union,mIOU,Overlap of predicted and expected segmentation divided by the union size.,0.0,100.0,10.0,True,400.0
deeplab_xception,float,qnn_dlc_via_qnn_ep,85.6,,85.6,40.8,,,,,,,,,,2026-10-04,main,qualcomm-snapdragon-8-elite-for-galaxy,voc_segmentation,https://host.robots.ox.ac.uk/pascal/VOC/voc2012/,validation split,Mean Intersection Over Union,mIOU,Overlap of predicted and expected segmentation divided by the union size.,0.0,100.0,10.0,True,400.0
deeplab_xception,float,onnx,85.6,,85.6,40.8,,,,,,,,,,2026-10-04,main,qualcomm-snapdragon-8-elite-for-galaxy,voc_segmentation,https://host.robots.ox.ac.uk/pascal/VOC/voc2012/,validation split,Mean Intersection Over Union,mIOU,Overlap of predicted and expected segmentation divided by the union size.,0.0,100.0,10.0,True,400.0
deeplab_xception,w8a16,qnn_dlc,85.6,85.5,85.1,26.12,,,,,,,,,,2026-10-04,main,qualcomm-snapdragon-8-elite-for-galaxy,voc_segmentation,https://host.robots.ox.ac.uk/pascal/VOC/voc2012/,validation split,Mean Intersection Over Union,mIOU,Overlap of predicted and expected segmentation divided by the union size.,0.0,100.0,10.0,True,400.0
deeplab_xception,w8a16,qnn_dlc_via_qnn_ep,85.6,85.5,85.1,26.07,,,,,,,,,,2026-10-04,main,qualcomm-snapdragon-8-elite-for-galaxy,voc_segmentation,https://host.robots.ox.ac.uk/pascal/VOC/voc2012/,validation split,Mean Intersection Over Union,mIOU,Overlap of predicted and expected segmentation divided by the union size.,0.0,100.0,10.0,True,400.0
deeplab_xception,w8a16,onnx,85.6,85.5,85.1,26.07,,,,,,,,,,2026-10-04,main,qualcomm-snapdragon-8-elite-for-galaxy,voc_segmentation,https://host.robots.ox.ac.uk/pascal/VOC/voc2012/,validation split,Mean Intersection Over Union,mIOU,Overlap of predicted and expected segmentation divided by the union size.,0.0,100.0,10.0,True,400.0
deeplab_xception,w8a8,tflite,85.6,84.5,84.2,21.49,,,,,,,,,,2026-10-04,main,qualcomm-snapdragon-8-elite-for-galaxy,voc_segmentation,https://host.robots.ox.ac.uk/pascal/VOC/voc2012/,validation split,Mean Intersection Over Union,mIOU,Overlap of predicted and expected segmentation divided by the union size.,0.0,100.0,10.0,True,400.0
deeplab_xception,w8a8,qnn_dlc,85.6,84.5,84.1,21.8,,,,,,,,,,2026-10-04,main,qualcomm-snapdragon-8-elite-for-galaxy,voc_segmentation,https://host.robots.ox.ac.uk/pascal/VOC/voc2012/,validation split,Mean Intersection Over Union,mIOU,Overlap of predicted and expected segmentation divided by the union size.,0.0,100.0,10.0,True,400.0
deeplab_xception,w8a8,qnn_dlc_via_qnn_ep,85.6,84.5,84.0,21.72,,,,,,,,,,2026-10-04,main,qualcomm-snapdragon-8-elite-for-galaxy,voc_segmentation,https://host.robots.ox.ac.uk/pascal/VOC/voc2012/,validation split,Mean Intersection Over Union,mIOU,Overlap of predicted and expected segmentation divided by the union size.,0.0,100.0,10.0,True,400.0
deeplab_xception,w8a8,onnx,85.6,84.5,84.0,21.72,,,,,,,,,,2026-10-04,main,qualcomm-snapdragon-8-elite-for-galaxy,voc_segmentation,https://host.robots.ox.ac.uk/pascal/VOC/voc2012/,validation split,Mean Intersection Over Union,mIOU,Overlap of predicted and expected segmentation divided by the union size.,0.0,100.0,10.0,True,400.0
deeplabv3_plus_mobilenet,float,tflite,69.3,,69.4,34.59,,,,,,,,,,2026-10-04,main,qualcomm-snapdragon-8-elite-for-galaxy,voc_segmentation,https://host.robots.ox.ac.uk/pascal/VOC/voc2012/,validation split,Mean Intersection Over Union,mIOU,Overlap of predicted and expected segmentation divided by the union size.,0.0,100.0,10.0,True,400.0
deeplabv3_plus_mobilenet,float,qnn_dlc,69.3,,69.4,34.59,,,,,,,,,,2026-10-04,main,qualcomm-snapdragon-8-elite-for-galaxy,voc_segmentation,https://host.robots.ox.ac.uk/pascal/VOC/voc2012/,validation split,Mean Intersection Over Union,mIOU,Overlap of predicted and expected segmentation divided by the union size.,0.0,100.0,10.0,True,400.0
deeplabv3_plus_mobilenet,float,qnn_dlc_via_qnn_ep,69.3,,69.4,34.59,,,,,,,,,,2026-10-04,main,qualcomm-snapdragon-8-elite-for-galaxy,voc_segmentation,https://host.robots.ox.ac.uk/pascal/VOC/voc2012/,validation split,Mean Intersection Over Union,mIOU,Overlap of predicted and expected segmentation divided by the union size.,0.0,100.0,10.0,True,400.0
deeplabv3_plus_mobilenet,float,onnx,69.3,,69.4,34.66,,,,,,,,,,2026-10-04,main,qualcomm-snapdragon-8-elite-for-galaxy,voc_segmentation,https://host.robots.ox.ac.uk/pascal/VOC/voc2012/,validation split,Mean Intersection Over Union,mIOU,Overlap of predicted and expected segmentation divided by the union size.,0.0,100.0,10.0,True,400.0
deeplabv3_plus_mobilenet,w8a16,qnn_dlc,69.3,68.4,68.4,23.1,,,,,,,,,,2026-10-04,main,qualcomm-snapdragon-8-elite-for-galaxy,voc_segmentation,https://host.robots.ox.ac.uk/pascal/VOC/voc2012/,validation split,Mean Intersection Over Union,mIOU,Overlap of predicted and expected segmentation divided by the union size.,0.0,100.0,10.0,True,400.0
deeplabv3_plus_mobilenet,w8a16,qnn_dlc_via_qnn_ep,69.3,68.4,68.4,23.1,,,,,,,,,,2026-10-04,main,qualcomm-snapdragon-8-elite-for-galaxy,voc_segmentation,https://host.robots.ox.ac.uk/pascal/VOC/voc2012/,validation split,Mean Intersection Over Union,mIOU,Overlap of predicted and expected segmentation divided by the union size.,0.0,100.0,10.0,True,400.0
deeplabv3_plus_mobilenet,w8a16,onnx,69.3,68.4,68.4,23.1,,,,,,,,,,2026-10-04,main,qualcomm-snapdragon-8-elite-for-galaxy,voc_segmentation,https://host.robots.ox.ac.uk/pascal/VOC/voc2012/,validation split,Mean Intersection Over Union,mIOU,Overlap of predicted and expected segmentation divided by the union size.,0.0,100.0,10.0,True,400.0
deeplabv3_plus_mobilenet,w8a8,tflite,69.3,68.0,68.1,22.59,,,,,,,,,,2026-10-04,main,qualcomm-snapdragon-8-elite-for-galaxy,voc_segmentation,https://host.robots.ox.ac.uk/pascal/VOC/voc2012/,validation split,Mean Intersection Over Union,mIOU,Overlap of predicted and expected segmentation divided by the union size.,0.0,100.0,10.0,True,400.0
deeplabv3_plus_mobilenet,w8a8,qnn_dlc,69.3,68.0,68.1,22.54,,,,,,,,,,2026-10-04,main,qualcomm-snapdragon-8-elite-for-galaxy,voc_segmentation,https://host.robots.ox.ac.uk/pascal/VOC/voc2012/,validation split,Mean Intersection Over Union,mIOU,Overlap of predicted and expected segmentation divided by the union size.,0.0,100.0,10.0,True,400.0
deeplabv3_plus_mobilenet,w8a8,qnn_dlc_via_qnn_ep,69.3,68.0,68.1,22.54,,,,,,,,,,2026-10-04,main,qualcomm-snapdragon-8-elite-for-galaxy,voc_segmentation,https://host.robots.ox.ac.uk/pascal/VOC/voc2012/,validation split,Mean Intersection Over Union,mIOU,Overlap of predicted and expected segmentation divided by the union size.,0.0,100.0,10.0,True,400.0
deeplabv3_plus_mobilenet,w8a8,onnx,69.3,68.0,68.1,22.54,,,,,,,,,,2026-10-04,main,qualcomm-snapdragon-8-elite-for-galaxy,voc_segmentation,https://host.robots.ox.ac.uk/pascal/VOC/voc2012/,validation split,Mean Intersection Over Union,mIOU,Overlap of predicted and expected segmentation divided by the union size.,0.0,100.0,10.0,True,400.0
deepspeech2,float,tflite,,,,228.9,,,,,,,,,,2026-10-04,main,qualcomm-snapdragon-8-elite-for-galaxy,,,,,,,,,,,
depth_anything_v3,float,tflite,85.4,,85.4,61.12,,,,,,,,,,2026-10-04,main,qualcomm-snapdragon-8-elite-for-galaxy,nyuv2,https://cs.nyu.edu/~fergus/datasets/nyu_depth_v2.html,validation split,Delta Threshold Accuracy,δ1,The percentage of pixels where the predicted depth is within 25% of the expected.,0.0,100.0,10.0,True,100.0
depth_anything_v3,float,qnn_dlc,85.4,,85.4,61.11,,,,,,,,,,2026-10-04,main,qualcomm-snapdragon-8-elite-for-galaxy,nyuv2,https://cs.nyu.edu/~fergus/datasets/nyu_depth_v2.html,validation split,Delta Threshold Accuracy,δ1,The percentage of pixels where the predicted depth is within 25% of the expected.,0.0,100.0,10.0,True,100.0
depth_anything_v3,float,qnn_dlc_via_qnn_ep,85.4,,85.4,61.11,,,,,,,,,,2026-10-04,main,qualcomm-snapdragon-8-elite-for-galaxy,nyuv2,https://cs.nyu.edu/~fergus/datasets/nyu_depth_v2.html,validation split,Delta Threshold Accuracy,δ1,The percentage of pixels where the predicted depth is within 25% of the expected.,0.0,100.0,10.0,True,100.0
depth_anything_v3,float,onnx,85.4,,85.4,61.3,,,,,,,,,,2026-10-04,main,qualcomm-snapdragon-8-elite-for-galaxy,nyuv2,https://cs.nyu.edu/~fergus/datasets/nyu_depth_v2.html,validation split,Delta Threshold Accuracy,δ1,The percentage of pixels where the predicted depth is within 25% of the expected.,0.0,100.0,10.0,True,100.0
detectron2_detection,float,tflite,,,,89.36,77.51,76.64,73.61,50.84,235.4,,,,,2026-10-04,main,qualcomm-snapdragon-8-elite-for-galaxy,,,,,,,,,,,
detectron2_detection,float,qnn_dlc,,,,89.36,77.51,76.64,8.247,60.02,235.4,,,,,2026-10-04,main,qualcomm-snapdragon-8-elite-for-galaxy,,,,,,,,,,,
detectron2_detection,float,qnn_dlc_via_qnn_ep,,,,89.36,77.51,76.64,8.247,60.02,235.4,,,,,2026-10-04,main,qualcomm-snapdragon-8-elite-for-galaxy,,,,,,,,,,,
detectron2_detection,float,onnx,,,,89.36,77.51,76.64,8.247,60.02,235.4,,,,,2026-10-04,main,qualcomm-snapdragon-8-elite-for-galaxy,,,,,,,,,,,
detectron2_detection,w8a16,qnn_dlc,,,,32.48,5.113,5.627,0.01717,0.0001336,235.4,,,,,2026-10-04,main,qualcomm-snapdragon-8-elite-for-galaxy,,,,,,,,,,,
detectron2_detection,w8a16,qnn_dlc_via_qnn_ep,,,,32.48,5.113,5.626,0.01717,0.0001336,235.4,,,,,2026-10-04,main,qualcomm-snapdragon-8-elite-for-galaxy,,,,,,,,,,,
detectron2_detection,w8a16,onnx,,,,32.48,5.113,5.626,0.01717,0.0001336,235.4,,,,,2026-10-04,main,qualcomm-snapdragon-8-elite-for-galaxy,,,,,,,,,,,
detectron2_detection,w8a8,tflite,,,,31.75,-3.001,5.592,0.1688,0.03595,235.4,,,,,2026-10-04,main,qualcomm-snapdragon-8-elite-for-galaxy,,,,,,,,,,,
detectron2_detection,w8a8,qnn_dlc,,,,31.75,-3.001,5.592,0.1688,0.03595,235.4,,,,,2026-10-04,main,qualcomm-snapdragon-8-elite-for-galaxy,,,,,,,,,,,
detectron2_detection,w8a8,qnn_dlc_via_qnn_ep,,,,31.75,-3.001,5.592,0.1688,0.03595,235.4,,,,,2026-10-04,main,qualcomm-snapdragon-8-elite-for-galaxy,,,,,,,,,,,
detectron2_detection,w8a8,onnx,,,,31.75,-3.001,5.592,0.1688,0.03595,235.4,,,,,2026-10-04,main,qualcomm-snapdragon-8-elite-for-galaxy,,,,,,,,,,,
detr_resnet50,float,tflite,42.9,,42.9,43.56,37.74,,,,,,,,,2026-10-04,main,qualcomm-snapdragon-8-elite-for-galaxy,coco91_class,https://cocodataset.org/,val2017 split,Mean Average Precision,mAP@0.5:0.95,Mean Average Precision averaged over IOU thresholds 0.5 to 0.95 in 0.05 increments.,0.0,100.0,10.0,True,300.0
detr_resnet50,float,qnn_dlc,42.9,,42.9,43.56,37.74,,,,,,,,,2026-10-04,main,qualcomm-snapdragon-8-elite-for-galaxy,coco91_class,https://cocodataset.org/,val2017 split,Mean Average Precision,mAP@0.5:0.95,Mean Average Precision averaged over IOU thresholds 0.5 to 0.95 in 0.05 increments.,0.0,100.0,10.0,True,300.0
detr_resnet50,float,qnn_dlc_via_qnn_ep,42.9,,42.9,43.56,37.74,,,,,,,,,2026-10-04,main,qualcomm-snapdragon-8-elite-for-galaxy,coco91_class,https://cocodataset.org/,val2017 split,Mean Average Precision,mAP@0.5:0.95,Mean Average Precision averaged over IOU thresholds 0.5 to 0.95 in 0.05 increments.,0.0,100.0,10.0,True,300.0
detr_resnet50,float,onnx,42.9,,42.5,44.09,36.61,,,,,,,,,2026-10-04,main,qualcomm-snapdragon-8-elite-for-galaxy,coco91_class,https://cocodataset.org/,val2017 split,Mean Average Precision,mAP@0.5:0.95,Mean Average Precision averaged over IOU thresholds 0.5 to 0.95 in 0.05 increments.,0.0,100.0,10.0,True,300.0
detr_resnet50,w8a16_mixed_fp16,qnn_dlc,42.9,41.7,0.0,4.975,10.41,,,,,,,,,2026-10-04,main,qualcomm-snapdragon-8-elite-for-galaxy,coco91_class,https://cocodataset.org/,val2017 split,Mean Average Precision,mAP@0.5:0.95,Mean Average Precision averaged over IOU thresholds 0.5 to 0.95 in 0.05 increments.,0.0,100.0,10.0,True,300.0
detr_resnet50,w8a16_mixed_fp16,qnn_dlc_via_qnn_ep,42.9,41.7,0.0,5.001,10.42,,,,,,,,,2026-10-04,main,qualcomm-snapdragon-8-elite-for-galaxy,coco91_class,https://cocodataset.org/,val2017 split,Mean Average Precision,mAP@0.5:0.95,Mean Average Precision averaged over IOU thresholds 0.5 to 0.95 in 0.05 increments.,0.0,100.0,10.0,True,300.0
detr_resnet50,w8a16_mixed_fp16,onnx,42.9,41.7,0.0,5.001,10.43,,,,,,,,,2026-10-04,main,qualcomm-snapdragon-8-elite-for-galaxy,coco91_class,https://cocodataset.org/,val2017 split,Mean Average Precision,mAP@0.5:0.95,Mean Average Precision averaged over IOU thresholds 0.5 to 0.95 in 0.05 increments.,0.0,100.0,10.0,True,300.0
detr_resnet50_dc5,float,tflite,43.7,,43.8,44.39,36.69,32.67,,,,,,,,2026-10-04,main,qualcomm-snapdragon-8-elite-for-galaxy,coco91_class,https://cocodataset.org/,val2017 split,Mean Average Precision,mAP@0.5:0.95,Mean Average Precision averaged over IOU thresholds 0.5 to 0.95 in 0.05 increments.,0.0,100.0,10.0,True,300.0
detr_resnet50_dc5,float,qnn_dlc,43.7,,43.8,44.39,36.69,32.67,,,,,,,,2026-10-04,main,qualcomm-snapdragon-8-elite-for-galaxy,coco91_class,https://cocodataset.org/,val2017 split,Mean Average Precision,mAP@0.5:0.95,Mean Average Precision averaged over IOU thresholds 0.5 to 0.95 in 0.05 increments.,0.0,100.0,10.0,True,300.0
detr_resnet50_dc5,float,qnn_dlc_via_qnn_ep,43.7,,43.8,44.39,36.69,32.67,,,,,,,,2026-10-04,main,qualcomm-snapdragon-8-elite-for-galaxy,coco91_class,https://cocodataset.org/,val2017 split,Mean Average Precision,mAP@0.5:0.95,Mean Average Precision averaged over IOU thresholds 0.5 to 0.95 in 0.05 increments.,0.0,100.0,10.0,True,300.0
detr_resnet50_dc5,float,onnx,43.7,,43.8,43.35,38.06,33.05,,,,,,,,2026-10-04,main,qualcomm-snapdragon-8-elite-for-galaxy,coco91_class,https://cocodataset.org/,val2017 split,Mean Average Precision,mAP@0.5:0.95,Mean Average Precision averaged over IOU thresholds 0.5 to 0.95 in 0.05 increments.,0.0,100.0,10.0,True,300.0
detr_resnet50_dc5,w8a16_mixed_int16,qnn_dlc,43.7,43.0,0.0,4.754,10.35,16.98,,,,,,,,2026-10-04,main,qualcomm-snapdragon-8-elite-for-galaxy,coco91_class,https://cocodataset.org/,val2017 split,Mean Average Precision,mAP@0.5:0.95,Mean Average Precision averaged over IOU thresholds 0.5 to 0.95 in 0.05 increments.,0.0,100.0,10.0,True,300.0
detr_resnet50_dc5,w8a16_mixed_int16,qnn_dlc_via_qnn_ep,43.7,43.0,0.0,4.754,10.35,16.98,,,,,,,,2026-10-04,main,qualcomm-snapdragon-8-elite-for-galaxy,coco91_class,https://cocodataset.org/,val2017 split,Mean Average Precision,mAP@0.5:0.95,Mean Average Precision averaged over IOU thresholds 0.5 to 0.95 in 0.05 increments.,0.0,100.0,10.0,True,300.0
detr_resnet50_dc5,w8a16_mixed_int16,onnx,43.7,43.0,0.0,4.653,10.36,17.0,,,,,,,,2026-10-04,main,qualcomm-snapdragon-8-elite-for-galaxy,coco91_class,https://cocodataset.org/,val2017 split,Mean Average Precision,mAP@0.5:0.95,Mean Average Precision averaged over IOU thresholds 0.5 to 0.95 in 0.05 increments.,0.0,100.0,10.0,True,300.0
easyocr,float,tflite,,,,84.38,131.9,,,,,,,,,2026-10-04,main,qualcomm-snapdragon-8-elite-for-galaxy,,,,,,,,,,,
easyocr,float,qnn_dlc,,,,84.38,49.92,,,,,,,,,2026-10-04,main,qualcomm-snapdragon-8-elite-for-galaxy,,,,,,,,,,,
easyocr,float,onnx,,,,84.36,49.92,,,,,,,,,2026-10-04,main,qualcomm-snapdragon-8-elite-for-galaxy,,,,,,,,,,,
easyocr,w8a8,tflite,,,,4.861,5.501,,,,,,,,,2026-10-04,main,qualcomm-snapdragon-8-elite-for-galaxy,,,,,,,,,,,
easyocr,w8a8,onnx,,,,4.861,5.91,,,,,,,,,2026-10-04,main,qualcomm-snapdragon-8-elite-for-galaxy,,,,,,,,,,,
efficientnet_b4,float,tflite,82.2,,82.3,52.27,,,,,,,,,,2026-10-04,main,qualcomm-snapdragon-8-elite-for-galaxy,imagenet_efficientnet_b4,https://www.image-net.org/,validation split,Top-1 Accuracy,%,Percentage of top 1 model predictions that are correct.,0.0,100.0,10.0,True,1000.0
efficientnet_b4,float,qnn_dlc,82.2,,82.3,52.27,,,,,,,,,,2026-10-04,main,qualcomm-snapdragon-8-elite-for-galaxy,imagenet_efficientnet_b4,https://www.image-net.org/,validation split,Top-1 Accuracy,%,Percentage of top 1 model predictions that are correct.,0.0,100.0,10.0,True,1000.0
efficientnet_b4,float,qnn_dlc_via_qnn_ep,82.2,,82.3,52.27,,,,,,,,,,2026-10-04,main,qualcomm-snapdragon-8-elite-for-galaxy,imagenet_efficientnet_b4,https://www.image-net.org/,validation split,Top-1 Accuracy,%,Percentage of top 1 model predictions that are correct.,0.0,100.0,10.0,True,1000.0
efficientnet_b4,float,onnx,82.2,,82.3,52.28,,,,,,,,,,2026-10-04,main,qualcomm-snapdragon-8-elite-for-galaxy,imagenet_efficientnet_b4,https://www.image-net.org/,validation split,Top-1 Accuracy,%,Percentage of top 1 model predictions that are correct.,0.0,100.0,10.0,True,1000.0
efficientnet_b4,w8a16,qnn_dlc,82.2,82.0,81.7,9.994,,,,,,,,,,2026-10-04,main,qualcomm-snapdragon-8-elite-for-galaxy,imagenet_efficientnet_b4,https://www.image-net.org/,validation split,Top-1 Accuracy,%,Percentage of top 1 model predictions that are correct.,0.0,100.0,10.0,True,1000.0
efficientnet_b4,w8a16,qnn_dlc_via_qnn_ep,82.2,82.0,81.6,9.994,,,,,,,,,,2026-10-04,main,qualcomm-snapdragon-8-elite-for-galaxy,imagenet_efficientnet_b4,https://www.image-net.org/,validation split,Top-1 Accuracy,%,Percentage of top 1 model predictions that are correct.,0.0,100.0,10.0,True,1000.0
efficientnet_b4,w8a16,onnx,82.2,82.0,81.6,9.994,,,,,,,,,,2026-10-04,main,qualcomm-snapdragon-8-elite-for-galaxy,imagenet_efficientnet_b4,https://www.image-net.org/,validation split,Top-1 Accuracy,%,Percentage of top 1 model predictions that are correct.,0.0,100.0,10.0,True,1000.0
esrgan,float,tflite,26.3,,26.3,58.98,,,,,,,,,,2026-10-04,main,qualcomm-snapdragon-8-elite-for-galaxy,set14,https://huggingface.co/datasets/eugenesiow/Set14,all 14 standard SR benchmark images,Peak Signal-to-Noise Ratio (PSNR),dB,A measure of how similar two images are.,0.0,,10.0,True,14.0
esrgan,float,qnn_dlc,26.3,,26.3,58.98,,,,,,,,,,2026-10-04,main,qualcomm-snapdragon-8-elite-for-galaxy,set14,https://huggingface.co/datasets/eugenesiow/Set14,all 14 standard SR benchmark images,Peak Signal-to-Noise Ratio (PSNR),dB,A measure of how similar two images are.,0.0,,10.0,True,14.0
esrgan,float,qnn_dlc_via_qnn_ep,26.3,,26.3,58.98,,,,,,,,,,2026-10-04,main,qualcomm-snapdragon-8-elite-for-galaxy,set14,https://huggingface.co/datasets/eugenesiow/Set14,all 14 standard SR benchmark images,Peak Signal-to-Noise Ratio (PSNR),dB,A measure of how similar two images are.,0.0,,10.0,True,14.0
esrgan,float,onnx,26.3,,26.3,58.99,,,,,,,,,,2026-10-04,main,qualcomm-snapdragon-8-elite-for-galaxy,set14,https://huggingface.co/datasets/eugenesiow/Set14,all 14 standard SR benchmark images,Peak Signal-to-Noise Ratio (PSNR),dB,A measure of how similar two images are.,0.0,,10.0,True,14.0
esrgan,w8a16,qnn_dlc,26.3,26.3,-88.1,5.707,,,,,,,,,,2026-10-04,main,qualcomm-snapdragon-8-elite-for-galaxy,set14,https://huggingface.co/datasets/eugenesiow/Set14,all 14 standard SR benchmark images,Peak Signal-to-Noise Ratio (PSNR),dB,A measure of how similar two images are.,0.0,,10.0,True,14.0
esrgan,w8a16,qnn_dlc_via_qnn_ep,26.3,26.3,-88.1,5.708,,,,,,,,,,2026-10-04,main,qualcomm-snapdragon-8-elite-for-galaxy,set14,https://huggingface.co/datasets/eugenesiow/Set14,all 14 standard SR benchmark images,Peak Signal-to-Noise Ratio (PSNR),dB,A measure of how similar two images are.,0.0,,10.0,True,14.0
esrgan,w8a16,onnx,26.3,26.3,-88.1,5.708,,,,,,,,,,2026-10-04,main,qualcomm-snapdragon-8-elite-for-galaxy,set14,https://huggingface.co/datasets/eugenesiow/Set14,all 14 standard SR benchmark images,Peak Signal-to-Noise Ratio (PSNR),dB,A measure of how similar two images are.,0.0,,10.0,True,14.0
eyegaze,float,tflite,14.9,,14.8,79.25,64.04,64.05,,,,,,,,2026-10-04,main,qualcomm-snapdragon-8-elite-for-galaxy,mpii_gaze,http://datasets.d2.mpi-inf.mpg.de/MPIIGaze/MPIIGaze.tar.gz,evaluation subset,Mean Angular Error,MAE (Degrees),Mean angular error between predicted and ground truth gaze directions.,0.0,,5.0,False,500.0
eyegaze,float,qnn_dlc,14.9,,14.9,79.23,64.11,64.09,,,,,,,,2026-10-04,main,qualcomm-snapdragon-8-elite-for-galaxy,mpii_gaze,http://datasets.d2.mpi-inf.mpg.de/MPIIGaze/MPIIGaze.tar.gz,evaluation subset,Mean Angular Error,MAE (Degrees),Mean angular error between predicted and ground truth gaze directions.,0.0,,5.0,False,500.0
eyegaze,float,qnn_dlc_via_qnn_ep,14.9,,14.8,79.26,64.09,64.23,,,,,,,,2026-10-04,main,qualcomm-snapdragon-8-elite-for-galaxy,mpii_gaze,http://datasets.d2.mpi-inf.mpg.de/MPIIGaze/MPIIGaze.tar.gz,evaluation subset,Mean Angular Error,MAE (Degrees),Mean angular error between predicted and ground truth gaze directions.,0.0,,5.0,False,500.0
eyegaze,float,onnx,14.9,,14.9,79.26,64.05,64.21,,,,,,,,2026-10-04,main,qualcomm-snapdragon-8-elite-for-galaxy,mpii_gaze,http://datasets.d2.mpi-inf.mpg.de/MPIIGaze/MPIIGaze.tar.gz,evaluation subset,Mean Angular Error,MAE (Degrees),Mean angular error between predicted and ground truth gaze directions.,0.0,,5.0,False,500.0
eyegaze,w8a16,qnn_dlc,14.9,14.6,89.4,15.12,5.528,4.601,,,,,,,,2026-10-04,main,qualcomm-snapdragon-8-elite-for-galaxy,mpii_gaze,http://datasets.d2.mpi-inf.mpg.de/MPIIGaze/MPIIGaze.tar.gz,evaluation subset,Mean Angular Error,MAE (Degrees),Mean angular error between predicted and ground truth gaze directions.,0.0,,5.0,False,500.0
eyegaze,w8a16,qnn_dlc_via_qnn_ep,14.9,14.6,90.1,15.12,5.527,4.605,,,,,,,,2026-10-04,main,qualcomm-snapdragon-8-elite-for-galaxy,mpii_gaze,http://datasets.d2.mpi-inf.mpg.de/MPIIGaze/MPIIGaze.tar.gz,evaluation subset,Mean Angular Error,MAE (Degrees),Mean angular error between predicted and ground truth gaze directions.,0.0,,5.0,False,500.0
eyegaze,w8a16,onnx,14.9,14.6,90.1,15.12,5.527,4.605,,,,,,,,2026-10-04,main,qualcomm-snapdragon-8-elite-for-galaxy,mpii_gaze,http://datasets.d2.mpi-inf.mpg.de/MPIIGaze/MPIIGaze.tar.gz,evaluation subset,Mean Angular Error,MAE (Degrees),Mean angular error between predicted and ground truth gaze directions.,0.0,,5.0,False,500.0
fcn_resnet50,float,tflite,56.1,,,,,,,,,,,,,2026-10-04,main,qualcomm-snapdragon-8-elite-for-galaxy,coco_voc_seg,https://cocodataset.org/,val2017 split with VOC class labels,Mean Intersection Over Union,mIOU,Overlap of predicted and expected segmentation divided by the union size.,0.0,100.0,10.0,True,1000.0
fcn_resnet50,float,qnn_dlc,56.1,,,,,,,,,,,,,2026-10-04,main,qualcomm-snapdragon-8-elite-for-galaxy,coco_voc_seg,https://cocodataset.org/,val2017 split with VOC class labels,Mean Intersection Over Union,mIOU,Overlap of predicted and expected segmentation divided by the union size.,0.0,100.0,10.0,True,1000.0
fcn_resnet50,float,qnn_dlc_via_qnn_ep,56.1,,,,,,,,,,,,,2026-10-04,main,qualcomm-snapdragon-8-elite-for-galaxy,coco_voc_seg,https://cocodataset.org/,val2017 split with VOC class labels,Mean Intersection Over Union,mIOU,Overlap of predicted and expected segmentation divided by the union size.,0.0,100.0,10.0,True,1000.0
fcn_resnet50,float,onnx,56.1,,,,,,,,,,,,,2026-10-04,main,qualcomm-snapdragon-8-elite-for-galaxy,coco_voc_seg,https://cocodataset.org/,val2017 split with VOC class labels,Mean Intersection Over Union,mIOU,Overlap of predicted and expected segmentation divided by the union size.,0.0,100.0,10.0,True,1000.0
fcn_resnet50,w8a8,tflite,56.1,56.2,,,,,,,,,,,,2026-10-04,main,qualcomm-snapdragon-8-elite-for-galaxy,coco_voc_seg,https://cocodataset.org/,val2017 split with VOC class labels,Mean Intersection Over Union,mIOU,Overlap of predicted and expected segmentation divided by the union size.,0.0,100.0,10.0,True,1000.0
fcn_resnet50,w8a8,qnn_dlc,56.1,56.2,,,,,,,,,,,,2026-10-04,main,qualcomm-snapdragon-8-elite-for-galaxy,coco_voc_seg,https://cocodataset.org/,val2017 split with VOC class labels,Mean Intersection Over Union,mIOU,Overlap of predicted and expected segmentation divided by the union size.,0.0,100.0,10.0,True,1000.0
fcn_resnet50,w8a8,qnn_dlc_via_qnn_ep,56.1,56.2,,,,,,,,,,,,2026-10-04,main,qualcomm-snapdragon-8-elite-for-galaxy,coco_voc_seg,https://cocodataset.org/,val2017 split with VOC class labels,Mean Intersection Over Union,mIOU,Overlap of predicted and expected segmentation divided by the union size.,0.0,100.0,10.0,True,1000.0
fcn_resnet50,w8a8,onnx,56.1,56.2,,,,,,,,,,,,2026-10-04,main,qualcomm-snapdragon-8-elite-for-galaxy,coco_voc_seg,https://cocodataset.org/,val2017 split with VOC class labels,Mean Intersection Over Union,mIOU,Overlap of predicted and expected segmentation divided by the union size.,0.0,100.0,10.0,True,1000.0
ffnet_40s,float,tflite,76.8,,76.8,66.31,,,,,,,,,,2026-10-04,main,qualcomm-snapdragon-8-elite-for-galaxy,cityscapes,https://www.cityscapes-dataset.com/,validation split,Mean Intersection Over Union,mIOU,Overlap of predicted and expected segmentation divided by the union size.,0.0,100.0,10.0,True,50.0
ffnet_40s,float,qnn_dlc,76.8,,76.8,66.31,,,,,,,,,,2026-10-04,main,qualcomm-snapdragon-8-elite-for-galaxy,cityscapes,https://www.cityscapes-dataset.com/,validation split,Mean Intersection Over Union,mIOU,Overlap of predicted and expected segmentation divided by the union size.,0.0,100.0,10.0,True,50.0
ffnet_40s,float,qnn_dlc_via_qnn_ep,76.8,,76.8,66.31,,,,,,,,,,2026-10-04,main,qualcomm-snapdragon-8-elite-for-galaxy,cityscapes,https://www.cityscapes-dataset.com/,validation split,Mean Intersection Over Union,mIOU,Overlap of predicted and expected segmentation divided by the union size.,0.0,100.0,10.0,True,50.0
ffnet_40s,float,onnx,76.8,,76.8,65.84,,,,,,,,,,2026-10-04,main,qualcomm-snapdragon-8-elite-for-galaxy,cityscapes,https://www.cityscapes-dataset.com/,validation split,Mean Intersection Over Union,mIOU,Overlap of predicted and expected segmentation divided by the union size.,0.0,100.0,10.0,True,50.0
ffnet_40s,w8a8,tflite,76.8,76.6,76.6,4.575,,,,,,,,,,2026-10-04,main,qualcomm-snapdragon-8-elite-for-galaxy,cityscapes,https://www.cityscapes-dataset.com/,validation split,Mean Intersection Over Union,mIOU,Overlap of predicted and expected segmentation divided by the union size.,0.0,100.0,10.0,True,50.0
ffnet_40s,w8a8,qnn_dlc,76.8,76.6,76.6,4.576,,,,,,,,,,2026-10-04,main,qualcomm-snapdragon-8-elite-for-galaxy,cityscapes,https://www.cityscapes-dataset.com/,validation split,Mean Intersection Over Union,mIOU,Overlap of predicted and expected segmentation divided by the union size.,0.0,100.0,10.0,True,50.0
ffnet_40s,w8a8,qnn_dlc_via_qnn_ep,76.8,76.6,76.6,4.576,,,,,,,,,,2026-10-04,main,qualcomm-snapdragon-8-elite-for-galaxy,cityscapes,https://www.cityscapes-dataset.com/,validation split,Mean Intersection Over Union,mIOU,Overlap of predicted and expected segmentation divided by the union size.,0.0,100.0,10.0,True,50.0
ffnet_40s,w8a8,onnx,76.8,76.6,76.6,4.576,,,,,,,,,,2026-10-04,main,qualcomm-snapdragon-8-elite-for-galaxy,cityscapes,https://www.cityscapes-dataset.com/,validation split,Mean Intersection Over Union,mIOU,Overlap of predicted and expected segmentation divided by the union size.,0.0,100.0,10.0,True,50.0
fomm,float,onnx,,,,62.32,62.22,30.22,,,,,,,,2026-10-04,main,qualcomm-snapdragon-8-elite-for-galaxy,,,,,,,,,,,
gear_guard_net,float,tflite,96.8,,96.8,77.19,87.07,4.54,,,,,,,,2026-10-04,main,qualcomm-snapdragon-8-elite-for-galaxy,gear_guard,,,,,,,,,,422.0
gear_guard_net,float,qnn_dlc,96.8,,96.8,77.19,87.07,4.54,,,,,,,,2026-10-04,main,qualcomm-snapdragon-8-elite-for-galaxy,gear_guard,,,,,,,,,,422.0
gear_guard_net,float,qnn_dlc_via_qnn_ep,96.8,,96.8,77.19,87.07,4.54,,,,,,,,2026-10-04,main,qualcomm-snapdragon-8-elite-for-galaxy,gear_guard,,,,,,,,,,422.0
gear_guard_net,float,onnx,96.8,,96.8,77.19,87.16,4.54,,,,,,,,2026-10-04,main,qualcomm-snapdragon-8-elite-for-galaxy,gear_guard,,,,,,,,,,422.0
gear_guard_net,w8a16,qnn_dlc,96.8,96.7,0.0,6.64,21.48,4.269,,,,,,,,2026-10-04,main,qualcomm-snapdragon-8-elite-for-galaxy,gear_guard,,,,,,,,,,422.0
gear_guard_net,w8a16,qnn_dlc_via_qnn_ep,96.8,96.7,0.0,6.64,21.48,4.269,,,,,,,,2026-10-04,main,qualcomm-snapdragon-8-elite-for-galaxy,gear_guard,,,,,,,,,,422.0
gear_guard_net,w8a16,onnx,96.8,96.7,0.0,6.64,21.48,4.269,,,,,,,,2026-10-04,main,qualcomm-snapdragon-8-elite-for-galaxy,gear_guard,,,,,,,,,,422.0
gear_guard_net,w8a8,tflite,96.8,94.9,0.000209,14.41,20.75,4.241,,,,,,,,2026-10-04,main,qualcomm-snapdragon-8-elite-for-galaxy,gear_guard,,,,,,,,,,422.0
gear_guard_net,w8a8,qnn_dlc,96.8,94.9,0.000209,14.41,20.75,4.241,,,,,,,,2026-10-04,main,qualcomm-snapdragon-8-elite-for-galaxy,gear_guard,,,,,,,,,,422.0
gear_guard_net,w8a8,qnn_dlc_via_qnn_ep,96.8,94.9,0.000209,14.41,20.75,4.241,,,,,,,,2026-10-04,main,qualcomm-snapdragon-8-elite-for-galaxy,gear_guard,,,,,,,,,,422.0
gear_guard_net,w8a8,onnx,96.8,94.9,0.000209,14.41,20.75,4.241,,,,,,,,2026-10-04,main,qualcomm-snapdragon-8-elite-for-galaxy,gear_guard,,,,,,,,,,422.0
mediapipe_face,w8a8,tflite,,,,2.09,5.234,-3.062,0.3181,0.03413,4.959,,,,,2026-10-04,main,qualcomm-snapdragon-8-elite-for-galaxy,,,,,,,,,,,
mediapipe_face,w8a8,qnn_dlc,,,,2.052,5.177,-3.06,0.4277,0.03413,4.983,,,,,2026-10-04,main,qualcomm-snapdragon-8-elite-for-galaxy,,,,,,,,,,,
mediapipe_face,w8a8,qnn_dlc_via_qnn_ep,,,,2.052,5.177,-3.06,0.4277,0.03413,4.983,,,,,2026-10-04,main,qualcomm-snapdragon-8-elite-for-galaxy,,,,,,,,,,,
mediapipe_face,w8a8,onnx,,,,2.052,5.177,-3.06,0.4277,0.03413,4.983,,,,,2026-10-04,main,qualcomm-snapdragon-8-elite-for-galaxy,,,,,,,,,,,
mediapipe_face,float,tflite,,,,70.97,74.3,67.25,71.94,200.0,78.69,,,,,2026-10-04,main,qualcomm-snapdragon-8-elite-for-galaxy,,,,,,,,,,,
mediapipe_face,float,qnn_dlc,,,,70.97,74.3,67.25,71.94,200.0,76.42,,,,,2026-10-04,main,qualcomm-snapdragon-8-elite-for-galaxy,,,,,,,,,,,
mediapipe_face,float,qnn_dlc_via_qnn_ep,,,,70.97,74.3,67.25,71.94,200.0,76.42,,,,,2026-10-04,main,qualcomm-snapdragon-8-elite-for-galaxy,,,,,,,,,,,
mediapipe_face,float,onnx,,,,73.22,76.42,70.04,75.58,200.0,75.37,,,,,2026-10-04,main,qualcomm-snapdragon-8-elite-for-galaxy,,,,,,,,,,,
mediapipe_selfie,float,tflite,97.1,,97.0,51.27,,,,,,,,,,2026-10-04,main,qualcomm-snapdragon-8-elite-for-galaxy,human_matting,https://datasetninja.com/aisegmentcom-human-matting,validation split,Mean Intersection Over Union,mIOU,Overlap of predicted and expected segmentation divided by the union size.,0.0,100.0,10.0,True,250.0
mediapipe_selfie,float,qnn_dlc,97.1,,97.0,51.27,,,,,,,,,,2026-10-04,main,qualcomm-snapdragon-8-elite-for-galaxy,human_matting,https://datasetninja.com/aisegmentcom-human-matting,validation split,Mean Intersection Over Union,mIOU,Overlap of predicted and expected segmentation divided by the union size.,0.0,100.0,10.0,True,250.0
mediapipe_selfie,float,qnn_dlc_via_qnn_ep,97.1,,97.0,51.27,,,,,,,,,,2026-10-04,main,qualcomm-snapdragon-8-elite-for-galaxy,human_matting,https://datasetninja.com/aisegmentcom-human-matting,validation split,Mean Intersection Over Union,mIOU,Overlap of predicted and expected segmentation divided by the union size.,0.0,100.0,10.0,True,250.0
mediapipe_selfie,float,onnx,97.1,,97.0,51.34,,,,,,,,,,2026-10-04,main,qualcomm-snapdragon-8-elite-for-galaxy,human_matting,https://datasetninja.com/aisegmentcom-human-matting,validation split,Mean Intersection Over Union,mIOU,Overlap of predicted and expected segmentation divided by the union size.,0.0,100.0,10.0,True,250.0
mediapipe_selfie,w8a16,qnn_dlc,97.1,97.0,95.8,2.761,,,,,,,,,,2026-10-04,main,qualcomm-snapdragon-8-elite-for-galaxy,human_matting,https://datasetninja.com/aisegmentcom-human-matting,validation split,Mean Intersection Over Union,mIOU,Overlap of predicted and expected segmentation divided by the union size.,0.0,100.0,10.0,True,250.0
mediapipe_selfie,w8a16,qnn_dlc_via_qnn_ep,97.1,97.0,95.8,2.761,,,,,,,,,,2026-10-04,main,qualcomm-snapdragon-8-elite-for-galaxy,human_matting,https://datasetninja.com/aisegmentcom-human-matting,validation split,Mean Intersection Over Union,mIOU,Overlap of predicted and expected segmentation divided by the union size.,0.0,100.0,10.0,True,250.0
mediapipe_selfie,w8a16,onnx,97.1,97.0,95.8,2.761,,,,,,,,,,2026-10-04,main,qualcomm-snapdragon-8-elite-for-galaxy,human_matting,https://datasetninja.com/aisegmentcom-human-matting,validation split,Mean Intersection Over Union,mIOU,Overlap of predicted and expected segmentation divided by the union size.,0.0,100.0,10.0,True,250.0
mediapipe_selfie,w8a8,tflite,97.1,95.1,95.9,2.806,,,,,,,,,,2026-10-04,main,qualcomm-snapdragon-8-elite-for-galaxy,human_matting,https://datasetninja.com/aisegmentcom-human-matting,validation split,Mean Intersection Over Union,mIOU,Overlap of predicted and expected segmentation divided by the union size.,0.0,100.0,10.0,True,250.0
mediapipe_selfie,w8a8,qnn_dlc,97.1,95.1,95.9,2.812,,,,,,,,,,2026-10-04,main,qualcomm-snapdragon-8-elite-for-galaxy,human_matting,https://datasetninja.com/aisegmentcom-human-matting,validation split,Mean Intersection Over Union,mIOU,Overlap of predicted and expected segmentation divided by the union size.,0.0,100.0,10.0,True,250.0
mediapipe_selfie,w8a8,qnn_dlc_via_qnn_ep,97.1,95.1,95.9,2.805,,,,,,,,,,2026-10-04,main,qualcomm-snapdragon-8-elite-for-galaxy,human_matting,https://datasetninja.com/aisegmentcom-human-matting,validation split,Mean Intersection Over Union,mIOU,Overlap of predicted and expected segmentation divided by the union size.,0.0,100.0,10.0,True,250.0
mediapipe_selfie,w8a8,onnx,97.1,95.1,95.9,2.805,,,,,,,,,,2026-10-04,main,qualcomm-snapdragon-8-elite-for-galaxy,human_matting,https://datasetninja.com/aisegmentcom-human-matting,validation split,Mean Intersection Over Union,mIOU,Overlap of predicted and expected segmentation divided by the union size.,0.0,100.0,10.0,True,250.0
mnasnet05,float,tflite,65.2,,65.2,62.73,,,,,,,,,,2026-10-04,main,qualcomm-snapdragon-8-elite-for-galaxy,imagenet,https://www.image-net.org/,validation split,Top-1 Accuracy,%,Percentage of top 1 model predictions that are correct.,0.0,100.0,10.0,True,1000.0
mnasnet05,float,qnn_dlc,65.2,,65.2,62.73,,,,,,,,,,2026-10-04,main,qualcomm-snapdragon-8-elite-for-galaxy,imagenet,https://www.image-net.org/,validation split,Top-1 Accuracy,%,Percentage of top 1 model predictions that are correct.,0.0,100.0,10.0,True,1000.0
mnasnet05,float,qnn_dlc_via_qnn_ep,65.2,,65.2,62.73,,,,,,,,,,2026-10-04,main,qualcomm-snapdragon-8-elite-for-galaxy,imagenet,https://www.image-net.org/,validation split,Top-1 Accuracy,%,Percentage of top 1 model predictions that are correct.,0.0,100.0,10.0,True,1000.0
mnasnet05,float,onnx,65.2,,65.2,62.63,,,,,,,,,,2026-10-04,main,qualcomm-snapdragon-8-elite-for-galaxy,imagenet,https://www.image-net.org/,validation split,Top-1 Accuracy,%,Percentage of top 1 model predictions that are correct.,0.0,100.0,10.0,True,1000.0
mnasnet05,w8a16,qnn_dlc,65.2,64.5,64.2,8.894,,,,,,,,,,2026-10-04,main,qualcomm-snapdragon-8-elite-for-galaxy,imagenet,https://www.image-net.org/,validation split,Top-1 Accuracy,%,Percentage of top 1 model predictions that are correct.,0.0,100.0,10.0,True,1000.0
mnasnet05,w8a16,qnn_dlc_via_qnn_ep,65.2,64.5,64.2,8.894,,,,,,,,,,2026-10-04,main,qualcomm-snapdragon-8-elite-for-galaxy,imagenet,https://www.image-net.org/,validation split,Top-1 Accuracy,%,Percentage of top 1 model predictions that are correct.,0.0,100.0,10.0,True,1000.0
mnasnet05,w8a16,onnx,65.2,64.5,64.2,8.894,,,,,,,,,,2026-10-04,main,qualcomm-snapdragon-8-elite-for-galaxy,imagenet,https://www.image-net.org/,validation split,Top-1 Accuracy,%,Percentage of top 1 model predictions that are correct.,0.0,100.0,10.0,True,1000.0
mobilenet_v2,float,tflite,72.4,,72.3,58.79,,,,,,,,,,2026-10-04,main,qualcomm-snapdragon-8-elite-for-galaxy,imagenet,https://www.image-net.org/,validation split,Top-1 Accuracy,%,Percentage of top 1 model predictions that are correct.,0.0,100.0,10.0,True,1000.0
mobilenet_v2,float,qnn_dlc,72.4,,72.3,58.79,,,,,,,,,,2026-10-04,main,qualcomm-snapdragon-8-elite-for-galaxy,imagenet,https://www.image-net.org/,validation split,Top-1 Accuracy,%,Percentage of top 1 model predictions that are correct.,0.0,100.0,10.0,True,1000.0
mobilenet_v2,float,qnn_dlc_via_qnn_ep,72.4,,72.3,58.79,,,,,,,,,,2026-10-04,main,qualcomm-snapdragon-8-elite-for-galaxy,imagenet,https://www.image-net.org/,validation split,Top-1 Accuracy,%,Percentage of top 1 model predictions that are correct.,0.0,100.0,10.0,True,1000.0
mobilenet_v2,float,onnx,72.4,,72.4,58.77,,,,,,,,,,2026-10-04,main,qualcomm-snapdragon-8-elite-for-galaxy,imagenet,https://www.image-net.org/,validation split,Top-1 Accuracy,%,Percentage of top 1 model predictions that are correct.,0.0,100.0,10.0,True,1000.0
mobilenet_v2,w8a16_mixed_int16,qnn_dlc,72.4,71.7,71.5,10.45,,,,,,,,,,2026-10-04,main,qualcomm-snapdragon-8-elite-for-galaxy,imagenet,https://www.image-net.org/,validation split,Top-1 Accuracy,%,Percentage of top 1 model predictions that are correct.,0.0,100.0,10.0,True,1000.0
mobilenet_v2,w8a16_mixed_int16,qnn_dlc_via_qnn_ep,72.4,71.7,71.5,10.45,,,,,,,,,,2026-10-04,main,qualcomm-snapdragon-8-elite-for-galaxy,imagenet,https://www.image-net.org/,validation split,Top-1 Accuracy,%,Percentage of top 1 model predictions that are correct.,0.0,100.0,10.0,True,1000.0
mobilenet_v2,w8a16_mixed_int16,onnx,72.4,71.7,71.5,10.45,,,,,,,,,,2026-10-04,main,qualcomm-snapdragon-8-elite-for-galaxy,imagenet,https://www.image-net.org/,validation split,Top-1 Accuracy,%,Percentage of top 1 model predictions that are correct.,0.0,100.0,10.0,True,1000.0
mobilenet_v2,w8a16,qnn_dlc,72.4,69.9,69.9,10.5,,,,,,,,,,2026-10-04,main,qualcomm-snapdragon-8-elite-for-galaxy,imagenet,https://www.image-net.org/,validation split,Top-1 Accuracy,%,Percentage of top 1 model predictions that are correct.,0.0,100.0,10.0,True,1000.0
mobilenet_v2,w8a16,qnn_dlc_via_qnn_ep,72.4,69.9,69.9,10.5,,,,,,,,,,2026-10-04,main,qualcomm-snapdragon-8-elite-for-galaxy,imagenet,https://www.image-net.org/,validation split,Top-1 Accuracy,%,Percentage of top 1 model predictions that are correct.,0.0,100.0,10.0,True,1000.0
mobilenet_v2,w8a16,onnx,72.4,69.9,69.9,10.5,,,,,,,,,,2026-10-04,main,qualcomm-snapdragon-8-elite-for-galaxy,imagenet,https://www.image-net.org/,validation split,Top-1 Accuracy,%,Percentage of top 1 model predictions that are correct.,0.0,100.0,10.0,True,1000.0
mobilenet_v2,w8a8,tflite,72.4,70.0,70.9,10.21,,,,,,,,,,2026-10-04,main,qualcomm-snapdragon-8-elite-for-galaxy,imagenet,https://www.image-net.org/,validation split,Top-1 Accuracy,%,Percentage of top 1 model predictions that are correct.,0.0,100.0,10.0,True,1000.0
mobilenet_v2,w8a8,qnn_dlc,72.4,70.0,70.2,10.21,,,,,,,,,,2026-10-04,main,qualcomm-snapdragon-8-elite-for-galaxy,imagenet,https://www.image-net.org/,validation split,Top-1 Accuracy,%,Percentage of top 1 model predictions that are correct.,0.0,100.0,10.0,True,1000.0
mobilenet_v2,w8a8,qnn_dlc_via_qnn_ep,72.4,70.0,70.2,10.21,,,,,,,,,,2026-10-04,main,qualcomm-snapdragon-8-elite-for-galaxy,imagenet,https://www.image-net.org/,validation split,Top-1 Accuracy,%,Percentage of top 1 model predictions that are correct.,0.0,100.0,10.0,True,1000.0
mobilenet_v2,w8a8,onnx,72.4,70.0,70.2,10.21,,,,,,,,,,2026-10-04,main,qualcomm-snapdragon-8-elite-for-galaxy,imagenet,https://www.image-net.org/,validation split,Top-1 Accuracy,%,Percentage of top 1 model predictions that are correct.,0.0,100.0,10.0,True,1000.0
mobilesam,float,tflite,,,,46.88,19.23,67.16,,,,,,,,2026-10-04,main,qualcomm-snapdragon-8-elite-for-galaxy,,,,,,,,,,,
mobilesam,float,qnn_dlc,,,,46.87,19.53,67.16,,,,,,,,2026-10-04,main,qualcomm-snapdragon-8-elite-for-galaxy,,,,,,,,,,,
mobilesam,float,qnn_dlc_via_qnn_ep,,,,46.87,21.13,67.16,,,,,,,,2026-10-04,main,qualcomm-snapdragon-8-elite-for-galaxy,,,,,,,,,,,
mobilesam,float,onnx,,,,46.86,22.05,67.16,,,,,,,,2026-10-04,main,qualcomm-snapdragon-8-elite-for-galaxy,,,,,,,,,,,
movenet,float,tflite,56.6,,56.6,31.98,,,,,,,,,,2026-10-04,main,qualcomm-snapdragon-8-elite-for-galaxy,coco_body,http://images.cocodataset.org/,val2017 split,Mean Average Precision,mAP,Mean Average Precision (across predicted classes).,0.0,100.0,10.0,True,1000.0
movenet,float,qnn_dlc,56.6,,56.6,31.98,,,,,,,,,,2026-10-04,main,qualcomm-snapdragon-8-elite-for-galaxy,coco_body,http://images.cocodataset.org/,val2017 split,Mean Average Precision,mAP,Mean Average Precision (across predicted classes).,0.0,100.0,10.0,True,1000.0
movenet,float,qnn_dlc_via_qnn_ep,56.6,,56.6,31.98,,,,,,,,,,2026-10-04,main,qualcomm-snapdragon-8-elite-for-galaxy,coco_body,http://images.cocodataset.org/,val2017 split,Mean Average Precision,mAP,Mean Average Precision (across predicted classes).,0.0,100.0,10.0,True,1000.0
movenet,float,onnx,56.6,,56.6,32.06,,,,,,,,,,2026-10-04,main,qualcomm-snapdragon-8-elite-for-galaxy,coco_body,http://images.cocodataset.org/,val2017 split,Mean Average Precision,mAP,Mean Average Precision (across predicted classes).,0.0,100.0,10.0,True,1000.0
nafnet_deblur,float,tflite,29.4,,22.6,45.11,,,,,,,,,,2026-10-04,main,qualcomm-snapdragon-8-elite-for-galaxy,reds,https://seungjunnah.github.io/Datasets/reds.html,REDS dataset for image deblurring,Peak Signal-to-Noise Ratio (PSNR),dB,A measure of how similar the denoised image is to the clean original.,0.0,,10.0,True,50.0
nafnet_deblur,float,qnn_dlc,29.4,,22.6,45.11,,,,,,,,,,2026-10-04,main,qualcomm-snapdragon-8-elite-for-galaxy,reds,https://seungjunnah.github.io/Datasets/reds.html,REDS dataset for image deblurring,Peak Signal-to-Noise Ratio (PSNR),dB,A measure of how similar the denoised image is to the clean original.,0.0,,10.0,True,50.0
nafnet_deblur,float,qnn_dlc_via_qnn_ep,29.4,,22.6,45.11,,,,,,,,,,2026-10-04,main,qualcomm-snapdragon-8-elite-for-galaxy,reds,https://seungjunnah.github.io/Datasets/reds.html,REDS dataset for image deblurring,Peak Signal-to-Noise Ratio (PSNR),dB,A measure of how similar the denoised image is to the clean original.,0.0,,10.0,True,50.0
nafnet_deblur,float,onnx,29.4,,29.4,77.82,,,,,,,,,,2026-10-04,main,qualcomm-snapdragon-8-elite-for-galaxy,reds,https://seungjunnah.github.io/Datasets/reds.html,REDS dataset for image deblurring,Peak Signal-to-Noise Ratio (PSNR),dB,A measure of how similar the denoised image is to the clean original.,0.0,,10.0,True,50.0
nafnet_deblur,w8a16,qnn_dlc,29.4,29.4,-90.1,6.094,,,,,,,,,,2026-10-04,main,qualcomm-snapdragon-8-elite-for-galaxy,reds,https://seungjunnah.github.io/Datasets/reds.html,REDS dataset for image deblurring,Peak Signal-to-Noise Ratio (PSNR),dB,A measure of how similar the denoised image is to the clean original.,0.0,,10.0,True,50.0
nafnet_deblur,w8a16,qnn_dlc_via_qnn_ep,29.4,29.4,-90.1,6.094,,,,,,,,,,2026-10-04,main,qualcomm-snapdragon-8-elite-for-galaxy,reds,https://seungjunnah.github.io/Datasets/reds.html,REDS dataset for image deblurring,Peak Signal-to-Noise Ratio (PSNR),dB,A measure of how similar the denoised image is to the clean original.,0.0,,10.0,True,50.0
nafnet_deblur,w8a16,onnx,29.4,29.4,-90.1,6.094,,,,,,,,,,2026-10-04,main,qualcomm-snapdragon-8-elite-for-galaxy,reds,https://seungjunnah.github.io/Datasets/reds.html,REDS dataset for image deblurring,Peak Signal-to-Noise Ratio (PSNR),dB,A measure of how similar the denoised image is to the clean original.,0.0,,10.0,True,50.0
nafnet_deblur,w8a8,tflite,29.4,28.7,-41.5,6.562,,,,,,,,,,2026-10-04,main,qualcomm-snapdragon-8-elite-for-galaxy,reds,https://seungjunnah.github.io/Datasets/reds.html,REDS dataset for image deblurring,Peak Signal-to-Noise Ratio (PSNR),dB,A measure of how similar the denoised image is to the clean original.,0.0,,10.0,True,50.0
nafnet_deblur,w8a8,qnn_dlc,29.4,28.7,-41.5,6.546,,,,,,,,,,2026-10-04,main,qualcomm-snapdragon-8-elite-for-galaxy,reds,https://seungjunnah.github.io/Datasets/reds.html,REDS dataset for image deblurring,Peak Signal-to-Noise Ratio (PSNR),dB,A measure of how similar the denoised image is to the clean original.,0.0,,10.0,True,50.0
nafnet_deblur,w8a8,qnn_dlc_via_qnn_ep,29.4,28.7,-41.5,6.546,,,,,,,,,,2026-10-04,main,qualcomm-snapdragon-8-elite-for-galaxy,reds,https://seungjunnah.github.io/Datasets/reds.html,REDS dataset for image deblurring,Peak Signal-to-Noise Ratio (PSNR),dB,A measure of how similar the denoised image is to the clean original.,0.0,,10.0,True,50.0
nafnet_deblur,w8a8,onnx,29.4,28.7,-41.5,6.546,,,,,,,,,,2026-10-04,main,qualcomm-snapdragon-8-elite-for-galaxy,reds,https://seungjunnah.github.io/Datasets/reds.html,REDS dataset for image deblurring,Peak Signal-to-Noise Ratio (PSNR),dB,A measure of how similar the denoised image is to the clean original.,0.0,,10.0,True,50.0
nafnet_denoise,float,tflite,39.7,,11.3,28.4,,,,,,,,,,2026-10-04,main,qualcomm-snapdragon-8-elite-for-galaxy,sidd,https://www.eecs.yorku.ca/~kamel/sidd/,SIDD dataset for image denoising,Peak Signal-to-Noise Ratio (PSNR),dB,A measure of how similar the denoised image is to the clean original.,0.0,,10.0,True,50.0
nafnet_denoise,float,qnn_dlc,39.7,,11.3,28.4,,,,,,,,,,2026-10-04,main,qualcomm-snapdragon-8-elite-for-galaxy,sidd,https://www.eecs.yorku.ca/~kamel/sidd/,SIDD dataset for image denoising,Peak Signal-to-Noise Ratio (PSNR),dB,A measure of how similar the denoised image is to the clean original.,0.0,,10.0,True,50.0
nafnet_denoise,float,qnn_dlc_via_qnn_ep,39.7,,11.3,28.4,,,,,,,,,,2026-10-04,main,qualcomm-snapdragon-8-elite-for-galaxy,sidd,https://www.eecs.yorku.ca/~kamel/sidd/,SIDD dataset for image denoising,Peak Signal-to-Noise Ratio (PSNR),dB,A measure of how similar the denoised image is to the clean original.,0.0,,10.0,True,50.0
nafnet_denoise,float,onnx,39.7,,39.7,81.26,,,,,,,,,,2026-10-04,main,qualcomm-snapdragon-8-elite-for-galaxy,sidd,https://www.eecs.yorku.ca/~kamel/sidd/,SIDD dataset for image denoising,Peak Signal-to-Noise Ratio (PSNR),dB,A measure of how similar the denoised image is to the clean original.,0.0,,10.0,True,50.0
nafnet_denoise,w8a16,qnn_dlc,39.7,39.6,-85.5,8.735,,,,,,,,,,2026-10-04,main,qualcomm-snapdragon-8-elite-for-galaxy,sidd,https://www.eecs.yorku.ca/~kamel/sidd/,SIDD dataset for image denoising,Peak Signal-to-Noise Ratio (PSNR),dB,A measure of how similar the denoised image is to the clean original.,0.0,,10.0,True,50.0
nafnet_denoise,w8a16,qnn_dlc_via_qnn_ep,39.7,39.6,-85.5,8.736,,,,,,,,,,2026-10-04,main,qualcomm-snapdragon-8-elite-for-galaxy,sidd,https://www.eecs.yorku.ca/~kamel/sidd/,SIDD dataset for image denoising,Peak Signal-to-Noise Ratio (PSNR),dB,A measure of how similar the denoised image is to the clean original.,0.0,,10.0,True,50.0
nafnet_denoise,w8a16,onnx,39.7,39.6,-85.5,8.736,,,,,,,,,,2026-10-04,main,qualcomm-snapdragon-8-elite-for-galaxy,sidd,https://www.eecs.yorku.ca/~kamel/sidd/,SIDD dataset for image denoising,Peak Signal-to-Noise Ratio (PSNR),dB,A measure of how similar the denoised image is to the clean original.,0.0,,10.0,True,50.0
posenet_mobilenet,float,tflite,47.8,,47.1,58.76,61.86,64.9,63.19,,,,,,,2026-10-04,main,qualcomm-snapdragon-8-elite-for-galaxy,coco_body,http://images.cocodataset.org/,val2017 split,Mean Average Precision,mAP,Mean Average Precision (across predicted classes).,0.0,100.0,10.0,True,1000.0
posenet_mobilenet,float,qnn_dlc,47.8,,47.1,58.76,61.86,64.9,63.19,,,,,,,2026-10-04,main,qualcomm-snapdragon-8-elite-for-galaxy,coco_body,http://images.cocodataset.org/,val2017 split,Mean Average Precision,mAP,Mean Average Precision (across predicted classes).,0.0,100.0,10.0,True,1000.0
posenet_mobilenet,float,qnn_dlc_via_qnn_ep,47.8,,47.1,58.76,61.86,64.9,63.19,,,,,,,2026-10-04,main,qualcomm-snapdragon-8-elite-for-galaxy,coco_body,http://images.cocodataset.org/,val2017 split,Mean Average Precision,mAP,Mean Average Precision (across predicted classes).,0.0,100.0,10.0,True,1000.0
posenet_mobilenet,float,onnx,47.8,,47.2,58.75,61.76,64.83,63.07,,,,,,,2026-10-04,main,qualcomm-snapdragon-8-elite-for-galaxy,coco_body,http://images.cocodataset.org/,val2017 split,Mean Average Precision,mAP,Mean Average Precision (across predicted classes).,0.0,100.0,10.0,True,1000.0
posenet_mobilenet,w8a8,tflite,47.8,45.0,0.0,23.64,6.038,11.5,2.795,,,,,,,2026-10-04,main,qualcomm-snapdragon-8-elite-for-galaxy,coco_body,http://images.cocodataset.org/,val2017 split,Mean Average Precision,mAP,Mean Average Precision (across predicted classes).,0.0,100.0,10.0,True,1000.0
posenet_mobilenet,w8a8,qnn_dlc,47.8,45.0,0.0,23.64,6.038,11.5,2.795,,,,,,,2026-10-04,main,qualcomm-snapdragon-8-elite-for-galaxy,coco_body,http://images.cocodataset.org/,val2017 split,Mean Average Precision,mAP,Mean Average Precision (across predicted classes).,0.0,100.0,10.0,True,1000.0
posenet_mobilenet,w8a8,qnn_dlc_via_qnn_ep,47.8,45.0,0.0,23.64,6.038,11.5,2.795,,,,,,,2026-10-04,main,qualcomm-snapdragon-8-elite-for-galaxy,coco_body,http://images.cocodataset.org/,val2017 split,Mean Average Precision,mAP,Mean Average Precision (across predicted classes).,0.0,100.0,10.0,True,1000.0
posenet_mobilenet,w8a8,onnx,47.8,45.0,0.0,23.64,6.038,11.5,2.795,,,,,,,2026-10-04,main,qualcomm-snapdragon-8-elite-for-galaxy,coco_body,http://images.cocodataset.org/,val2017 split,Mean Average Precision,mAP,Mean Average Precision (across predicted classes).,0.0,100.0,10.0,True,1000.0
repvit,float,tflite,80.9,,81.0,51.22,,,,,,,,,,2026-10-04,main,qualcomm-snapdragon-8-elite-for-galaxy,imagenet_repvit,https://www.image-net.org/,validation split,Top-1 Accuracy,%,Percentage of top 1 model predictions that are correct.,0.0,100.0,10.0,True,1000.0
repvit,float,qnn_dlc,80.9,,81.0,51.23,,,,,,,,,,2026-10-04,main,qualcomm-snapdragon-8-elite-for-galaxy,imagenet_repvit,https://www.image-net.org/,validation split,Top-1 Accuracy,%,Percentage of top 1 model predictions that are correct.,0.0,100.0,10.0,True,1000.0
repvit,float,qnn_dlc_via_qnn_ep,80.9,,81.0,51.22,,,,,,,,,,2026-10-04,main,qualcomm-snapdragon-8-elite-for-galaxy,imagenet_repvit,https://www.image-net.org/,validation split,Top-1 Accuracy,%,Percentage of top 1 model predictions that are correct.,0.0,100.0,10.0,True,1000.0
repvit,float,onnx,80.9,,81.0,51.22,,,,,,,,,,2026-10-04,main,qualcomm-snapdragon-8-elite-for-galaxy,imagenet_repvit,https://www.image-net.org/,validation split,Top-1 Accuracy,%,Percentage of top 1 model predictions that are correct.,0.0,100.0,10.0,True,1000.0
sam2,float,qnn_dlc,,,,47.59,71.37,53.15,54.5,47.43,59.77,44.93,,,,2026-10-04,main,qualcomm-snapdragon-8-elite-for-galaxy,,,,,,,,,,,
sam2,float,qnn_dlc_via_qnn_ep,,,,47.59,71.37,53.15,54.5,47.43,59.77,44.93,,,,2026-10-04,main,qualcomm-snapdragon-8-elite-for-galaxy,,,,,,,,,,,
sam2,w8a8,tflite,,,,4.072,5.124,4.513,5.167,4.07,-3.605,0.006293,,,,2026-10-04,main,qualcomm-snapdragon-8-elite-for-galaxy,,,,,,,,,,,
sam2,w8a8,qnn_dlc,,,,4.03,5.133,4.746,5.169,4.071,-3.645,0.006118,,,,2026-10-04,main,qualcomm-snapdragon-8-elite-for-galaxy,,,,,,,,,,,
sam2,w8a8,qnn_dlc_via_qnn_ep,,,,4.03,5.133,4.746,5.169,4.071,-3.645,0.006118,,,,2026-10-04,main,qualcomm-snapdragon-8-elite-for-galaxy,,,,,,,,,,,
sam2,w8a8,onnx,,,,4.03,5.133,4.746,5.169,4.071,-3.645,0.006118,,,,2026-10-04,main,qualcomm-snapdragon-8-elite-for-galaxy,,,,,,,,,,,
segformer_base,float,tflite,29.1,,29.1,71.84,,,,,,,,,,2026-10-04,main,qualcomm-snapdragon-8-elite-for-galaxy,ade_segmentation,https://ade20k.csail.mit.edu/,validation split,Mean Intersection Over Union,mIOU,Overlap of predicted and expected segmentation divided by the union size.,0.0,100.0,10.0,True,100.0
segformer_base,float,qnn_dlc,29.1,,29.1,71.84,,,,,,,,,,2026-10-04,main,qualcomm-snapdragon-8-elite-for-galaxy,ade_segmentation,https://ade20k.csail.mit.edu/,validation split,Mean Intersection Over Union,mIOU,Overlap of predicted and expected segmentation divided by the union size.,0.0,100.0,10.0,True,100.0
segformer_base,float,qnn_dlc_via_qnn_ep,29.1,,29.1,71.84,,,,,,,,,,2026-10-04,main,qualcomm-snapdragon-8-elite-for-galaxy,ade_segmentation,https://ade20k.csail.mit.edu/,validation split,Mean Intersection Over Union,mIOU,Overlap of predicted and expected segmentation divided by the union size.,0.0,100.0,10.0,True,100.0
segformer_base,float,onnx,29.1,,29.1,71.62,,,,,,,,,,2026-10-04,main,qualcomm-snapdragon-8-elite-for-galaxy,ade_segmentation,https://ade20k.csail.mit.edu/,validation split,Mean Intersection Over Union,mIOU,Overlap of predicted and expected segmentation divided by the union size.,0.0,100.0,10.0,True,100.0
segformer_base,w8a8,tflite,29.1,28.7,28.2,3.565,,,,,,,,,,2026-10-04,main,qualcomm-snapdragon-8-elite-for-galaxy,ade_segmentation,https://ade20k.csail.mit.edu/,validation split,Mean Intersection Over Union,mIOU,Overlap of predicted and expected segmentation divided by the union size.,0.0,100.0,10.0,True,100.0
segformer_base,w8a8,qnn_dlc,29.1,28.7,28.0,3.511,,,,,,,,,,2026-10-04,main,qualcomm-snapdragon-8-elite-for-galaxy,ade_segmentation,https://ade20k.csail.mit.edu/,validation split,Mean Intersection Over Union,mIOU,Overlap of predicted and expected segmentation divided by the union size.,0.0,100.0,10.0,True,100.0
segformer_base,w8a8,qnn_dlc_via_qnn_ep,29.1,28.7,28.0,3.511,,,,,,,,,,2026-10-04,main,qualcomm-snapdragon-8-elite-for-galaxy,ade_segmentation,https://ade20k.csail.mit.edu/,validation split,Mean Intersection Over Union,mIOU,Overlap of predicted and expected segmentation divided by the union size.,0.0,100.0,10.0,True,100.0
segformer_base,w8a8,onnx,29.1,28.7,28.0,3.511,,,,,,,,,,2026-10-04,main,qualcomm-snapdragon-8-elite-for-galaxy,ade_segmentation,https://ade20k.csail.mit.edu/,validation split,Mean Intersection Over Union,mIOU,Overlap of predicted and expected segmentation divided by the union size.,0.0,100.0,10.0,True,100.0
sequencer2d,float,tflite,81.4,,81.4,58.49,,,,,,,,,,2026-10-04,main,qualcomm-snapdragon-8-elite-for-galaxy,imagenet,https://www.image-net.org/,validation split,Top-1 Accuracy,%,Percentage of top 1 model predictions that are correct.,0.0,100.0,10.0,True,1000.0
sequencer2d,float,qnn_dlc,81.4,,81.4,55.04,,,,,,,,,,2026-10-04,main,qualcomm-snapdragon-8-elite-for-galaxy,imagenet,https://www.image-net.org/,validation split,Top-1 Accuracy,%,Percentage of top 1 model predictions that are correct.,0.0,100.0,10.0,True,1000.0
sequencer2d,float,qnn_dlc_via_qnn_ep,81.4,,,,,,,,,,,,,2026-10-04,main,qualcomm-snapdragon-8-elite-for-galaxy,imagenet,https://www.image-net.org/,validation split,Top-1 Accuracy,%,Percentage of top 1 model predictions that are correct.,0.0,100.0,10.0,True,1000.0
sequencer2d,float,onnx,81.4,,81.4,55.13,,,,,,,,,,2026-10-04,main,qualcomm-snapdragon-8-elite-for-galaxy,imagenet,https://www.image-net.org/,validation split,Top-1 Accuracy,%,Percentage of top 1 model predictions that are correct.,0.0,100.0,10.0,True,1000.0
sequencer2d,w8a16,qnn_dlc,81.4,81.2,,,,,,,,,,,,2026-10-04,main,qualcomm-snapdragon-8-elite-for-galaxy,imagenet,https://www.image-net.org/,validation split,Top-1 Accuracy,%,Percentage of top 1 model predictions that are correct.,0.0,100.0,10.0,True,1000.0
sequencer2d,w8a16,qnn_dlc_via_qnn_ep,81.4,81.2,,,,,,,,,,,,2026-10-04,main,qualcomm-snapdragon-8-elite-for-galaxy,imagenet,https://www.image-net.org/,validation split,Top-1 Accuracy,%,Percentage of top 1 model predictions that are correct.,0.0,100.0,10.0,True,1000.0
sequencer2d,w8a16,onnx,81.4,81.2,46.0,10.96,,,,,,,,,,2026-10-04,main,qualcomm-snapdragon-8-elite-for-galaxy,imagenet,https://www.image-net.org/,validation split,Top-1 Accuracy,%,Percentage of top 1 model predictions that are correct.,0.0,100.0,10.0,True,1000.0
sequencer2d,w8a8,tflite,81.4,80.8,81.3,11.95,,,,,,,,,,2026-10-04,main,qualcomm-snapdragon-8-elite-for-galaxy,imagenet,https://www.image-net.org/,validation split,Top-1 Accuracy,%,Percentage of top 1 model predictions that are correct.,0.0,100.0,10.0,True,1000.0
sequencer2d,w8a8,qnn_dlc,81.4,80.8,,,,,,,,,,,,2026-10-04,main,qualcomm-snapdragon-8-elite-for-galaxy,imagenet,https://www.image-net.org/,validation split,Top-1 Accuracy,%,Percentage of top 1 model predictions that are correct.,0.0,100.0,10.0,True,1000.0
sequencer2d,w8a8,qnn_dlc_via_qnn_ep,81.4,80.8,,,,,,,,,,,,2026-10-04,main,qualcomm-snapdragon-8-elite-for-galaxy,imagenet,https://www.image-net.org/,validation split,Top-1 Accuracy,%,Percentage of top 1 model predictions that are correct.,0.0,100.0,10.0,True,1000.0
sequencer2d,w8a8,onnx,81.4,80.8,42.4,11.47,,,,,,,,,,2026-10-04,main,qualcomm-snapdragon-8-elite-for-galaxy,imagenet,https://www.image-net.org/,validation split,Top-1 Accuracy,%,Percentage of top 1 model predictions that are correct.,0.0,100.0,10.0,True,1000.0
stereonet,float,tflite,,,,66.46,,,,,,,,,,2026-10-04,main,qualcomm-snapdragon-8-elite-for-galaxy,,,,,,,,,,,
stereonet,float,qnn_dlc,,,,66.44,,,,,,,,,,2026-10-04,main,qualcomm-snapdragon-8-elite-for-galaxy,,,,,,,,,,,
stereonet,float,qnn_dlc_via_qnn_ep,,,,66.44,,,,,,,,,,2026-10-04,main,qualcomm-snapdragon-8-elite-for-galaxy,,,,,,,,,,,
stereonet,float,onnx,,,,67.93,,,,,,,,,,2026-10-04,main,qualcomm-snapdragon-8-elite-for-galaxy,,,,,,,,,,,
superpoint,float,tflite,80.0,,84.0,11.34,59.82,14.21,73.98,,,,,,,2026-10-04,main,qualcomm-snapdragon-8-elite-for-galaxy,hpatches,https://github.com/hpatches/hpatches-dataset,92 of 116 sequences (45 illumination + 47 viewpoint),Homography Estimation @3px,correctness@3px,Fraction of HPatches pairs where the RANSAC-estimated homography has mean corner reprojection error < 3 px.,0.0,100.0,5.0,True,100.0
superpoint,float,qnn_dlc,80.0,,86.0,11.38,59.83,14.33,73.98,,,,,,,2026-10-04,main,qualcomm-snapdragon-8-elite-for-galaxy,hpatches,https://github.com/hpatches/hpatches-dataset,92 of 116 sequences (45 illumination + 47 viewpoint),Homography Estimation @3px,correctness@3px,Fraction of HPatches pairs where the RANSAC-estimated homography has mean corner reprojection error < 3 px.,0.0,100.0,5.0,True,100.0
superpoint,float,qnn_dlc_via_qnn_ep,80.0,,20.0,,59.82,12.48,73.98,,,,,,,2026-10-04,main,qualcomm-snapdragon-8-elite-for-galaxy,hpatches,https://github.com/hpatches/hpatches-dataset,92 of 116 sequences (45 illumination + 47 viewpoint),Homography Estimation @3px,correctness@3px,Fraction of HPatches pairs where the RANSAC-estimated homography has mean corner reprojection error < 3 px.,0.0,100.0,5.0,True,100.0
superpoint,float,onnx,80.0,,20.0,,59.82,12.48,73.98,,,,,,,2026-10-04,main,qualcomm-snapdragon-8-elite-for-galaxy,hpatches,https://github.com/hpatches/hpatches-dataset,92 of 116 sequences (45 illumination + 47 viewpoint),Homography Estimation @3px,correctness@3px,Fraction of HPatches pairs where the RANSAC-estimated homography has mean corner reprojection error < 3 px.,0.0,100.0,5.0,True,100.0
superpoint,w8a16,qnn_dlc,80.0,80.0,0.0,6.082,7.774,5.872,58.42,,,,,,,2026-10-04,main,qualcomm-snapdragon-8-elite-for-galaxy,hpatches,https://github.com/hpatches/hpatches-dataset,92 of 116 sequences (45 illumination + 47 viewpoint),Homography Estimation @3px,correctness@3px,Fraction of HPatches pairs where the RANSAC-estimated homography has mean corner reprojection error < 3 px.,0.0,100.0,5.0,True,100.0
superpoint,w8a16,qnn_dlc_via_qnn_ep,80.0,80.0,0.0,2.767,7.774,5.884,58.42,,,,,,,2026-10-04,main,qualcomm-snapdragon-8-elite-for-galaxy,hpatches,https://github.com/hpatches/hpatches-dataset,92 of 116 sequences (45 illumination + 47 viewpoint),Homography Estimation @3px,correctness@3px,Fraction of HPatches pairs where the RANSAC-estimated homography has mean corner reprojection error < 3 px.,0.0,100.0,5.0,True,100.0
superpoint,w8a16,onnx,80.0,80.0,0.0,2.767,7.774,5.884,58.42,,,,,,,2026-10-04,main,qualcomm-snapdragon-8-elite-for-galaxy,hpatches,https://github.com/hpatches/hpatches-dataset,92 of 116 sequences (45 illumination + 47 viewpoint),Homography Estimation @3px,correctness@3px,Fraction of HPatches pairs where the RANSAC-estimated homography has mean corner reprojection error < 3 px.,0.0,100.0,5.0,True,100.0
swin_small,float,tflite,82.9,,82.4,36.08,,,,,,,,,,2026-10-04,main,qualcomm-snapdragon-8-elite-for-galaxy,imagenet,https://www.image-net.org/,validation split,Top-1 Accuracy,%,Percentage of top 1 model predictions that are correct.,0.0,100.0,10.0,True,1000.0
swin_small,float,qnn_dlc,82.9,,82.8,57.12,,,,,,,,,,2026-10-04,main,qualcomm-snapdragon-8-elite-for-galaxy,imagenet,https://www.image-net.org/,validation split,Top-1 Accuracy,%,Percentage of top 1 model predictions that are correct.,0.0,100.0,10.0,True,1000.0
swin_small,float,qnn_dlc_via_qnn_ep,82.9,,82.8,57.12,,,,,,,,,,2026-10-04,main,qualcomm-snapdragon-8-elite-for-galaxy,imagenet,https://www.image-net.org/,validation split,Top-1 Accuracy,%,Percentage of top 1 model predictions that are correct.,0.0,100.0,10.0,True,1000.0
swin_small,float,onnx,82.9,,75.7,28.65,,,,,,,,,,2026-10-04,main,qualcomm-snapdragon-8-elite-for-galaxy,imagenet,https://www.image-net.org/,validation split,Top-1 Accuracy,%,Percentage of top 1 model predictions that are correct.,0.0,100.0,10.0,True,1000.0
swin_small,w8a16,qnn_dlc,82.9,83.1,83.3,10.68,,,,,,,,,,2026-10-04,main,qualcomm-snapdragon-8-elite-for-galaxy,imagenet,https://www.image-net.org/,validation split,Top-1 Accuracy,%,Percentage of top 1 model predictions that are correct.,0.0,100.0,10.0,True,1000.0
swin_small,w8a16,qnn_dlc_via_qnn_ep,82.9,83.1,83.3,10.68,,,,,,,,,,2026-10-04,main,qualcomm-snapdragon-8-elite-for-galaxy,imagenet,https://www.image-net.org/,validation split,Top-1 Accuracy,%,Percentage of top 1 model predictions that are correct.,0.0,100.0,10.0,True,1000.0
swin_small,w8a16,onnx,82.9,83.1,75.7,10.62,,,,,,,,,,2026-10-04,main,qualcomm-snapdragon-8-elite-for-galaxy,imagenet,https://www.image-net.org/,validation split,Top-1 Accuracy,%,Percentage of top 1 model predictions that are correct.,0.0,100.0,10.0,True,1000.0
swin_tiny,float,tflite,80.7,,79.9,35.97,,,,,,,,,,2026-10-04,main,qualcomm-snapdragon-8-elite-for-galaxy,imagenet,https://www.image-net.org/,validation split,Top-1 Accuracy,%,Percentage of top 1 model predictions that are correct.,0.0,100.0,10.0,True,1000.0
swin_tiny,float,qnn_dlc,80.7,,80.8,61.02,,,,,,,,,,2026-10-04,main,qualcomm-snapdragon-8-elite-for-galaxy,imagenet,https://www.image-net.org/,validation split,Top-1 Accuracy,%,Percentage of top 1 model predictions that are correct.,0.0,100.0,10.0,True,1000.0
swin_tiny,float,qnn_dlc_via_qnn_ep,80.7,,80.8,61.02,,,,,,,,,,2026-10-04,main,qualcomm-snapdragon-8-elite-for-galaxy,imagenet,https://www.image-net.org/,validation split,Top-1 Accuracy,%,Percentage of top 1 model predictions that are correct.,0.0,100.0,10.0,True,1000.0
swin_tiny,float,onnx,80.7,,77.0,30.7,,,,,,,,,,2026-10-04,main,qualcomm-snapdragon-8-elite-for-galaxy,imagenet,https://www.image-net.org/,validation split,Top-1 Accuracy,%,Percentage of top 1 model predictions that are correct.,0.0,100.0,10.0,True,1000.0
swin_tiny,w8a16,qnn_dlc,80.7,80.9,80.7,10.28,,,,,,,,,,2026-10-04,main,qualcomm-snapdragon-8-elite-for-galaxy,imagenet,https://www.image-net.org/,validation split,Top-1 Accuracy,%,Percentage of top 1 model predictions that are correct.,0.0,100.0,10.0,True,1000.0
swin_tiny,w8a16,qnn_dlc_via_qnn_ep,80.7,80.9,80.7,10.28,,,,,,,,,,2026-10-04,main,qualcomm-snapdragon-8-elite-for-galaxy,imagenet,https://www.image-net.org/,validation split,Top-1 Accuracy,%,Percentage of top 1 model predictions that are correct.,0.0,100.0,10.0,True,1000.0
swin_tiny,w8a16,onnx,80.7,80.9,76.9,10.27,,,,,,,,,,2026-10-04,main,qualcomm-snapdragon-8-elite-for-galaxy,imagenet,https://www.image-net.org/,validation split,Top-1 Accuracy,%,Percentage of top 1 model predictions that are correct.,0.0,100.0,10.0,True,1000.0
yamnet,float,tflite,25.8,,25.8,80.71,,,,,,,,,,2026-10-04,main,qualcomm-snapdragon-8-elite-for-galaxy,audio_set,,,,,,,,,,1000.0
yamnet,float,qnn_dlc,25.8,,25.8,80.71,,,,,,,,,,2026-10-04,main,qualcomm-snapdragon-8-elite-for-galaxy,audio_set,,,,,,,,,,1000.0
yamnet,float,qnn_dlc_via_qnn_ep,25.8,,25.8,80.71,,,,,,,,,,2026-10-04,main,qualcomm-snapdragon-8-elite-for-galaxy,audio_set,,,,,,,,,,1000.0
yamnet,float,onnx,25.8,,25.8,80.71,,,,,,,,,,2026-10-04,main,qualcomm-snapdragon-8-elite-for-galaxy,audio_set,,,,,,,,,,1000.0
yolo26_det,float,tflite,47.8,,47.7,58.96,53.37,,,,,,,,,2026-10-04,main,qualcomm-snapdragon-8-elite-for-galaxy,coco,https://cocodataset.org/,val2017 split,Mean Average Precision,mAP@0.5:0.95,Mean Average Precision averaged over IOU thresholds 0.5 to 0.95 in 0.05 increments.,0.0,100.0,10.0,True,300.0
yolo26_det,float,qnn_dlc,47.8,,47.7,58.96,53.37,,,,,,,,,2026-10-04,main,qualcomm-snapdragon-8-elite-for-galaxy,coco,https://cocodataset.org/,val2017 split,Mean Average Precision,mAP@0.5:0.95,Mean Average Precision averaged over IOU thresholds 0.5 to 0.95 in 0.05 increments.,0.0,100.0,10.0,True,300.0
yolo26_det,float,qnn_dlc_via_qnn_ep,47.8,,47.8,58.96,53.61,,,,,,,,,2026-10-04,main,qualcomm-snapdragon-8-elite-for-galaxy,coco,https://cocodataset.org/,val2017 split,Mean Average Precision,mAP@0.5:0.95,Mean Average Precision averaged over IOU thresholds 0.5 to 0.95 in 0.05 increments.,0.0,100.0,10.0,True,300.0
yolo26_det,float,onnx,47.8,,47.7,58.96,53.62,,,,,,,,,2026-10-04,main,qualcomm-snapdragon-8-elite-for-galaxy,coco,https://cocodataset.org/,val2017 split,Mean Average Precision,mAP@0.5:0.95,Mean Average Precision averaged over IOU thresholds 0.5 to 0.95 in 0.05 increments.,0.0,100.0,10.0,True,300.0
yolo26_det,w8a16,qnn_dlc,47.8,47.5,0.0,6.485,26.86,,,,,,,,,2026-10-04,main,qualcomm-snapdragon-8-elite-for-galaxy,coco,https://cocodataset.org/,val2017 split,Mean Average Precision,mAP@0.5:0.95,Mean Average Precision averaged over IOU thresholds 0.5 to 0.95 in 0.05 increments.,0.0,100.0,10.0,True,300.0
yolo26_det,w8a16,qnn_dlc_via_qnn_ep,47.8,47.5,0.0,6.484,26.86,,,,,,,,,2026-10-04,main,qualcomm-snapdragon-8-elite-for-galaxy,coco,https://cocodataset.org/,val2017 split,Mean Average Precision,mAP@0.5:0.95,Mean Average Precision averaged over IOU thresholds 0.5 to 0.95 in 0.05 increments.,0.0,100.0,10.0,True,300.0
yolo26_det,w8a16,onnx,47.8,47.5,0.0,6.342,26.86,,,,,,,,,2026-10-04,main,qualcomm-snapdragon-8-elite-for-galaxy,coco,https://cocodataset.org/,val2017 split,Mean Average Precision,mAP@0.5:0.95,Mean Average Precision averaged over IOU thresholds 0.5 to 0.95 in 0.05 increments.,0.0,100.0,10.0,True,300.0
yolo26_pose,float,tflite,56.3,,56.2,58.5,57.51,61.96,,,,,,,,2026-10-04,main,qualcomm-snapdragon-8-elite-for-galaxy,coco_keypoints,https://cocodataset.org/,val2017 split - images with at least one person keypoint annotation,Mean Average Precision,mAP,Mean Average Precision (across predicted classes).,0.0,100.0,10.0,True,300.0
yolo26_pose,float,qnn_dlc,56.3,,56.2,58.5,57.51,61.96,,,,,,,,2026-10-04,main,qualcomm-snapdragon-8-elite-for-galaxy,coco_keypoints,https://cocodataset.org/,val2017 split - images with at least one person keypoint annotation,Mean Average Precision,mAP,Mean Average Precision (across predicted classes).,0.0,100.0,10.0,True,300.0
yolo26_pose,float,qnn_dlc_via_qnn_ep,56.3,,56.2,58.5,57.76,61.96,,,,,,,,2026-10-04,main,qualcomm-snapdragon-8-elite-for-galaxy,coco_keypoints,https://cocodataset.org/,val2017 split - images with at least one person keypoint annotation,Mean Average Precision,mAP,Mean Average Precision (across predicted classes).,0.0,100.0,10.0,True,300.0
yolo26_pose,float,onnx,56.3,,56.2,58.5,57.75,61.96,,,,,,,,2026-10-04,main,qualcomm-snapdragon-8-elite-for-galaxy,coco_keypoints,https://cocodataset.org/,val2017 split - images with at least one person keypoint annotation,Mean Average Precision,mAP,Mean Average Precision (across predicted classes).,0.0,100.0,10.0,True,300.0
yolo26_pose,w8a16,qnn_dlc,56.3,56.3,0.0,6.59,28.19,10.42,,,,,,,,2026-10-04,main,qualcomm-snapdragon-8-elite-for-galaxy,coco_keypoints,https://cocodataset.org/,val2017 split - images with at least one person keypoint annotation,Mean Average Precision,mAP,Mean Average Precision (across predicted classes).,0.0,100.0,10.0,True,300.0
yolo26_pose,w8a16,qnn_dlc_via_qnn_ep,56.3,56.3,0.0,6.59,28.19,10.42,,,,,,,,2026-10-04,main,qualcomm-snapdragon-8-elite-for-galaxy,coco_keypoints,https://cocodataset.org/,val2017 split - images with at least one person keypoint annotation,Mean Average Precision,mAP,Mean Average Precision (across predicted classes).,0.0,100.0,10.0,True,300.0
yolo26_pose,w8a16,onnx,56.3,56.3,0.0,6.544,28.16,10.4,,,,,,,,2026-10-04,main,qualcomm-snapdragon-8-elite-for-galaxy,coco_keypoints,https://cocodataset.org/,val2017 split - images with at least one person keypoint annotation,Mean Average Precision,mAP,Mean Average Precision (across predicted classes).,0.0,100.0,10.0,True,300.0
yoloe_seg,float,tflite,33.8,,33.2,51.93,49.18,53.2,52.72,,,,,,,2026-10-04,main,qualcomm-snapdragon-8-elite-for-galaxy,coco_seg,https://cocodataset.org/,val2017 split,Mean Average Precision,mAP@0.5:0.95,Mean Average Precision averaged over IOU thresholds 0.5 to 0.95 in 0.05 increments.,0.0,100.0,10.0,True,100.0
yoloe_seg,float,qnn_dlc,33.8,,33.2,51.93,49.18,53.2,52.72,,,,,,,2026-10-04,main,qualcomm-snapdragon-8-elite-for-galaxy,coco_seg,https://cocodataset.org/,val2017 split,Mean Average Precision,mAP@0.5:0.95,Mean Average Precision averaged over IOU thresholds 0.5 to 0.95 in 0.05 increments.,0.0,100.0,10.0,True,100.0
yoloe_seg,float,qnn_dlc_via_qnn_ep,33.8,,33.2,51.93,49.18,53.2,52.72,,,,,,,2026-10-04,main,qualcomm-snapdragon-8-elite-for-galaxy,coco_seg,https://cocodataset.org/,val2017 split,Mean Average Precision,mAP@0.5:0.95,Mean Average Precision averaged over IOU thresholds 0.5 to 0.95 in 0.05 increments.,0.0,100.0,10.0,True,100.0
yoloe_seg,float,onnx,33.8,,33.2,51.93,49.16,53.2,52.72,,,,,,,2026-10-04,main,qualcomm-snapdragon-8-elite-for-galaxy,coco_seg,https://cocodataset.org/,val2017 split,Mean Average Precision,mAP@0.5:0.95,Mean Average Precision averaged over IOU thresholds 0.5 to 0.95 in 0.05 increments.,0.0,100.0,10.0,True,100.0
yolov10_det,float,tflite,46.8,,46.6,61.79,56.17,,,,,,,,,2026-10-04,main,qualcomm-snapdragon-8-elite-for-galaxy,coco,https://cocodataset.org/,val2017 split,Mean Average Precision,mAP@0.5:0.95,Mean Average Precision averaged over IOU thresholds 0.5 to 0.95 in 0.05 increments.,0.0,100.0,10.0,True,300.0
yolov10_det,float,qnn_dlc,46.8,,46.6,61.79,56.17,,,,,,,,,2026-10-04,main,qualcomm-snapdragon-8-elite-for-galaxy,coco,https://cocodataset.org/,val2017 split,Mean Average Precision,mAP@0.5:0.95,Mean Average Precision averaged over IOU thresholds 0.5 to 0.95 in 0.05 increments.,0.0,100.0,10.0,True,300.0
yolov10_det,float,qnn_dlc_via_qnn_ep,46.8,,46.7,61.79,56.71,,,,,,,,,2026-10-04,main,qualcomm-snapdragon-8-elite-for-galaxy,coco,https://cocodataset.org/,val2017 split,Mean Average Precision,mAP@0.5:0.95,Mean Average Precision averaged over IOU thresholds 0.5 to 0.95 in 0.05 increments.,0.0,100.0,10.0,True,300.0
yolov10_det,float,onnx,46.8,,46.8,61.79,56.71,,,,,,,,,2026-10-04,main,qualcomm-snapdragon-8-elite-for-galaxy,coco,https://cocodataset.org/,val2017 split,Mean Average Precision,mAP@0.5:0.95,Mean Average Precision averaged over IOU thresholds 0.5 to 0.95 in 0.05 increments.,0.0,100.0,10.0,True,300.0
yolov10_det,w8a8_mixed_int16,qnn_dlc,46.8,46.1,0.0,5.636,45.88,,,,,,,,,2026-10-04,main,qualcomm-snapdragon-8-elite-for-galaxy,coco,https://cocodataset.org/,val2017 split,Mean Average Precision,mAP@0.5:0.95,Mean Average Precision averaged over IOU thresholds 0.5 to 0.95 in 0.05 increments.,0.0,100.0,10.0,True,300.0
yolov10_det,w8a8_mixed_int16,qnn_dlc_via_qnn_ep,46.8,46.1,,,,,,,,,,,,2026-10-04,main,qualcomm-snapdragon-8-elite-for-galaxy,coco,https://cocodataset.org/,val2017 split,Mean Average Precision,mAP@0.5:0.95,Mean Average Precision averaged over IOU thresholds 0.5 to 0.95 in 0.05 increments.,0.0,100.0,10.0,True,300.0
yolov10_det,w8a8_mixed_int16,onnx,46.8,46.1,0.0,5.669,27.1,,,,,,,,,2026-10-04,main,qualcomm-snapdragon-8-elite-for-galaxy,coco,https://cocodataset.org/,val2017 split,Mean Average Precision,mAP@0.5:0.95,Mean Average Precision averaged over IOU thresholds 0.5 to 0.95 in 0.05 increments.,0.0,100.0,10.0,True,300.0
yolov10_det,w8a16,qnn_dlc,46.8,46.9,0.0,5.61,27.12,,,,,,,,,2026-10-04,main,qualcomm-snapdragon-8-elite-for-galaxy,coco,https://cocodataset.org/,val2017 split,Mean Average Precision,mAP@0.5:0.95,Mean Average Precision averaged over IOU thresholds 0.5 to 0.95 in 0.05 increments.,0.0,100.0,10.0,True,300.0
yolov10_det,w8a16,qnn_dlc_via_qnn_ep,46.8,46.9,0.0,5.61,27.12,,,,,,,,,2026-10-04,main,qualcomm-snapdragon-8-elite-for-galaxy,coco,https://cocodataset.org/,val2017 split,Mean Average Precision,mAP@0.5:0.95,Mean Average Precision averaged over IOU thresholds 0.5 to 0.95 in 0.05 increments.,0.0,100.0,10.0,True,300.0
yolov10_det,w8a16,onnx,46.8,46.9,0.0,5.612,27.08,,,,,,,,,2026-10-04,main,qualcomm-snapdragon-8-elite-for-galaxy,coco,https://cocodataset.org/,val2017 split,Mean Average Precision,mAP@0.5:0.95,Mean Average Precision averaged over IOU thresholds 0.5 to 0.95 in 0.05 increments.,0.0,100.0,10.0,True,300.0
yolov10_det,w8a8,tflite,46.8,34.8,1.23e-07,-0.2635,26.38,,,,,,,,,2026-10-04,main,qualcomm-snapdragon-8-elite-for-galaxy,coco,https://cocodataset.org/,val2017 split,Mean Average Precision,mAP@0.5:0.95,Mean Average Precision averaged over IOU thresholds 0.5 to 0.95 in 0.05 increments.,0.0,100.0,10.0,True,300.0
yolov10_det,w8a8,qnn_dlc,46.8,34.8,0.0,-0.2733,38.41,,,,,,,,,2026-10-04,main,qualcomm-snapdragon-8-elite-for-galaxy,coco,https://cocodataset.org/,val2017 split,Mean Average Precision,mAP@0.5:0.95,Mean Average Precision averaged over IOU thresholds 0.5 to 0.95 in 0.05 increments.,0.0,100.0,10.0,True,300.0
yolov10_det,w8a8,qnn_dlc_via_qnn_ep,46.8,34.8,1.86e-07,-0.2635,26.39,,,,,,,,,2026-10-04,main,qualcomm-snapdragon-8-elite-for-galaxy,coco,https://cocodataset.org/,val2017 split,Mean Average Precision,mAP@0.5:0.95,Mean Average Precision averaged over IOU thresholds 0.5 to 0.95 in 0.05 increments.,0.0,100.0,10.0,True,300.0
yolov10_det,w8a8,onnx,46.8,34.8,1.86e-07,-0.2635,26.39,,,,,,,,,2026-10-04,main,qualcomm-snapdragon-8-elite-for-galaxy,coco,https://cocodataset.org/,val2017 split,Mean Average Precision,mAP@0.5:0.95,Mean Average Precision averaged over IOU thresholds 0.5 to 0.95 in 0.05 increments.,0.0,100.0,10.0,True,300.0
yolov11_seg,float,tflite,27.4,,27.0,57.17,53.73,53.17,50.33,,,,,,,2026-10-04,main,qualcomm-snapdragon-8-elite-for-galaxy,coco_seg,https://cocodataset.org/,val2017 split,Mean Average Precision,mAP@0.5:0.95,Mean Average Precision averaged over IOU thresholds 0.5 to 0.95 in 0.05 increments.,0.0,100.0,10.0,True,100.0
yolov11_seg,float,qnn_dlc,27.4,,27.0,57.17,53.73,53.17,50.33,,,,,,,2026-10-04,main,qualcomm-snapdragon-8-elite-for-galaxy,coco_seg,https://cocodataset.org/,val2017 split,Mean Average Precision,mAP@0.5:0.95,Mean Average Precision averaged over IOU thresholds 0.5 to 0.95 in 0.05 increments.,0.0,100.0,10.0,True,100.0
yolov11_seg,float,qnn_dlc_via_qnn_ep,27.4,,27.3,57.17,54.05,53.17,50.33,,,,,,,2026-10-04,main,qualcomm-snapdragon-8-elite-for-galaxy,coco_seg,https://cocodataset.org/,val2017 split,Mean Average Precision,mAP@0.5:0.95,Mean Average Precision averaged over IOU thresholds 0.5 to 0.95 in 0.05 increments.,0.0,100.0,10.0,True,100.0
yolov11_seg,float,onnx,27.4,,27.3,57.16,54.0,53.17,50.33,,,,,,,2026-10-04,main,qualcomm-snapdragon-8-elite-for-galaxy,coco_seg,https://cocodataset.org/,val2017 split,Mean Average Precision,mAP@0.5:0.95,Mean Average Precision averaged over IOU thresholds 0.5 to 0.95 in 0.05 increments.,0.0,100.0,10.0,True,100.0
yolov5,float,tflite,49.6,,49.5,63.92,57.13,,,,,,,,,2026-10-04,main,qualcomm-snapdragon-8-elite-for-galaxy,coco,https://cocodataset.org/,val2017 split,Mean Average Precision,mAP@0.5:0.95,Mean Average Precision averaged over IOU thresholds 0.5 to 0.95 in 0.05 increments.,0.0,100.0,10.0,True,300.0
yolov5,float,qnn_dlc,49.6,,49.5,63.92,57.13,,,,,,,,,2026-10-04,main,qualcomm-snapdragon-8-elite-for-galaxy,coco,https://cocodataset.org/,val2017 split,Mean Average Precision,mAP@0.5:0.95,Mean Average Precision averaged over IOU thresholds 0.5 to 0.95 in 0.05 increments.,0.0,100.0,10.0,True,300.0
yolov5,float,qnn_dlc_via_qnn_ep,49.6,,49.5,63.92,57.74,,,,,,,,,2026-10-04,main,qualcomm-snapdragon-8-elite-for-galaxy,coco,https://cocodataset.org/,val2017 split,Mean Average Precision,mAP@0.5:0.95,Mean Average Precision averaged over IOU thresholds 0.5 to 0.95 in 0.05 increments.,0.0,100.0,10.0,True,300.0
yolov5,float,onnx,49.6,,49.5,63.92,57.72,,,,,,,,,2026-10-04,main,qualcomm-snapdragon-8-elite-for-galaxy,coco,https://cocodataset.org/,val2017 split,Mean Average Precision,mAP@0.5:0.95,Mean Average Precision averaged over IOU thresholds 0.5 to 0.95 in 0.05 increments.,0.0,100.0,10.0,True,300.0
yolov5,w8a16,qnn_dlc,49.6,49.4,0.0,5.414,25.3,,,,,,,,,2026-10-04,main,qualcomm-snapdragon-8-elite-for-galaxy,coco,https://cocodataset.org/,val2017 split,Mean Average Precision,mAP@0.5:0.95,Mean Average Precision averaged over IOU thresholds 0.5 to 0.95 in 0.05 increments.,0.0,100.0,10.0,True,300.0
yolov5,w8a16,qnn_dlc_via_qnn_ep,49.6,49.4,0.0,5.414,25.3,,,,,,,,,2026-10-04,main,qualcomm-snapdragon-8-elite-for-galaxy,coco,https://cocodataset.org/,val2017 split,Mean Average Precision,mAP@0.5:0.95,Mean Average Precision averaged over IOU thresholds 0.5 to 0.95 in 0.05 increments.,0.0,100.0,10.0,True,300.0
yolov5,w8a16,onnx,49.6,49.4,0.0,5.414,25.3,,,,,,,,,2026-10-04,main,qualcomm-snapdragon-8-elite-for-galaxy,coco,https://cocodataset.org/,val2017 split,Mean Average Precision,mAP@0.5:0.95,Mean Average Precision averaged over IOU thresholds 0.5 to 0.95 in 0.05 increments.,0.0,100.0,10.0,True,300.0
yolov5_face,float,tflite,91.7,,91.7,65.42,67.06,73.19,,,,,,,,2026-10-04,main,qualcomm-snapdragon-8-elite-for-galaxy,wider_face,https://huggingface.co/datasets/CUHK-CSE/wider_face,validation split,Mean Average Precision,mAP@0.50,Easy-subset AP@IoU=0.5 on WIDER FACE validation split.,0.0,100.0,10.0,True,100.0
yolov5_face,float,qnn_dlc,91.7,,91.7,65.42,67.06,73.19,,,,,,,,2026-10-04,main,qualcomm-snapdragon-8-elite-for-galaxy,wider_face,https://huggingface.co/datasets/CUHK-CSE/wider_face,validation split,Mean Average Precision,mAP@0.50,Easy-subset AP@IoU=0.5 on WIDER FACE validation split.,0.0,100.0,10.0,True,100.0
yolov5_face,float,qnn_dlc_via_qnn_ep,91.7,,91.7,65.42,67.06,73.19,,,,,,,,2026-10-04,main,qualcomm-snapdragon-8-elite-for-galaxy,wider_face,https://huggingface.co/datasets/CUHK-CSE/wider_face,validation split,Mean Average Precision,mAP@0.50,Easy-subset AP@IoU=0.5 on WIDER FACE validation split.,0.0,100.0,10.0,True,100.0
yolov5_face,float,onnx,91.7,,91.7,65.42,67.09,73.19,,,,,,,,2026-10-04,main,qualcomm-snapdragon-8-elite-for-galaxy,wider_face,https://huggingface.co/datasets/CUHK-CSE/wider_face,validation split,Mean Average Precision,mAP@0.50,Easy-subset AP@IoU=0.5 on WIDER FACE validation split.,0.0,100.0,10.0,True,100.0
gemma_4_e2b_it,q4_0,geniex_llamacpp,97.0,,94.1,,,,,,,,,,,2026-10-05,main,qualcomm-snapdragon-x-elite,grace2,https://github.com/qualcomm/ai-hub-models/blob/main/tutorials/llm/grace.md,on-device prompt eval set,Grace2,%,Grading Response Accuracy Evaluation: percentage score from grading generated responses to the Grace2 prompt set with a grader LLM.,0.0,100.0,10.0,True,100.0
gemma_4_e4b_it,q4_0,geniex_llamacpp,98.2,,93.5,,,,,,,,,,,2026-10-05,main,qualcomm-snapdragon-x-elite,grace2,https://github.com/qualcomm/ai-hub-models/blob/main/tutorials/llm/grace.md,on-device prompt eval set,Grace2,%,Grading Response Accuracy Evaluation: percentage score from grading generated responses to the Grace2 prompt set with a grader LLM.,0.0,100.0,10.0,True,100.0
granite_4_0_micro,q4_0,geniex_llamacpp,,,88.6,,,,,,,,,,,2026-10-05,main,qualcomm-snapdragon-x-elite,grace2,https://github.com/qualcomm/ai-hub-models/blob/main/tutorials/llm/grace.md,on-device prompt eval set,Grace2,%,Grading Response Accuracy Evaluation: percentage score from grading generated responses to the Grace2 prompt set with a grader LLM.,0.0,100.0,10.0,True,100.0
ministral_3_3b_instruct_2512,q4_0,geniex_llamacpp,,,84.0,,,,,,,,,,,2026-10-05,main,qualcomm-snapdragon-x-elite,grace2,https://github.com/qualcomm/ai-hub-models/blob/main/tutorials/llm/grace.md,on-device prompt eval set,Grace2,%,Grading Response Accuracy Evaluation: percentage score from grading generated responses to the Grace2 prompt set with a grader LLM.,0.0,100.0,10.0,True,100.0
phi_4_mini_instruct,q4_0,geniex_llamacpp,91.1,,90.6,,,,,,,,,,,2026-10-05,main,qualcomm-snapdragon-x-elite,grace2,https://github.com/qualcomm/ai-hub-models/blob/main/tutorials/llm/grace.md,on-device prompt eval set,Grace2,%,Grading Response Accuracy Evaluation: percentage score from grading generated responses to the Grace2 prompt set with a grader LLM.,0.0,100.0,10.0,True,100.0
qwen2_5_vl_7b_instruct,q4_0,geniex_llamacpp,85.7,,88.4,,,,,,,,,,,2026-10-05,main,qualcomm-snapdragon-x-elite,grace2,https://github.com/qualcomm/ai-hub-models/blob/main/tutorials/llm/grace.md,on-device prompt eval set,Grace2,%,Grading Response Accuracy Evaluation: percentage score from grading generated responses to the Grace2 prompt set with a grader LLM.,0.0,100.0,10.0,True,100.0
qwen3_0_6b,q4_0,geniex_llamacpp,70.0,,62.4,,,,,,,,,,,2026-10-05,main,qualcomm-snapdragon-x-elite,grace2,https://github.com/qualcomm/ai-hub-models/blob/main/tutorials/llm/grace.md,on-device prompt eval set,Grace2,%,Grading Response Accuracy Evaluation: percentage score from grading generated responses to the Grace2 prompt set with a grader LLM.,0.0,100.0,10.0,True,100.0
qwen3_1_7b,q4_0,geniex_llamacpp,80.3,,80.0,,,,,,,,,,,2026-10-05,main,qualcomm-snapdragon-x-elite,grace2,https://github.com/qualcomm/ai-hub-models/blob/main/tutorials/llm/grace.md,on-device prompt eval set,Grace2,%,Grading Response Accuracy Evaluation: percentage score from grading generated responses to the Grace2 prompt set with a grader LLM.,0.0,100.0,10.0,True,100.0
qwen3_4b_instruct_2507,q4_0,geniex_llamacpp,96.1,,94.7,,,,,,,,,,,2026-10-05,main,qualcomm-snapdragon-x-elite,grace2,https://github.com/qualcomm/ai-hub-models/blob/main/tutorials/llm/grace.md,on-device prompt eval set,Grace2,%,Grading Response Accuracy Evaluation: percentage score from grading generated responses to the Grace2 prompt set with a grader LLM.,0.0,100.0,10.0,True,100.0
qwen3_4b,q4_0,geniex_llamacpp,91.6,,94.2,,,,,,,,,,,2026-10-05,main,qualcomm-snapdragon-x-elite,grace2,https://github.com/qualcomm/ai-hub-models/blob/main/tutorials/llm/grace.md,on-device prompt eval set,Grace2,%,Grading Response Accuracy Evaluation: percentage score from grading generated responses to the Grace2 prompt set with a grader LLM.,0.0,100.0,10.0,True,100.0
qwen3_5_0_8b,q4_0,geniex_llamacpp,63.2,,61.0,,,,,,,,,,,2026-10-05,main,qualcomm-snapdragon-x-elite,grace2,https://github.com/qualcomm/ai-hub-models/blob/main/tutorials/llm/grace.md,on-device prompt eval set,Grace2,%,Grading Response Accuracy Evaluation: percentage score from grading generated responses to the Grace2 prompt set with a grader LLM.,0.0,100.0,10.0,True,100.0
qwen3_5_2b,q4_0,geniex_llamacpp,79.5,,76.1,,,,,,,,,,,2026-10-05,main,qualcomm-snapdragon-x-elite,grace2,https://github.com/qualcomm/ai-hub-models/blob/main/tutorials/llm/grace.md,on-device prompt eval set,Grace2,%,Grading Response Accuracy Evaluation: percentage score from grading generated responses to the Grace2 prompt set with a grader LLM.,0.0,100.0,10.0,True,100.0
qwen3_vl_2b_instruct,q4_0,geniex_llamacpp,,,75.7,,,,,,,,,,,2026-10-05,main,qualcomm-snapdragon-x-elite,grace2,https://github.com/qualcomm/ai-hub-models/blob/main/tutorials/llm/grace.md,on-device prompt eval set,Grace2,%,Grading Response Accuracy Evaluation: percentage score from grading generated responses to the Grace2 prompt set with a grader LLM.,0.0,100.0,10.0,True,100.0
qwen3_vl_4b_instruct,q4_0,geniex_llamacpp,91.7,,91.5,,,,,,,,,,,2026-10-05,main,qualcomm-snapdragon-x-elite,grace2,https://github.com/qualcomm/ai-hub-models/blob/main/tutorials/llm/grace.md,on-device prompt eval set,Grace2,%,Grading Response Accuracy Evaluation: percentage score from grading generated responses to the Grace2 prompt set with a grader LLM.,0.0,100.0,10.0,True,100.0
smolvlm2_2_2b_instruct,q8_0,geniex_llamacpp,,,68.2,,,,,,,,,,,2026-10-05,main,qualcomm-snapdragon-x-elite,grace2,https://github.com/qualcomm/ai-hub-models/blob/main/tutorials/llm/grace.md,on-device prompt eval set,Grace2,%,Grading Response Accuracy Evaluation: percentage score from grading generated responses to the Grace2 prompt set with a grader LLM.,0.0,100.0,10.0,True,100.0
hfnet,float,tflite,,,,8.091,0.3911,38.0,15.08,4.781,23.83,,,,,2026-10-05,main,qualcomm-snapdragon-8-elite-for-galaxy,,,,,,,,,,,
hfnet,float,qnn_dlc,,,,8.095,0.3911,38.0,15.08,4.781,23.83,,,,,2026-10-05,main,qualcomm-snapdragon-8-elite-for-galaxy,,,,,,,,,,,
hfnet,float,onnx,,,,8.091,0.3911,38.0,15.08,4.781,23.83,,,,,2026-10-05,main,qualcomm-snapdragon-8-elite-for-galaxy,,,,,,,,,,,
